race_id,driver_id,constructor_id,grid_position,finish_position,position_text,points,laps_completed,race_time,status,fastest_lap_number,fastest_lap_time,fastest_lap_speed
1,farina,alfa,1,1,1,9.0,70,2:13:23.600,Finished,,,
1,fagioli,alfa,2,2,2,6.0,70,+2.600,Finished,,,
1,reg_parnell,alfa,4,3,3,4.0,70,+52.000,Finished,,,
1,cabantous,lago,6,4,4,3.0,68,,+2 Laps,,,
1,rosier,lago,9,5,5,2.0,68,,+2 Laps,,,
1,gerard,era,13,6,6,0.0,67,,+3 Laps,,,
1,harrison,era,15,7,7,0.0,67,,+3 Laps,,,
1,etancelin,lago,14,8,8,0.0,65,,+5 Laps,,,
1,hampshire,maserati,16,9,9,0.0,64,,+6 Laps,,,
1,fry,maserati,20,10,10,0.0,64,,+6 Laps,,,
1,shawe_taylor,maserati,20,10,10,0.0,64,,+6 Laps,,,
1,claes,lago,21,11,11,0.0,64,,+6 Laps,,,
1,fangio,alfa,3,12,R,0.0,62,,Oil leak,,,
1,kelly,alta,19,13,R,0.0,57,,Not classified,,,
1,bira,maserati,5,14,R,0.0,49,,Out of fuel,,,
1,murray,maserati,18,15,R,0.0,44,,Engine,,,
1,crossley,alta,17,16,R,0.0,43,,Transmission,,,
1,graffenried,maserati,8,17,R,0.0,36,,Engine,,,
1,chiron,maserati,11,18,R,0.0,26,,Clutch,,,
1,martin,lago,7,19,R,0.0,8,,Oil pressure,,,
1,rolt,era,10,20,R,0.0,5,,Gearbox,,,
1,peter_walker,era,10,20,R,0.0,5,,Gearbox,,,
1,leslie_johnson,era,12,21,R,0.0,2,,Supercharger,,,
2,fangio,alfa,1,1,1,9.0,100,3:13:18.700,Finished,,,
2,ascari,ferrari,7,2,2,6.0,99,,+1 Lap,,,
2,chiron,maserati,8,3,3,4.0,98,,+2 Laps,,,
2,sommer,ferrari,9,4,4,3.0,97,,+3 Laps,,,
2,bira,maserati,15,5,5,2.0,95,,+5 Laps,,,
2,gerard,era,16,6,6,0.0,94,,+6 Laps,,,
2,claes,lago,19,7,7,0.0,94,,+6 Laps,,,
2,villoresi,ferrari,6,8,R,0.0,63,,Axle,,,
2,etancelin,lago,4,9,R,0.0,38,,Oil leak,,,
2,gonzalez,maserati,3,10,R,0.0,1,,Accident,,,
2,farina,alfa,2,11,R,0.0,0,,Accident,,,
2,fagioli,alfa,5,12,R,0.0,0,,Accident,,,
2,rosier,lago,10,13,R,0.0,0,,Accident,,,
2,manzon,simca,11,14,R,0.0,0,,Accident,,,
2,graffenried,maserati,12,15,R,0.0,0,,Accident,,,
2,trintignant,simca,13,16,R,0.0,0,,Accident,,,
2,harrison,era,14,17,R,0.0,0,,Accident,,,
2,rol,maserati,17,18,R,0.0,0,,Accident,,,
2,schell,cooper,20,19,R,0.0,0,,Collision,,,
2,whitehead,ferrari,21,20,W,0.0,0,,Engine,,,
2,pian,maserati,18,21,W,0.0,0,,Accident,,,
3,parsons,kurtis_kraft,5,1,1,9.0,138,2:46:55.970,Finished,,,
3,holland,deidt,10,2,2,6.0,137,,+1 Lap,,,
3,rose,deidt,3,3,3,4.0,137,,+1 Lap,,,
3,green,kurtis_kraft,12,4,4,3.0,137,,+1 Lap,,,
3,bettenhausen,kurtis_kraft,9,5,5,1.0,136,,+2 Laps,,,
3,chitwood,kurtis_kraft,9,5,5,1.0,136,,+2 Laps,,,
3,wallard,moore,23,6,6,0.0,136,,+2 Laps,,,
3,faulkner,kurtis_kraft,1,7,7,0.0,135,,+3 Laps,,,
3,george_connor,lesovsky,4,8,8,0.0,135,,+3 Laps,,,
3,paul_russo,nichels,19,9,9,0.0,135,,+3 Laps,,,
3,flaherty,kurtis_kraft,11,10,10,0.0,135,,+3 Laps,,,
3,fohr,marchese,16,11,11,0.0,133,,+5 Laps,,,
3,darter,stevens,13,12,12,0.0,133,,+5 Laps,,,
3,hellings,kurtis_kraft,26,13,13,0.0,132,,+6 Laps,,,
3,mcgrath,kurtis_kraft,6,14,14,0.0,131,,Spun off,,,
3,ruttman,lesovsky,24,15,15,0.0,130,,+8 Laps,,,
3,hartley,langley,31,16,16,0.0,128,,+10 Laps,,,
3,davies,ewing,27,17,17,0.0,128,,+10 Laps,,,
3,mcdowell,kurtis_kraft,33,18,18,0.0,128,,+10 Laps,,,
3,walt_brown,kurtis_kraft,20,19,19,0.0,127,,+11 Laps,,,
3,webb,maserati,14,20,20,0.0,126,,+12 Laps,,,
3,hoyt,kurtis_kraft,15,21,21,0.0,125,,+13 Laps,,,
3,ader,rae,29,22,22,0.0,123,,+15 Laps,,,
3,holmes,olson,30,23,23,0.0,123,,Spun off,,,
3,rathmann,wetteroth,28,24,24,0.0,122,,+16 Laps,,,
3,banks,maserati,21,25,R,0.0,112,,Oil line,,,
3,schindler,snowberger,22,26,R,0.0,111,,Transmission,,,
3,levrett,adams,17,27,R,0.0,108,,Oil pressure,,,
3,cantrell,adams,17,27,R,0.0,108,,Oil pressure,,,
3,agabashian,kurtis_kraft,2,28,R,0.0,64,,Oil leak,,,
3,jackson,kurtis_kraft,32,29,R,0.0,52,,Supercharger,,,
3,hanks,kurtis_kraft,25,30,R,0.0,42,,Oil pressure,,,
3,dick_rathmann,watson,18,32,R,0.0,25,,Stalled,,,
3,dinsmore,kurtis_kraft,7,33,R,0.0,10,,Oil leak,,,
4,farina,alfa,2,1,1,9.0,42,2:02:53.700,Finished,,,
4,fagioli,alfa,3,2,2,6.0,42,+0.400,Finished,,,
4,rosier,lago,10,3,3,4.0,41,,+1 Lap,,,
4,bira,maserati,8,4,4,3.0,40,,+2 Laps,,,
4,bonetto,maserati,12,5,5,2.0,40,,+2 Laps,,,
4,graffenried,maserati,11,6,6,0.0,40,,+2 Laps,,,
4,pagani,maserati,15,7,7,0.0,39,,+3 Laps,,,
4,schell,lago,18,8,8,0.0,39,,+3 Laps,,,
4,chiron,maserati,16,9,9,0.0,39,,+3 Laps,,,
4,claes,lago,14,10,10,0.0,38,,+4 Laps,,,
4,branca,maserati,17,11,11,0.0,35,,+7 Laps,,,
4,fangio,alfa,1,12,R,0.0,32,,Engine,,,
4,etancelin,lago,6,13,R,0.0,25,,Gearbox,,,
4,martin,lago,9,14,R,0.0,19,,Accident,,,
4,sommer,ferrari,13,15,R,0.0,19,,Suspension,,,
4,villoresi,ferrari,4,16,R,0.0,9,,Engine,,,
4,ascari,ferrari,5,17,R,0.0,4,,Oil pump,,,
4,cabantous,lago,7,18,R,0.0,0,,Accident,,,
5,fangio,alfa,2,1,1,8.0,35,2:47,Finished,,,
5,fagioli,alfa,3,2,2,6.0,35,+14.000,Finished,,,
5,rosier,lago,8,3,3,4.0,35,+2:19.000,Finished,,,
5,farina,alfa,1,4,4,4.0,35,+4:05.000,Finished,,,
5,ascari,ferrari,7,5,5,2.0,34,,+1 Lap,,,
5,villoresi,ferrari,4,6,6,0.0,33,,+2 Laps,,,
5,levegh,lago,10,7,7,0.0,33,,+2 Laps,,,
5,claes,lago,14,8,8,0.0,22,,+3 Laps,,,
5,crossley,alta,12,9,9,0.0,30,,+5 Laps,,,
5,branca,maserati,11,10,10,0.0,29,,+6 Laps,,,
5,chaboud,lago,13,11,R,0.0,22,,Oil pipe,,,
5,sommer,lago,5,12,R,0.0,20,,Oil pressure,,,
5,etancelin,lago,6,13,R,0.0,15,,Overheating,,,
5,cabantous,lago,9,14,R,0.0,2,,Oil pipe,,,
6,fangio,alfa,1,1,1,9.0,64,2:57:52.800,Finished,,,
6,fagioli,alfa,3,2,2,6.0,64,+25.700,Finished,,,
6,whitehead,ferrari,18,3,3,4.0,61,,+3 Laps,,,
6,manzon,simca,12,4,4,3.0,61,,+3 Laps,,,
6,etancelin,lago,4,5,5,1.0,59,,+5 Laps,,,
6,chaboud,lago,4,5,5,1.0,59,,+5 Laps,,,
6,rosier,lago,15,6,6,0.0,56,,+8 Laps,,,
6,pozzi,lago,15,6,6,0.0,56,,+8 Laps,,,
6,farina,alfa,2,7,7,0.0,55,,Fuel pump,,,
6,cabantous,lago,5,8,8,0.0,52,,+12 Laps,,,
6,levegh,lago,9,9,R,0.0,36,,Engine,,,
6,bonetto,maserati,10,10,R,0.0,14,,Engine,,,
6,claes,lago,14,11,R,0.0,11,,Overheating,,,
6,reg_parnell,maserati,11,13,R,0.0,9,,Engine,,,
6,rol,maserati,7,14,R,0.0,6,,Engine,,,
6,chiron,maserati,13,15,R,0.0,6,,Engine,,,
6,hampshire,maserati,17,16,R,0.0,5,,Engine,,,
6,sommer,lago,16,17,R,0.0,4,,Overheating,,,
6,gonzalez,maserati,8,18,R,0.0,3,,Engine,,,
7,farina,alfa,3,1,1,8.0,80,2:51:17.400,Finished,,,
7,serafini,ferrari,6,2,2,3.0,80,+1:18.600,Finished,,,
7,ascari,ferrari,6,2,2,3.0,80,,Finished,,,
7,fagioli,alfa,5,3,3,4.0,80,+1:35.600,Finished,,,
7,rosier,lago,13,4,4,3.0,75,,+5 Laps,,,
7,etancelin,lago,16,5,5,2.0,75,,+5 Laps,,,
7,graffenried,maserati,17,6,6,0.0,72,,+8 Laps,,,
7,whitehead,ferrari,18,7,7,0.0,72,,+8 Laps,,,
7,murray,maserati,24,8,R,0.0,56,,Gearbox,,,
7,harrison,era,21,9,R,0.0,51,,Radiator,,,
7,sommer,lago,8,10,R,0.0,48,,Gearbox,,,
7,guy_mairesse,lago,11,11,R,0.0,42,,Oil pipe,,,
7,rol,maserati,9,12,R,0.0,39,,Retired,,,
7,fangio,alfa,7,13,R,0.0,34,,Engine,,,
7,taruffi,alfa,7,13,R,0.0,34,,Engine,,,
7,levegh,lago,20,14,R,0.0,29,,Gearbox,,,
7,claes,lago,22,16,R,0.0,22,,Overheating,,,
7,biondetti,ferrari,25,18,R,0.0,17,,Engine,,,
7,louveau,lago,16,19,R,0.0,16,,Brakes,,,
7,comotti,maserati,26,20,R,0.0,15,,Retired,,,
7,trintignant,simca,12,21,R,0.0,13,,Water pipe,,,
7,chiron,maserati,19,22,R,0.0,13,,Oil pressure,,,
7,sanesi,alfa,4,23,R,0.0,11,,Engine,,,
7,manzon,simca,10,24,R,0.0,7,,Transmission,,,
7,bira,maserati,15,25,R,0.0,1,,Engine,,,
7,pietsch,maserati,27,26,R,0.0,0,,Engine,,,
7,bonetto,milano,23,27,W,0.0,0,,Withdrew,,,
8,fangio,alfa,1,1,1,9.0,42,2:07:53.640,Finished,,,
8,taruffi,ferrari,6,2,2,6.0,42,+55.240,Finished,,,
8,farina,alfa,2,3,3,4.0,42,+1:19.310,Finished,,,
8,sanesi,alfa,4,4,4,3.0,41,,+1 Lap,,,
8,graffenried,alfa,5,5,5,2.0,40,,+2 Laps,,,
8,ascari,ferrari,7,6,6,0.0,40,,+2 Laps,,,
8,chiron,maserati,19,7,7,0.0,40,,+2 Laps,,,
8,moss,hwm,14,8,8,0.0,40,,+2 Laps,,,
8,rosier,lago,8,9,9,0.0,39,,+3 Laps,,,
8,etancelin,lago,12,10,10,0.0,39,,+3 Laps,,,
8,fischer,ferrari,10,11,11,0.0,39,,+3 Laps,,,
8,schell,maserati,17,12,12,0.0,38,,+4 Laps,,,
8,claes,lago,18,13,13,0.0,35,,+7 Laps,,,
8,guy_mairesse,lago,21,14,14,0.0,31,,+11 Laps,,,
8,whitehead,ferrari,9,15,R,0.0,36,,Accident,,,
8,louveau,lago,11,16,R,0.0,30,,Accident,,,
8,abecassis,hwm,20,17,R,0.0,23,,Magneto,,,
8,cabantous,lago,15,18,R,0.0,14,,Ignition,,,
8,villoresi,ferrari,3,19,R,0.0,12,,Accident,,,
8,gonzalez,lago,13,20,R,0.0,10,,Oil pump,,,
8,hirt,veritas,16,21,R,0.0,0,,Fuel system,,,
9,wallard,kurtis_kraft,2,1,1,9.0,200,3:57:38.050,Finished,,,
9,nazaruk,kurtis_kraft,7,2,2,6.0,200,+1:47.240,Finished,,,
9,mcgrath,kurtis_kraft,3,3,3,2.0,200,+2:51.390,Finished,,,
9,ayulo,kurtis_kraft,3,3,3,2.0,200,+2:51.390,Finished,,,
9,linden,sherman,31,4,4,3.0,200,+4:40.120,Finished,,,
9,ball,schroeder,29,5,5,2.0,200,+4:52.230,Finished,,,
9,banks,moore,17,6,6,0.0,200,+5:40.020,Finished,,,
9,forberg,kurtis_kraft,24,7,7,0.0,193,,+7 Laps,,,
9,darter,deidt,4,8,8,0.0,180,,+20 Laps,,,
9,bettenhausen,deidt,9,9,R,0.0,178,,Spun off,,,
9,nalon,kurtis_kraft,1,10,R,0.0,151,,Retired,,,
9,force,kurtis_kraft,22,11,R,0.0,142,,Engine,,,
9,hanks,kurtis_kraft,12,12,R,0.0,135,,Engine,,,
9,schindler,kurtis_kraft,16,13,R,0.0,129,,Engine,,,
9,rose,deidt,5,14,R,0.0,126,,Accident,,,
9,faulkner,kuzma,14,15,R,0.0,123,,Engine,,,
9,davies,pawl,27,16,R,0.0,110,,Axle,,,
9,agabashian,kurtis_kraft,11,17,R,0.0,109,,Clutch,,,
9,scarborough,kurtis_kraft,15,18,R,0.0,93,,Heat shield fire,,,
9,mackey,hall,33,19,R,0.0,97,,Clutch,,,
9,stevenson,marchese,19,20,R,0.0,93,,Heat shield fire,,,
9,parsons,kurtis_kraft,8,21,R,0.0,87,,Magneto,,,
9,green,kurtis_kraft,10,22,R,0.0,80,,Engine,,,
9,ruttman,kurtis_kraft,6,23,R,0.0,78,,Engine,,,
9,dinsmore,schroeder,32,24,R,0.0,73,,Overheating,,,
9,miller,kurtis_kraft,28,25,R,0.0,56,,Ignition,,,
9,walt_brown,kurtis_kraft,13,26,R,0.0,55,,Magneto,,,
9,ward,bromme,25,27,R,0.0,34,,Oil pipe,,,
9,griffith,kurtis_kraft,18,28,R,0.0,30,,Axle,,,
9,vukovich,trevis,20,29,R,0.0,29,,Oil leak,,,
9,george_connor,lesovsky,21,30,R,0.0,29,,Transmission,,,
9,hellings,deidt,23,31,R,0.0,18,,Engine,,,
9,mcdowell,maserati,26,32,R,0.0,15,,Fuel leak,,,
9,james,watson,30,33,R,0.0,8,,Transmission,,,
10,farina,alfa,2,1,1,8.0,36,2:45:46.200,Finished,,,
10,ascari,ferrari,4,2,2,6.0,36,+2:51.000,Finished,,,
10,villoresi,ferrari,3,3,3,4.0,36,+4:21.900,Finished,,,
10,rosier,lago,7,4,4,3.0,34,,+2 Laps,,,
10,cabantous,lago,8,5,5,2.0,34,,+2 Laps,,,
10,andre_pilette,lago,12,6,6,0.0,33,,+3 Laps,,,
10,claes,lago,11,7,7,0.0,33,,+3 Laps,,,
10,levegh,lago,13,8,8,0.0,32,,+4 Laps,,,
10,fangio,alfa,1,9,9,1.0,32,,+4 Laps,,,
10,chiron,lago,9,10,R,0.0,28,,Engine,,,
10,sanesi,alfa,6,11,R,0.0,11,,Radiator,,,
10,taruffi,ferrari,5,12,R,0.0,8,,Transmission,,,
10,etancelin,lago,10,13,R,0.0,0,,Transmission,,,
11,fangio,alfa,7,1,1,5.0,77,3:22,Finished,,,
11,fagioli,alfa,7,1,1,4.0,77,3:22,Finished,,,
11,gonzalez,ferrari,6,2,2,3.0,77,+58.200,Finished,,,
11,ascari,ferrari,6,2,2,3.0,77,+58.200,Finished,,,
11,villoresi,ferrari,4,3,3,4.0,74,,+3 Laps,,,
11,reg_parnell,ferrari,9,4,4,3.0,73,,+4 Laps,,,
11,farina,alfa,2,5,5,2.0,73,,+4 Laps,,,
11,chiron,lago,8,6,6,0.0,71,,+6 Laps,,,
11,cabantous,lago,11,7,7,0.0,71,,+6 Laps,,,
11,chaboud,lago,14,8,8,0.0,69,,+8 Laps,,,
11,guy_mairesse,lago,19,9,9,0.0,66,,+11 Laps,,,
11,sanesi,alfa,5,10,10,0.0,58,,+19 Laps,,,
11,claes,lago,12,12,R,0.0,54,,Accident,,,
11,rosier,lago,13,13,R,0.0,43,,Transmission,,,
11,etancelin,lago,10,14,R,0.0,37,,Engine,,,
11,gordini,simca,17,15,R,0.0,27,,Engine,,,
11,schell,maserati,22,16,R,0.0,23,,Overheating,,,
11,trintignant,simca,18,17,R,0.0,11,,Engine,,,
11,simon,simca,21,19,R,0.0,7,,Engine,,,
11,manzon,simca,23,20,R,0.0,3,,Engine,,,
11,marimon,maserati,15,21,R,0.0,2,,Engine,,,
11,graffenried,maserati,16,22,R,0.0,1,,Transmission,,,
11,whitehead,ferrari,20,23,R,0.0,1,,Engine,,,
12,gonzalez,ferrari,1,1,1,8.0,90,2:42:18.200,Finished,,,
12,fangio,alfa,2,2,2,6.0,90,+51.000,Finished,,,
12,villoresi,ferrari,5,3,3,4.0,88,,+2 Laps,,,
12,bonetto,alfa,7,4,4,3.0,87,,+3 Laps,,,
12,reg_parnell,brm,20,5,5,2.0,85,,+5 Laps,,,
12,sanesi,alfa,6,6,6,0.0,84,,+6 Laps,,,
12,peter_walker,brm,19,7,7,0.0,84,,+6 Laps,,,
12,shawe_taylor,era,12,8,8,0.0,84,,+6 Laps,,,
12,whitehead,ferrari,8,9,9,0.0,83,,+7 Laps,,,
12,rosier,lago,9,10,10,0.0,83,,+7 Laps,,,
12,gerard,era,10,11,11,0.0,82,,+8 Laps,,,
12,duncan_hamilton,lago,11,12,12,0.0,81,,+9 Laps,,,
12,claes,lago,14,13,13,0.0,80,,+10 Laps,,,
12,farina,alfa,3,14,R,1.0,75,,Clutch,,,
12,kelly,alta,18,15,R,0.0,75,,Not classified,,,
12,ascari,ferrari,4,16,R,0.0,56,,Gearbox,,,
12,parker,maserati,16,17,R,0.0,46,,Oil leak,,,
12,murray,maserati,15,18,R,0.0,45,,Engine,,,
12,chiron,lago,13,19,R,0.0,41,,Brakes,,,
12,john_james,maserati,17,20,R,0.0,23,,Radiator,,,
13,ascari,ferrari,1,1,1,8.0,20,3:23:03.300,Finished,,,
13,fangio,alfa,3,2,2,7.0,20,+30.500,Finished,,,
13,gonzalez,ferrari,2,3,3,4.0,20,+4:39.000,Finished,,,
13,villoresi,ferrari,5,4,4,3.0,20,+5:50.200,Finished,,,
13,taruffi,ferrari,6,5,5,2.0,20,+7:49.100,Finished,,,
13,fischer,ferrari,8,6,6,0.0,19,,+1 Lap,,,
13,manzon,simca,9,7,7,0.0,19,,+1 Lap,,,
13,rosier,lago,15,8,8,0.0,19,,+1 Lap,,,
13,levegh,lago,19,9,9,0.0,18,,+2 Laps,,,
13,swaters,lago,22,10,10,0.0,18,,+2 Laps,,,
13,claes,lago,18,11,11,0.0,17,,+3 Laps,,,
13,cabantous,lago,11,12,R,0.0,17,,Accident,,,
13,trintignant,simca,14,13,R,0.0,13,,Engine,,,
13,bonetto,alfa,10,14,R,0.0,12,,Magneto,,,
13,duncan_hamilton,lago,20,15,R,0.0,12,,Oil pressure,,,
13,pietsch,alfa,7,16,R,0.0,11,,Accident,,,
13,simon,simca,12,17,R,0.0,11,,Engine,,,
13,farina,alfa,4,18,R,0.0,8,,Overheating,,,
13,etancelin,lago,21,19,R,0.0,4,,Gearbox,,,
13,chiron,lago,13,20,R,0.0,3,,Ignition,,,
13,branca,maserati,17,21,R,0.0,3,,Engine,,,
13,graffenried,maserati,16,22,R,0.0,2,,Engine,,,
14,ascari,ferrari,3,1,1,8.0,80,2:42:39.300,Finished,,,
14,gonzalez,ferrari,4,2,2,6.0,80,+24.600,Finished,,,
14,bonetto,alfa,7,3,3,2.0,79,,+1 Lap,,,
14,farina,alfa,7,3,3,3.0,79,,+1 Lap,,,
14,villoresi,ferrari,5,4,4,3.0,79,,+1 Lap,,,
14,taruffi,ferrari,6,5,5,2.0,78,,+2 Laps,,,
14,simon,simca,11,6,6,0.0,74,,+6 Laps,,,
14,rosier,lago,15,7,7,0.0,73,,+7 Laps,,,
14,cabantous,lago,14,8,8,0.0,72,,+8 Laps,,,
14,rol,osca,18,9,9,0.0,67,,+13 Laps,,,
14,fangio,alfa,1,10,R,0.0,39,,Engine,,,
14,trintignant,simca,12,11,R,0.0,29,,Engine,,,
14,manzon,simca,13,12,R,0.0,29,,Engine,,,
14,chiron,lago,17,13,R,0.0,23,,Ignition,,,
14,levegh,lago,20,14,R,0.0,9,,Engine,,,
14,swaters,lago,22,15,R,0.0,7,,Overheating,,,
14,claes,lago,21,17,R,0.0,4,,Oil pump,,,
14,graffenried,alfa,9,18,R,0.0,1,,Supercharger,,,
14,whitehead,ferrari,19,19,R,0.0,1,,Magneto,,,
14,landi,ferrari,16,20,R,0.0,0,,Transmission,,,
14,reg_parnell,brm,8,21,W,0.0,0,,Withdrew,,,
14,richardson,brm,10,22,W,0.0,0,,Withdrew,,,
15,fangio,alfa,2,1,1,9.0,70,2:46:54.100,Finished,,,
15,gonzalez,ferrari,3,2,2,6.0,70,+54.280,Finished,,,
15,farina,alfa,4,3,3,4.0,70,+1:45.540,Finished,,,
15,ascari,ferrari,1,4,4,3.0,68,,+2 Laps,,,
15,bonetto,alfa,8,5,5,2.0,68,,+2 Laps,,,
15,graffenried,alfa,6,6,6,0.0,66,,+4 Laps,,,
15,rosier,lago,20,7,7,0.0,64,,+6 Laps,,,
15,etancelin,lago,13,8,8,0.0,63,,+7 Laps,,,
15,manzon,simca,9,9,9,0.0,63,,+7 Laps,,,
15,godia,maserati,17,10,10,0.0,60,,+10 Laps,,,
15,villoresi,ferrari,5,11,R,0.0,48,,Ignition,,,
15,simon,simca,10,12,R,0.0,48,,Engine,,,
15,claes,lago,15,13,R,0.0,37,,Accident,,,
15,taruffi,ferrari,7,14,R,0.0,30,,Wheel,,,
15,trintignant,simca,11,15,R,0.0,25,,Engine,,,
15,grignard,lago,16,16,R,0.0,23,,Engine,,,
15,cabantous,lago,14,17,R,0.0,7,,Accident,,,
15,chiron,lago,12,18,R,0.0,4,,Ignition,,,
15,bira,maserati,19,19,R,0.0,1,,Engine,,,
15,jover,maserati,18,20,W,0.0,0,,Engine,,,
16,taruffi,ferrari,2,1,1,9.0,62,3:01:46.100,Finished,,,
16,fischer,ferrari,5,2,2,6.0,62,+2:37.200,Finished,,,
16,behra,gordini,7,3,3,4.0,61,,+1 Lap,,,
16,wharton,frazer_nash,13,4,4,3.0,60,,+2 Laps,,,
16,alan_brown,cooper,15,5,5,2.0,59,,+3 Laps,,,
16,graffenried,maserati,8,6,6,0.0,58,,+4 Laps,,,
16,hirt,ferrari,19,7,7,0.0,56,,+6 Laps,,,
16,brandon,cooper,17,8,8,0.0,55,,+7 Laps,,,
16,bira,simca,11,9,R,0.0,52,,Engine,,,
16,farina,ferrari,4,10,R,0.0,51,,Magneto,,,
16,simon,ferrari,4,10,R,0.0,51,,Magneto,,,
16,schell,maserati,18,11,R,0.0,31,,Engine,,,
16,moss,hwm,9,12,W,0.0,24,,Withdrew,,,
16,macklin,hwm,12,13,W,0.0,24,,Withdrew,,,
16,manzon,gordini,3,14,R,0.0,20,,Radiator,,,
16,collins,hwm,6,16,R,0.0,12,,Halfshaft,,,
16,abecassis,hwm,10,17,R,0.0,12,,Halfshaft,,,
16,hans_stuck,afm,14,18,R,0.0,4,,Engine,,,
16,ulmen,veritas,16,19,R,0.0,4,,Fuel leak,,,
16,rosier,ferrari,20,20,R,0.0,2,,Accident,,,
16,terra,simca,21,21,R,0.0,1,,Magneto,,,
17,ruttman,kuzma,7,1,1,8.0,200,3:52:41.880,Finished,,,
17,rathmann,kurtis_kraft,10,2,2,6.0,200,+4:02.330,Finished,,,
17,hanks,kurtis_kraft,5,3,3,4.0,200,+6:11.610,Finished,,,
17,darter,lesovsky,6,4,4,3.0,200,+6:48.340,Finished,,,
17,cross,kurtis_kraft,20,5,5,2.0,200,+8:40.150,Finished,,,
17,bryan,kurtis_kraft,21,6,6,0.0,200,+9:24.320,Finished,,,
17,reece,kurtis_kraft,23,7,7,0.0,200,+10:35.240,Finished,,,
17,george_connor,kurtis_kraft,14,8,8,0.0,200,+12:00.610,Finished,,,
17,griffith,kurtis_kraft,9,9,9,0.0,200,+12:23.760,Finished,,,
17,parsons,kurtis_kraft,31,10,10,0.0,200,+13:37.780,Finished,,,
17,mcgrath,kurtis_kraft,3,11,11,0.0,200,+14:21.720,Finished,,,
17,rigsby,watson,26,12,12,0.0,200,+16:05.100,Finished,,,
17,james,kurtis_kraft,16,13,13,0.0,200,+16:55.650,Finished,,,
17,schindler,stevens,15,14,14,0.0,200,+18:48.660,Finished,,,
17,fonder,sherman,13,15,15,0.0,197,,+3 Laps,,,
17,johnson,trevis,24,16,16,0.0,193,,+7 Laps,,,
17,vukovich,kurtis_kraft,8,17,17,1.0,191,,Steering,,,
17,stevenson,kurtis_kraft,11,18,18,0.0,187,,+13 Laps,,,
17,banks,lesovsky,12,19,19,0.0,184,,+16 Laps,,,
17,ayulo,lesovsky,28,20,20,0.0,184,,+16 Laps,,,
17,mcdowell,kurtis_kraft,33,21,21,0.0,182,,+18 Laps,,,
17,webb,bromme,29,22,R,0.0,162,,Oil leak,,,
17,ward,kurtis_kraft,22,23,R,0.0,130,,Oil pressure,,,
17,bettenhausen,deidt,30,24,R,0.0,93,,Oil pressure,,,
17,nalon,kurtis_kraft,4,25,R,0.0,84,,Supercharger,,,
17,sweikert,kurtis_kraft,32,26,R,0.0,77,,Differential,,,
17,agabashian,kurtis_kraft,1,27,R,0.0,71,,Turbo,,,
17,hartley,kurtis_kraft,18,28,R,0.0,65,,Exhaust,,,
17,bob_scott,kurtis_kraft,25,29,R,0.0,49,,Transmission,,,
17,miller,kurtis_kraft,27,30,R,0.0,41,,Supercharger,,,
17,ascari,ferrari,19,31,R,0.0,40,,Wheel,,,
17,ball,stevens,17,32,R,0.0,34,,Gearbox,,,
17,linden,kurtis_kraft,2,33,R,0.0,20,,Oil pump,,,
18,ascari,ferrari,1,1,1,9.0,36,3:03:46.300,Finished,,,
18,farina,ferrari,2,2,2,6.0,36,+1:55.200,Finished,,,
18,manzon,gordini,4,3,3,4.0,36,+4:28.400,Finished,,,
18,hawthorn,cooper,6,4,4,3.0,35,,+1 Lap,,,
18,frere,hwm,8,5,5,2.0,34,,+2 Laps,,,
18,alan_brown,cooper,9,6,6,0.0,34,,+2 Laps,,,
18,tornaco,ferrari,13,7,7,0.0,33,,+3 Laps,,,
18,claes,gordini,19,8,8,0.0,33,,+3 Laps,,,
18,brandon,cooper,12,9,9,0.0,33,,+3 Laps,,,
18,bira,simca,18,10,10,0.0,32,,+4 Laps,,,
18,macklin,hwm,14,11,11,0.0,32,,+4 Laps,,,
18,laurent,hwm,20,12,12,0.0,32,,+4 Laps,,,
18,legat,veritas,21,13,13,0.0,31,,+5 Laps,,,
18,obrien,simca,22,14,14,0.0,30,,+6 Laps,,,
18,gaze,hwm,16,15,15,0.0,30,,+6 Laps,,,
18,charrington,butterworth,15,16,R,0.0,17,,Engine,,,
18,taruffi,ferrari,3,17,R,0.0,13,,Accident,,,
18,behra,gordini,5,18,R,0.0,13,,Accident,,,
18,wharton,frazer_nash,7,19,R,0.0,10,,Spun off,,,
18,rosier,ferrari,17,20,R,0.0,6,,Transmission,,,
18,collins,hwm,11,21,R,0.0,3,,Halfshaft,,,
18,moss,era,10,22,R,0.0,0,,Engine,,,
19,ascari,ferrari,1,1,1,9.0,77,3:00,Finished,,,
19,farina,ferrari,2,2,2,6.0,76,,+1 Lap,,,
19,taruffi,ferrari,3,3,3,4.0,75,,+2 Laps,,,
19,manzon,gordini,5,4,4,3.0,74,,+3 Laps,,,
19,trintignant,simca,6,5,5,2.0,72,,+5 Laps,,,
19,collins,hwm,8,6,6,0.0,70,,+7 Laps,,,
19,behra,gordini,4,7,7,0.0,70,,+7 Laps,,,
19,etancelin,maserati,18,8,8,0.0,70,,+7 Laps,,,
19,macklin,hwm,14,9,9,0.0,70,,+7 Laps,,,
19,cabantous,hwm,10,10,10,0.0,68,,+9 Laps,,,
19,hirt,ferrari,17,11,11,0.0,66,,+11 Laps,,,
19,fischer,ferrari,17,11,11,0.0,66,,+11 Laps,,,
19,comotti,ferrari,16,12,12,0.0,63,,+14 Laps,,,
19,bira,gordini,7,13,R,0.0,56,,Axle,,,
19,hawthorn,cooper,15,14,R,0.0,51,,Ignition,,,
19,graffenried,maserati,12,15,R,0.0,34,,Brakes,,,
19,schell,maserati,12,15,R,0.0,34,,Brakes,,,
19,whitehead,alta,13,16,R,0.0,17,,Clutch,,,
19,rosier,ferrari,9,17,R,0.0,17,,Engine,,,
19,claes,simca,20,18,R,0.0,15,,Engine,,,
19,carini,ferrari,19,20,R,0.0,2,,Engine,,,
20,ascari,ferrari,2,1,1,9.0,85,2:46,Finished,,,
20,taruffi,ferrari,3,2,2,6.0,84,,+1 Lap,,,
20,hawthorn,cooper,7,3,3,4.0,83,,+2 Laps,,,
20,poore,connaught,8,4,4,3.0,83,,+2 Laps,,,
20,thompson,connaught,9,5,5,2.0,82,,+3 Laps,,,
20,farina,ferrari,1,6,6,0.0,82,,+3 Laps,,,
20,reg_parnell,cooper,6,7,7,0.0,82,,+3 Laps,,,
20,salvadori,ferrari,19,8,8,0.0,82,,+3 Laps,,,
20,downing,connaught,5,9,9,0.0,82,,+3 Laps,,,
20,whitehead,ferrari,20,10,10,0.0,81,,+4 Laps,,,
20,bira,gordini,10,11,11,0.0,81,,+4 Laps,,,
20,graham_whitehead,alta,12,12,12,0.0,80,,+5 Laps,,,
20,fischer,ferrari,15,13,13,0.0,80,,+5 Laps,,,
20,claes,simca,23,14,14,0.0,79,,+6 Laps,,,
20,macklin,hwm,29,15,15,0.0,79,,+6 Laps,,,
20,mcalpine,connaught,17,16,16,0.0,79,,+6 Laps,,,
20,schell,maserati,32,17,17,0.0,78,,+7 Laps,,,
20,bianco,maserati,28,18,18,0.0,77,,+8 Laps,,,
20,graffenried,maserati,31,19,19,0.0,76,,+9 Laps,,,
20,brandon,cooper,18,20,20,0.0,76,,+9 Laps,,,
20,crook,frazer_nash,25,21,21,0.0,75,,+10 Laps,,,
20,alan_brown,cooper,13,22,22,0.0,69,,+16 Laps,,,
20,collins,hwm,14,23,R,0.0,73,,Ignition,,,
20,duncan_hamilton,hwm,11,24,R,0.0,44,,Engine,,,
20,moss,era,16,25,R,0.0,36,,Engine,,,
20,trintignant,gordini,21,26,R,0.0,21,,Gearbox,,,
20,gaze,hwm,26,27,R,0.0,19,,Engine,,,
20,murray,cooper,22,28,R,0.0,14,,Engine,,,
20,manzon,gordini,4,29,R,0.0,9,,Clutch,,,
20,hirt,ferrari,24,30,R,0.0,3,,Brakes,,,
20,cantoni,maserati,27,31,R,0.0,0,,Brakes,,,
20,aston,butterworth,0,32,W,0.0,0,,Withdrew,,,
21,ascari,ferrari,1,1,1,9.0,18,3:06:13.300,Finished,,,
21,farina,ferrari,2,2,2,6.0,18,+14.100,Finished,,,
21,fischer,ferrari,6,3,3,4.0,18,+7:10.100,Finished,,,
21,taruffi,ferrari,5,4,4,3.0,17,,+1 Lap,,,
21,behra,gordini,11,5,5,2.0,17,,+1 Lap,,,
21,laurent,ferrari,17,6,6,0.0,16,,+2 Laps,,,
21,riess,veritas,12,7,7,0.0,16,,+2 Laps,,,
21,ulmen,veritas,15,8,8,0.0,16,,+2 Laps,,,
21,niedermayr,afm,22,9,9,0.0,15,,+3 Laps,,,
21,claes,hwm,32,10,10,0.0,15,,+3 Laps,,,
21,klenk,veritas,8,11,11,0.0,14,,+4 Laps,,,
21,klodwig,bmw,29,12,12,0.0,14,,+4 Laps,,,
21,manzon,gordini,4,13,R,0.0,8,,Accident,,,
21,heeks,afm,9,14,R,0.0,7,,Retired,,,
21,gaze,hwm,14,15,R,0.0,6,,Gearbox,,,
21,brudes,veritas,19,16,R,0.0,5,,Engine,,,
21,balsa,bmw,25,17,R,0.0,5,,Retired,,,
21,bechem,bmw,30,18,R,0.0,5,,Ignition,,,
21,cantoni,maserati,26,19,R,0.0,4,,Axle,,,
21,krause,bmw,23,20,R,0.0,3,,Retired,,,
21,schoeller,ferrari,24,21,R,0.0,3,,Suspension,,,
21,aston,butterworth,21,22,R,0.0,2,,Oil pressure,,,
21,trintignant,gordini,3,23,R,0.0,1,,Accident,,,
21,pietsch,veritas,7,24,R,0.0,1,,Gearbox,,,
21,bonetto,maserati,10,25,D,0.0,1,,Disqualified,,,
21,frere,hwm,13,26,R,0.0,1,,Gearbox,,,
21,helfrich,veritas,18,27,R,0.0,1,,Retired,,,
21,peters,veritas,20,28,R,0.0,1,,Retired,,,
21,carini,ferrari,27,29,R,0.0,1,,Brakes,,,
21,bianco,maserati,16,30,R,0.0,0,,Retired,,,
22,ascari,ferrari,1,1,1,9.0,90,2:53:28.500,Finished,,,
22,farina,ferrari,2,2,2,6.0,90,+40.100,Finished,,,
22,villoresi,ferrari,4,3,3,4.0,90,+1:34.400,Finished,,,
22,hawthorn,cooper,3,4,4,3.0,88,,+2 Laps,,,
22,manzon,gordini,6,5,5,2.0,87,,+3 Laps,,,
22,trintignant,gordini,5,6,6,0.0,87,,+3 Laps,,,
22,duncan_hamilton,hwm,10,7,7,0.0,85,,+5 Laps,,,
22,macklin,hwm,9,8,8,0.0,84,,+6 Laps,,,
22,landi,maserati,16,9,9,0.0,83,,+7 Laps,,,
22,flinterman,maserati,16,9,9,0.0,83,,+7 Laps,,,
22,wharton,frazer_nash,7,10,R,0.0,76,,Wheel bearing,,,
22,moss,era,18,11,R,0.0,73,,Engine,,,
22,lof,hwm,14,12,R,0.0,70,,Not classified,,,
22,downing,connaught,13,13,R,0.0,27,,Oil pressure,,,
22,tornaco,ferrari,17,14,R,0.0,19,,Engine,,,
22,frere,simca,11,15,R,0.0,15,,Clutch,,,
22,behra,gordini,6,16,R,0.0,10,,Electrical,,,
22,bianco,maserati,12,18,R,0.0,4,,Axle,,,
23,ascari,ferrari,1,1,1,8.5,80,2:50:45.600,Finished,,,
23,gonzalez,maserati,5,2,2,6.5,80,+1:01.800,Finished,,,
23,villoresi,ferrari,2,3,3,4.0,80,+2:04.200,Finished,,,
23,farina,ferrari,3,4,4,3.0,80,+2:11.400,Finished,,,
23,bonetto,maserati,13,5,5,2.0,79,,+1 Lap,,,
23,simon,ferrari,8,6,6,0.0,79,,+1 Lap,,,
23,taruffi,ferrari,6,7,7,0.0,77,,+3 Laps,,,
23,landi,maserati,18,8,8,0.0,76,,+4 Laps,,,
23,wharton,cooper,15,9,9,0.0,76,,+4 Laps,,,
23,rosier,ferrari,17,10,10,0.0,75,,+5 Laps,,,
23,cantoni,maserati,23,11,11,0.0,75,,+5 Laps,,,
23,poore,connaught,19,12,12,0.0,74,,+6 Laps,,,
23,brandon,cooper,20,13,13,0.0,73,,+7 Laps,,,
23,manzon,gordini,7,14,14,0.0,71,,+9 Laps,,,
23,alan_brown,cooper,12,15,15,0.0,68,,+12 Laps,,,
23,moss,connaught,1,16,R,0.0,60,,Suspension,,,
23,bianco,maserati,25,17,R,0.0,46,,Engine,,,
23,behra,gordini,11,18,R,0.0,42,,Engine,,,
23,hawthorn,cooper,12,19,R,0.0,38,,Not classified,,,
23,rol,maserati,16,20,R,0.0,24,,Engine,,,
23,trintignant,gordini,4,21,R,0.0,5,,Engine,,,
23,mcalpine,connaught,2,22,R,0.0,4,,Suspension,,,
23,fischer,ferrari,16,23,R,0.0,3,,Engine,,,
23,bayol,osca,10,24,R,0.0,0,,Gearbox,,,
24,ascari,ferrari,1,1,1,9.0,97,3:01:04.600,Finished,,,
24,villoresi,ferrari,3,2,2,6.0,96,,+1 Lap,,,
24,gonzalez,maserati,5,3,3,4.0,96,,+1 Lap,,,
24,hawthorn,ferrari,6,4,4,3.0,96,,+1 Lap,,,
24,galvez,maserati,9,5,5,2.0,96,,+1 Lap,,,
24,behra,gordini,11,6,6,0.0,94,,+3 Laps,,,
24,schell,gordini,7,7,7,0.0,91,,+6 Laps,,,
24,trintignant,gordini,7,7,7,0.0,91,,+6 Laps,,,
24,john_barber,cooper,16,8,8,0.0,90,,+7 Laps,,,
24,alan_brown,cooper,12,9,9,0.0,87,,+10 Laps,,,
24,manzon,gordini,8,10,R,0.0,67,,Wheel,,,
24,fangio,maserati,2,11,R,0.0,36,,Transmission,,,
24,bonetto,maserati,15,12,R,0.0,32,,Transmission,,,
24,farina,ferrari,4,13,R,0.0,31,,Accident,,,
24,menditeguy,gordini,10,14,R,0.0,24,,Gearbox,,,
24,birger,simca,14,15,R,0.0,21,,Differential,,,
24,cruz,cooper,13,16,R,0.0,20,,Wheel,,,
25,vukovich,kurtis_kraft,1,1,1,9.0,200,3:53:01.690,Finished,,,
25,cross,kurtis_kraft,12,2,2,6.0,200,+3:30.870,Finished,,,
25,darter,kurtis_kraft,9,3,3,2.0,200,+4:11.500,Finished,,,
25,hanks,kurtis_kraft,9,3,3,2.0,200,+4:11.500,Finished,,,
25,agabashian,kurtis_kraft,2,4,4,1.5,200,+4:39.240,Finished,,,
25,paul_russo,kurtis_kraft,2,4,4,1.5,200,+4:39.240,Finished,,,
25,mcgrath,kurtis_kraft,3,5,5,2.0,200,+7:49.640,Finished,,,
25,daywalt,kurtis_kraft,21,6,6,0.0,200,+8:10.210,Finished,,,
25,rathmann,kurtis_kraft,25,7,7,0.0,200,+8:46.020,Finished,,,
25,johnson,kurtis_kraft,25,7,7,0.0,200,+8:46.020,Finished,,,
25,mccoy,stevens,20,8,8,0.0,200,+10:04.550,Finished,,,
25,bettenhausen,kuzma,6,9,9,0.0,196,,Accident,,,
25,stevenson,kuzma,6,9,9,0.0,196,,Accident,,,
25,hartley,kuzma,6,9,9,0.0,196,,Accident,,,
25,davies,kurtis_kraft,32,10,10,0.0,193,,+7 Laps,,,
25,nalon,kurtis_kraft,26,11,11,0.0,191,,Accident,,,
25,bob_scott,kurtis_kraft,19,12,12,0.0,190,,+10 Laps,,,
25,scarborough,kurtis_kraft,19,12,12,0.0,190,,+10 Laps,,,
25,ayulo,kuzma,4,13,13,0.0,184,,Engine,,,
25,bryan,schroeder,31,14,14,0.0,183,,+17 Laps,,,
25,holland,kurtis_kraft,28,15,15,0.0,177,,Magneto,,,
25,ward,kurtis_kraft,10,16,16,0.0,177,,Axle,,,
25,linden,kurtis_kraft,10,16,16,0.0,177,,Axle,,,
25,dinsmore,kurtis_kraft,10,16,16,0.0,177,,Axle,,,
25,faulkner,kurtis_kraft,14,17,17,0.0,176,,+24 Laps,,,
25,mantz,kurtis_kraft,14,17,17,0.0,176,,+24 Laps,,,
25,teague,kurtis_kraft,22,18,R,0.0,169,,Oil leak,,,
25,thomson,kurtis_kraft,18,19,R,0.0,166,,Oil leak,,,
25,holmes,kurtis_kraft,18,19,R,0.0,166,,Oil leak,,,
25,webb,kurtis_kraft,18,19,R,0.0,166,,Oil leak,,,
25,sweikert,kuzma,29,20,R,0.0,151,,Suspension,,,
25,nazaruk,turner,23,21,R,0.0,146,,Transmission,,,
25,flaherty,kuzma,24,22,R,0.0,115,,Accident,,,
25,hoyt,kurtis_kraft,7,23,R,0.0,107,,Overheating,,,
25,parsons,kurtis_kraft,8,26,R,0.0,86,,Engine,,,
25,freeland,watson,15,27,R,0.0,76,,Accident,,,
25,niday,kurtis_kraft,30,30,R,0.0,30,,Magneto,,,
26,ascari,ferrari,1,1,1,8.0,90,2:53:35.800,Finished,,,
26,farina,ferrari,3,2,2,6.0,90,+10.400,Finished,,,
26,gonzalez,maserati,13,3,3,2.0,89,,+1 Lap,,,
26,bonetto,maserati,13,3,3,2.0,89,,+1 Lap,,,
26,hawthorn,ferrari,6,4,4,3.0,89,,+1 Lap,,,
26,graffenried,maserati,7,5,5,2.0,88,,+2 Laps,,,
26,trintignant,gordini,12,6,6,0.0,87,,+3 Laps,,,
26,rosier,ferrari,8,7,7,0.0,86,,+4 Laps,,,
26,collins,hwm,16,8,8,0.0,84,,+6 Laps,,,
26,moss,connaught,9,9,9,0.0,83,,+7 Laps,,,
26,villoresi,ferrari,4,10,R,1.0,67,,Throttle,,,
26,mcalpine,connaught,14,11,R,0.0,63,,Engine,,,
26,schell,gordini,10,12,R,0.0,59,,Transmission,,,
26,claes,connaught,17,13,R,0.0,52,,Not classified,,,
26,fangio,maserati,2,14,R,0.0,36,,Axle,,,
26,mieres,gordini,19,15,R,0.0,28,,Transmission,,,
26,wharton,cooper,18,17,R,0.0,19,,Physical,,,
26,salvadori,connaught,11,18,R,0.0,14,,Engine,,,
26,macklin,hwm,15,19,R,0.0,7,,Throttle,,,
27,ascari,ferrari,2,1,1,8.0,36,2:48:30.300,Finished,,,
27,villoresi,ferrari,5,2,2,6.0,36,+2:48.200,Finished,,,
27,marimon,maserati,16,3,3,4.0,35,,+1 Lap,,,
27,graffenried,maserati,9,4,4,3.0,35,,+1 Lap,,,
27,trintignant,gordini,8,5,5,2.0,35,,+1 Lap,,,
27,hawthorn,ferrari,7,6,6,0.0,35,,+1 Lap,,,
27,schell,gordini,12,7,7,0.0,33,,+3 Laps,,,
27,rosier,ferrari,13,8,8,0.0,33,,+3 Laps,,,
27,wacker,gordini,15,9,9,0.0,32,,+4 Laps,,,
27,frere,hwm,11,10,10,0.0,30,,+6 Laps,,,
27,andre_pilette,connaught,18,11,11,0.0,29,,+7 Laps,,,
27,claes,maserati,10,12,R,0.0,35,,Accident,,,
27,fangio,maserati,10,12,R,0.0,35,,Accident,,,
27,macklin,hwm,17,13,R,0.0,19,,Engine,,,
27,farina,ferrari,4,14,R,0.0,16,,Engine,,,
27,gonzalez,maserati,3,16,R,1.0,11,,Throttle,,,
27,behra,gordini,14,17,R,0.0,9,,Engine,,,
27,collins,hwm,16,18,R,0.0,4,,Clutch,,,
27,georges_berger,simca,20,19,R,0.0,3,,Engine,,,
27,legat,veritas,19,20,R,0.0,0,,Transmission,,,
28,hawthorn,ferrari,7,1,1,8.0,60,2:44:18.600,Finished,,,
28,fangio,maserati,4,2,2,7.0,60,+1.000,Finished,,,
28,gonzalez,maserati,5,3,3,4.0,60,+1.400,Finished,,,
28,ascari,ferrari,1,4,4,3.0,60,+4.600,Finished,,,
28,farina,ferrari,6,5,5,2.0,60,+1:07.600,Finished,,,
28,villoresi,ferrari,3,6,6,0.0,60,+1:15.900,Finished,,,
28,graffenried,maserati,9,7,7,0.0,58,,+2 Laps,,,
28,rosier,ferrari,10,8,8,0.0,56,,+4 Laps,,,
28,marimon,maserati,8,9,9,0.0,55,,+5 Laps,,,
28,behra,gordini,22,10,10,0.0,55,,+5 Laps,,,
28,gerard,cooper,12,11,11,0.0,55,,+5 Laps,,,
28,claes,connaught,21,12,12,0.0,53,,+7 Laps,,,
28,collins,hwm,17,13,13,0.0,52,,+8 Laps,,,
28,cabantous,hwm,18,14,14,0.0,50,,+10 Laps,,,
28,chiron,osca,25,15,15,0.0,43,,+17 Laps,,,
28,bonetto,maserati,2,16,R,0.0,42,,Engine,,,
28,moss,cooper,13,17,R,0.0,38,,Clutch,,,
28,bira,connaught,11,18,R,0.0,29,,Differential,,,
28,bayol,osca,15,19,R,0.0,18,,Engine,,,
28,wharton,cooper,14,20,R,0.0,17,,Wheel bearing,,,
28,trintignant,gordini,23,21,R,0.0,14,,Transmission,,,
28,macklin,hwm,16,22,R,0.0,9,,Clutch,,,
28,schell,gordini,20,23,R,0.0,4,,Engine,,,
28,mieres,gordini,24,24,R,0.0,4,,Axle,,,
28,salvadori,connaught,19,25,R,0.0,2,,Ignition,,,
29,ascari,ferrari,1,1,1,8.5,90,2:50,Finished,,,
29,fangio,maserati,4,2,2,6.0,90,+1:00.000,Finished,,,
29,farina,ferrari,5,3,3,4.0,88,,+2 Laps,,,
29,gonzalez,maserati,2,4,4,3.5,88,,+2 Laps,,,
29,hawthorn,ferrari,3,5,5,2.0,87,,+3 Laps,,,
29,bonetto,maserati,16,6,6,0.0,82,,+8 Laps,,,
29,bira,connaught,19,7,7,0.0,82,,+8 Laps,,,
29,wharton,cooper,11,8,8,0.0,80,,+10 Laps,,,
29,whitehead,cooper,14,9,9,0.0,79,,+11 Laps,,,
29,rosier,ferrari,24,10,10,0.0,78,,+12 Laps,,,
29,jimmy_stewart,cooper,15,11,R,0.0,79,,Spun off,,,
29,rolt,connaught,10,12,R,0.0,70,,Halfshaft,,,
29,villoresi,ferrari,6,13,R,0.0,65,,Axle,,,
29,marimon,maserati,7,14,R,0.0,65,,Engine,,,
29,alan_brown,cooper,21,15,R,0.0,56,,Overheating,,,
29,collins,hwm,23,16,R,0.0,56,,Spun off,,,
29,fairman,hwm,27,17,R,0.0,54,,Clutch,,,
29,salvadori,connaught,28,18,R,0.0,50,,Wheel,,,
29,graffenried,maserati,26,19,R,0.0,34,,Clutch,,,
29,macklin,hwm,12,20,R,0.0,31,,Clutch,,,
29,behra,gordini,22,21,R,0.0,30,,Fuel pump,,,
29,ian_stewart,connaught,20,22,R,0.0,24,,Ignition,,,
29,trintignant,gordini,8,23,R,0.0,14,,Axle,,,
29,duncan_hamilton,hwm,17,24,R,0.0,14,,Clutch,,,
29,schell,gordini,9,25,R,0.0,5,,Electrical,,,
29,mcalpine,connaught,13,26,R,0.0,0,,Retired,,,
29,crook,cooper,25,27,R,0.0,0,,Fuel system,,,
30,farina,ferrari,3,1,1,8.0,18,3:02,Finished,,,
30,fangio,maserati,2,2,2,6.0,18,+1:04.000,Finished,,,
30,hawthorn,ferrari,4,3,3,4.0,18,+1:43.600,Finished,,,
30,bonetto,maserati,7,4,4,3.0,18,+8:48.600,Finished,,,
30,graffenried,maserati,11,5,5,2.0,17,,+1 Lap,,,
30,moss,cooper,12,6,6,0.0,17,,+1 Lap,,,
30,swaters,ferrari,19,7,7,0.0,17,,+1 Lap,,,
30,ascari,ferrari,1,8,8,0.0,17,,+1 Lap,,,
30,villoresi,ferrari,1,8,8,0.0,17,,+1 Lap,,,
30,herrmann,veritas,14,9,9,0.0,17,,+1 Lap,,,
30,rosier,ferrari,22,10,10,0.0,17,,+1 Lap,,,
30,nuckey,cooper,20,11,11,0.0,16,,+2 Laps,,,
30,helfrich,veritas,28,12,12,0.0,16,,+2 Laps,,,
30,mcalpine,connaught,16,13,13,0.0,16,,+2 Laps,,,
30,krause,bmw,26,14,14,0.0,16,,+2 Laps,,,
30,klodwig,bmw,32,15,15,0.0,15,,+3 Laps,,,
30,seidel,veritas,29,16,16,0.0,14,,+4 Laps,,,
30,alan_brown,cooper,17,18,R,0.0,15,,Engine,,,
30,marimon,maserati,8,19,R,0.0,13,,Suspension,,,
30,barth,emw,24,20,R,0.0,12,,Exhaust,,,
30,claes,connaught,25,21,R,0.0,12,,Retired,,,
30,karch,veritas,34,22,R,0.0,10,,Retired,,,
30,heeks,veritas,18,23,R,0.0,8,,Retired,,,
30,behra,gordini,9,24,R,0.0,7,,Gearbox,,,
30,schell,gordini,10,25,R,0.0,6,,Engine,,,
30,bira,connaught,15,26,R,0.0,6,,Suspension,,,
30,fitzau,afm,21,27,R,0.0,3,,Retired,,,
30,adolff,ferrari,27,28,R,0.0,3,,Retired,,,
30,bechem,afm,30,29,R,0.0,2,,Retired,,,
30,trintignant,gordini,5,30,R,0.0,1,,Differential,,,
30,salvadori,connaught,13,31,R,0.0,1,,Engine,,,
30,bauer,veritas,33,32,R,0.0,1,,Retired,,,
30,hans_stuck,afm,23,33,R,0.0,0,,Retired,,,
30,loof,veritas,31,34,R,0.0,0,,Fuel pump,,,
31,ascari,ferrari,2,1,1,9.0,65,3:01:34.400,Finished,,,
31,farina,ferrari,3,2,2,6.0,65,+1:12.930,Finished,,,
31,hawthorn,ferrari,7,3,3,4.0,65,+1:35.960,Finished,,,
31,bonetto,maserati,1,4,4,1.5,64,,+1 Lap,,,
31,fangio,maserati,1,4,4,1.5,64,,+1 Lap,,,
31,lang,maserati,11,5,5,2.0,62,,+3 Laps,,,
31,villoresi,ferrari,6,6,6,0.0,62,,+3 Laps,,,
31,wharton,cooper,9,7,7,0.0,62,,+3 Laps,,,
31,terra,ferrari,19,8,8,0.0,51,,+14 Laps,,,
31,scherrer,hwm,18,9,9,0.0,49,,+16 Laps,,,
31,landi,maserati,20,10,R,0.0,54,,Gearbox,,,
31,graffenried,maserati,8,11,R,0.0,49,,Transmission,,,
31,marimon,maserati,5,12,R,0.0,46,,Engine,,,
31,trintignant,gordini,4,13,R,0.0,43,,Axle,,,
31,behra,gordini,12,14,R,0.0,37,,Oil pressure,,,
31,macklin,hwm,15,16,R,0.0,29,,Engine,,,
31,hirt,ferrari,17,17,R,0.0,17,,Engine,,,
31,frere,hwm,16,18,R,0.0,1,,Engine,,,
31,swaters,ferrari,13,19,R,0.0,0,,Spun off,,,
31,rosier,ferrari,14,20,R,0.0,0,,Spun off,,,
32,fangio,maserati,2,1,1,9.0,80,2:49:45.900,Finished,,,
32,farina,ferrari,3,2,2,6.0,80,+1.400,Finished,,,
32,villoresi,ferrari,5,3,3,4.0,79,,+1 Lap,,,
32,hawthorn,ferrari,6,4,4,3.0,79,,+1 Lap,,,
32,trintignant,gordini,8,5,5,2.0,79,,+1 Lap,,,
32,mieres,gordini,16,6,6,0.0,77,,+3 Laps,,,
32,musso,maserati,12,7,7,0.0,76,,+4 Laps,,,
32,mantovani,maserati,12,7,7,0.0,76,,+4 Laps,,,
32,maglioli,ferrari,11,8,8,0.0,75,,+5 Laps,,,
32,schell,gordini,15,9,9,0.0,75,,+5 Laps,,,
32,chiron,osca,25,10,10,0.0,72,,+8 Laps,,,
32,bira,maserati,23,11,11,0.0,72,,+8 Laps,,,
32,alan_brown,cooper,24,12,12,0.0,70,,+10 Laps,,,
32,moss,cooper,10,13,13,0.0,70,,+10 Laps,,,
32,hans_stuck,afm,29,14,14,0.0,67,,+13 Laps,,,
32,cabantous,hwm,28,15,15,0.0,67,,+13 Laps,,,
32,rosier,ferrari,17,16,16,0.0,65,,+15 Laps,,,
32,ascari,ferrari,1,17,R,0.0,79,,Accident,,,
32,bonetto,maserati,7,18,R,0.0,77,,Out of fuel,,,
32,marimon,maserati,4,19,R,0.0,75,,Accident,,,
32,graffenried,maserati,9,20,R,0.0,70,,Engine,,,
32,fairman,connaught,22,21,R,0.0,61,,Not classified,,,
32,wharton,cooper,19,22,R,0.0,57,,Not classified,,,
32,mcalpine,connaught,18,23,R,0.0,56,,Not classified,,,
32,carini,ferrari,20,24,R,0.0,40,,Engine,,,
32,salvadori,connaught,14,25,R,0.0,33,,Throttle,,,
32,landi,maserati,21,26,R,0.0,18,,Engine,,,
32,bayol,osca,13,27,R,0.0,17,,Engine,,,
32,fitch,hwm,26,28,R,0.0,14,,Engine,,,
32,claes,connaught,30,29,R,0.0,7,,Fuel system,,,
32,macklin,hwm,27,30,R,0.0,6,,Engine,,,
33,fangio,maserati,3,1,1,8.0,87,3:00:55.800,Finished,,,
33,farina,ferrari,1,2,2,6.0,87,+1:19.000,Finished,,,
33,gonzalez,ferrari,2,3,3,5.0,87,+2:01.000,Finished,,,
33,trintignant,ferrari,5,4,4,3.0,86,,+1 Lap,,,
33,bayol,gordini,15,5,5,2.0,85,,+2 Laps,,,
33,schell,maserati,11,6,6,0.0,84,,+3 Laps,,,
33,bira,maserati,10,7,7,0.0,83,,+4 Laps,,,
33,graffenried,maserati,13,8,8,0.0,83,,+4 Laps,,,
33,maglioli,ferrari,12,9,9,0.0,82,,+5 Laps,,,
33,behra,gordini,17,10,D,0.0,61,,Disqualified,,,
33,hawthorn,ferrari,4,11,D,0.0,52,,Disqualified,,,
33,marimon,maserati,6,12,R,0.0,48,,Engine,,,
33,mieres,maserati,8,13,R,0.0,37,,Oil leak,,,
33,loyer,gordini,16,14,R,0.0,19,,Oil pressure,,,
33,daponte,maserati,18,15,R,0.0,19,,Gearbox,,,
33,rosier,ferrari,14,16,R,0.0,1,,Accident,,,
33,musso,maserati,7,17,W,0.0,0,,Withdrew,,,
33,menditeguy,maserati,9,18,W,0.0,0,,Withdrew,,,
34,vukovich,kurtis_kraft,19,1,1,8.0,200,3:49:17.270,Finished,,,
34,bryan,kuzma,3,2,2,6.0,200,+1:09.950,Finished,,,
34,mcgrath,kurtis_kraft,1,3,3,5.0,200,+1:19.730,Finished,,,
34,ruttman,kurtis_kraft,11,4,4,1.5,200,+2:52.680,Finished,,,
34,darter,kurtis_kraft,11,4,4,1.5,200,+2:52.680,Finished,,,
34,nazaruk,kurtis_kraft,14,5,5,2.0,200,+3:24.550,Finished,,,
34,agabashian,kurtis_kraft,24,6,6,0.0,200,+3:47.550,Finished,,,
34,freeland,phillips,6,7,7,0.0,200,+4:13.350,Finished,,,
34,hoyt,kurtis_kraft,32,8,8,0.0,200,+5:01.170,Finished,,,
34,paul_russo,kurtis_kraft,32,8,8,0.0,200,+5:01.170,Finished,,,
34,crockett,kurtis_kraft,25,9,9,0.0,200,+7:07.240,Finished,,,
34,niday,stevens,13,10,10,0.0,200,+7:07.690,Finished,,,
34,davies,kurtis_kraft,27,11,11,0.0,200,+8:22.190,Finished,,,
34,cross,kurtis_kraft,27,11,11,0.0,200,+8:22.190,Finished,,,
34,parsons,kurtis_kraft,27,11,11,0.0,200,+8:22.190,Finished,,,
34,hanks,kurtis_kraft,27,11,11,0.0,200,+8:22.190,Finished,,,
34,linden,kurtis_kraft,27,11,11,0.0,200,+8:22.190,Finished,,,
34,stevenson,kuzma,5,12,12,0.0,199,,+1 Lap,,,
34,faulkner,kuzma,5,12,12,0.0,199,,+1 Lap,,,
34,ayulo,kuzma,22,13,13,0.0,197,,+3 Laps,,,
34,sweikert,kurtis_kraft,9,14,14,0.0,197,,+3 Laps,,,
34,bettenhausen,kurtis_kraft,8,15,15,0.0,196,,+4 Laps,,,
34,jackson,kurtis_kraft,8,15,15,0.0,196,,+4 Laps,,,
34,teague,kurtis_kraft,8,15,15,0.0,196,,+4 Laps,,,
34,mccoy,kurtis_kraft,20,16,16,0.0,194,,+6 Laps,,,
34,reece,pankratz,7,17,17,0.0,194,,+6 Laps,,,
34,elisian,stevens,31,18,18,0.0,193,,+7 Laps,,,
34,bob_scott,stevens,31,18,18,0.0,193,,+7 Laps,,,
34,armi,kurtis_kraft,33,19,19,0.0,193,,+7 Laps,,,
34,fonder,kurtis_kraft,33,19,19,0.0,193,,+7 Laps,,,
34,rathmann,kurtis_kraft,10,20,R,0.0,191,,Spun off,,,
34,connor,kurtis_kraft,12,21,R,0.0,181,,Spun off,,,
34,ward,pawl,16,22,R,0.0,172,,Retired,,,
34,johnson,pawl,16,22,R,0.0,172,,Retired,,,
34,hartley,kurtis_kraft,17,23,23,0.0,168,,Clutch,,,
34,daywalt,nichels,4,24,R,0.0,165,,Retired,,,
34,thomson,nichels,4,24,R,0.0,165,,Retired,,,
34,flaherty,kurtis_kraft,28,28,R,0.0,110,,Accident,,,
34,webb,bromme,29,30,R,0.0,104,,Fuel pump,,,
34,kladis,bromme,29,30,R,0.0,104,,Fuel pump,,,
34,duncan,schroeder,26,31,R,0.0,101,,Brakes,,,
34,homeier,kurtis_kraft,18,33,R,0.0,74,,Accident,,,
35,fangio,maserati,1,1,1,9.0,36,2:44:42.400,Finished,,,
35,trintignant,ferrari,6,2,2,6.0,36,+24.200,Finished,,,
35,moss,maserati,9,3,3,4.0,35,,+1 Lap,,,
35,gonzalez,ferrari,5,4,4,1.5,35,,+1 Lap,,,
35,hawthorn,ferrari,5,4,4,1.5,35,,+1 Lap,,,
35,andre_pilette,gordini,8,5,5,2.0,35,,+1 Lap,,,
35,bira,maserati,13,6,6,0.0,35,,+1 Lap,,,
35,mantovani,maserati,11,7,7,0.0,34,,+2 Laps,,,
35,farina,ferrari,3,8,R,0.0,14,,Ignition,,,
35,frere,gordini,10,9,R,0.0,14,,Engine,,,
35,behra,gordini,7,10,R,0.0,12,,Suspension,,,
35,marimon,maserati,4,11,R,0.0,3,,Engine,,,
35,swaters,ferrari,14,13,R,0.0,1,,Engine,,,
35,mieres,maserati,12,14,R,0.0,0,,Heat shield fire,,,
36,fangio,mercedes,1,1,1,8.0,61,2:42:47.900,Finished,,,
36,kling,mercedes,2,2,2,6.0,61,+0.100,Finished,,,
36,manzon,ferrari,12,3,3,4.0,60,,+1 Lap,,,
36,bira,maserati,6,4,4,3.0,60,,+1 Lap,,,
36,villoresi,maserati,14,5,5,2.0,58,,+3 Laps,,,
36,behra,gordini,17,6,6,0.0,56,,+5 Laps,,,
36,frere,gordini,19,7,R,0.0,50,,Axle,,,
36,trintignant,ferrari,9,8,R,0.0,36,,Engine,,,
36,rosier,ferrari,13,9,R,0.0,27,,Engine,,,
36,marimon,maserati,5,10,R,0.0,27,,Gearbox,,,
36,mieres,maserati,11,11,R,0.0,24,,Engine,,,
36,wharton,maserati,16,12,R,0.0,19,,Transmission,,,
36,schell,maserati,21,13,R,0.0,19,,Fuel pump,,,
36,herrmann,mercedes,7,14,R,1.0,16,,Engine,,,
36,salvadori,maserati,10,15,R,0.0,15,,Halfshaft,,,
36,gonzalez,ferrari,4,16,R,0.0,13,,Engine,,,
36,macklin,hwm,15,17,R,0.0,10,,Engine,,,
36,georges_berger,gordini,20,18,R,0.0,9,,Engine,,,
36,hawthorn,ferrari,8,19,R,0.0,9,,Engine,,,
36,pollet,gordini,18,20,R,0.0,8,,Engine,,,
36,ascari,maserati,3,21,R,0.0,1,,Transmission,,,
36,mantovani,maserati,0,22,W,0.0,0,,Withdrew,,,
37,gonzalez,ferrari,2,1,1,8.14,90,2:56,Finished,,,
37,hawthorn,ferrari,3,2,2,6.14,90,+1:10.000,Finished,,,
37,marimon,maserati,28,3,3,4.14,89,,+1 Lap,,,
37,fangio,mercedes,1,4,4,3.14,89,,+1 Lap,,,
37,trintignant,ferrari,8,5,5,2.0,87,,+3 Laps,,,
37,mieres,maserati,32,6,6,0.0,87,,+3 Laps,,,
37,kling,mercedes,6,7,7,0.0,87,,+3 Laps,,,
37,wharton,maserati,9,8,8,0.0,86,,+4 Laps,,,
37,andre_pilette,gordini,12,9,9,0.0,86,,+4 Laps,,,
37,gerard,cooper,18,10,10,0.0,85,,+5 Laps,,,
37,beauman,connaught,17,11,11,0.0,84,,+6 Laps,,,
37,schell,maserati,16,12,12,0.0,83,,+7 Laps,,,
37,marr,connaught,22,13,13,0.0,82,,+8 Laps,,,
37,thorne,connaught,23,14,14,0.0,78,,+12 Laps,,,
37,gould,cooper,20,15,15,0.0,44,,+46 Laps,,,
37,moss,maserati,4,16,R,0.14,80,,Axle,,,
37,whitehouse,connaught,19,17,R,0.0,63,,Fuel system,,,
37,behra,gordini,5,18,R,0.14,54,,Suspension,,,
37,salvadori,maserati,7,19,R,0.0,53,,Transmission,,,
37,flockhart,maserati,10,20,R,0.0,44,,Accident,,,
37,bira,maserati,10,20,R,0.0,44,,Accident,,,
37,villoresi,maserati,27,21,R,0.0,40,,Engine,,,
37,ascari,maserati,27,21,R,0.0,40,,Engine,,,
37,riseley_prichard,connaught,21,22,R,0.0,40,,Accident,,,
37,reg_parnell,ferrari,14,23,R,0.0,25,,Engine,,,
37,bucci,gordini,13,25,R,0.0,18,,Accident,,,
37,collins,vanwall,11,26,R,0.0,16,,Engine,,,
37,manzon,ferrari,15,27,R,0.0,16,,Engine,,,
37,whitehead,cooper,24,28,R,0.0,4,,Oil leak,,,
37,brandon,cooper,25,29,R,0.0,2,,Engine,,,
37,rosier,ferrari,31,30,R,0.0,2,,Engine,,,
37,alan_brown,cooper,26,31,W,0.0,0,,Withdrew,,,
37,nuckey,cooper,29,32,W,0.0,0,,Withdrew,,,
38,fangio,mercedes,1,1,1,8.0,22,3:45:45.800,Finished,,,
38,hawthorn,ferrari,5,2,2,3.0,22,+1:36.500,Finished,,,
38,gonzalez,ferrari,5,2,2,3.0,22,+1:36.500,Finished,,,
38,trintignant,ferrari,7,3,3,4.0,22,+5:08.600,Finished,,,
38,kling,mercedes,23,4,4,4.0,22,+6:06.500,Finished,,,
38,mantovani,maserati,15,5,5,2.0,22,+8:50.500,Finished,,,
38,taruffi,ferrari,13,6,6,0.0,21,,+1 Lap,,,
38,schell,maserati,14,7,7,0.0,21,,+1 Lap,,,
38,rosier,ferrari,11,8,8,0.0,21,,+1 Lap,,,
38,manzon,ferrari,12,9,9,0.0,20,,+2 Laps,,,
38,behra,gordini,9,10,10,0.0,20,,+2 Laps,,,
38,bira,maserati,19,11,R,0.0,18,,Steering,,,
38,lang,mercedes,13,12,R,0.0,10,,Spun off,,,
38,bucci,gordini,16,13,R,0.0,8,,Wheel,,,
38,helfrich,klenk,21,14,R,0.0,8,,Engine,,,
38,herrmann,mercedes,4,15,R,0.0,7,,Fuel leak,,,
38,frere,gordini,4,16,R,0.0,4,,Wheel,,,
38,mieres,maserati,17,18,R,0.0,2,,Fuel leak,,,
38,moss,maserati,3,19,R,0.0,1,,Wheel bearing,,,
38,andre_pilette,gordini,20,20,R,0.0,0,,Suspension,,,
38,marimon,maserati,8,21,W,0.0,0,,Accident,,,
38,villoresi,maserati,10,22,W,0.0,0,,Withdrew,,,
38,wharton,maserati,22,23,W,0.0,0,,Withdrew,,,
39,fangio,mercedes,2,1,1,9.0,66,3:00:34.500,Finished,,,
39,gonzalez,ferrari,1,2,2,6.0,66,+57.800,Finished,,,
39,herrmann,mercedes,7,3,3,4.0,65,,+1 Lap,,,
39,mieres,maserati,12,4,4,3.0,64,,+2 Laps,,,
39,mantovani,maserati,9,5,5,2.0,64,,+2 Laps,,,
39,wharton,maserati,8,6,6,0.0,64,,+2 Laps,,,
39,maglioli,ferrari,11,7,7,0.0,61,,+5 Laps,,,
39,swaters,ferrari,16,8,8,0.0,58,,+8 Laps,,,
39,kling,mercedes,5,9,R,0.0,38,,Fuel system,,,
39,trintignant,ferrari,4,10,R,0.0,33,,Engine,,,
39,hawthorn,ferrari,6,11,R,0.0,30,,Oil leak,,,
39,schell,maserati,13,12,R,0.0,23,,Oil pump,,,
39,moss,maserati,3,13,R,0.0,21,,Oil pump,,,
39,wacker,gordini,15,14,R,0.0,10,,Transmission,,,
39,behra,gordini,14,15,R,0.0,8,,Clutch,,,
39,bucci,gordini,10,16,R,0.0,0,,Fuel pump,,,
39,manzon,ferrari,0,17,W,0.0,0,,Accident,,,
40,fangio,mercedes,1,1,1,8.0,80,2:47:47.900,Finished,,,
40,hawthorn,ferrari,7,2,2,6.0,79,,+1 Lap,,,
40,gonzalez,ferrari,13,3,3,3.0,78,,+2 Laps,,,
40,maglioli,ferrari,13,3,3,2.0,78,,+2 Laps,,,
40,herrmann,mercedes,8,4,4,3.0,77,,+3 Laps,,,
40,trintignant,ferrari,11,5,5,2.0,75,,+5 Laps,,,
40,wacker,gordini,18,6,6,0.0,75,,+5 Laps,,,
40,collins,vanwall,16,7,7,0.0,75,,+5 Laps,,,
40,rosier,maserati,20,8,8,0.0,74,,+6 Laps,,,
40,mantovani,maserati,9,9,9,0.0,74,,+6 Laps,,,
40,moss,maserati,3,10,10,0.0,71,,+9 Laps,,,
40,daponte,maserati,19,11,11,0.0,70,,+10 Laps,,,
40,ascari,ferrari,2,12,R,0.0,48,,Engine,,,
40,villoresi,maserati,6,13,R,0.0,42,,Clutch,,,
40,kling,mercedes,4,14,R,0.0,36,,Accident,,,
40,mieres,maserati,10,15,R,0.0,34,,Suspension,,,
40,musso,maserati,14,16,R,0.0,32,,Transmission,,,
40,manzon,ferrari,15,18,R,0.0,16,,Engine,,,
40,bucci,gordini,17,19,R,0.0,13,,Transmission,,,
40,behra,gordini,12,20,R,0.0,2,,Engine,,,
41,hawthorn,ferrari,3,1,1,8.0,80,3:13:52.100,Finished,,,
41,musso,maserati,7,2,2,6.0,80,+1:13.200,Finished,,,
41,fangio,mercedes,2,3,3,4.0,79,,+1 Lap,,,
41,mieres,maserati,11,4,4,3.0,79,,+1 Lap,,,
41,kling,mercedes,12,5,5,2.0,79,,+4 Laps,,,
41,godia,maserati,13,6,6,0.0,76,,+4 Laps,,,
41,rosier,maserati,20,7,7,0.0,74,,+6 Laps,,,
41,wharton,maserati,14,8,8,0.0,74,,+6 Laps,,,
41,bira,maserati,15,9,9,0.0,68,,+12 Laps,,,
41,mantovani,maserati,10,10,R,0.0,58,,Brakes,,,
41,volonterio,maserati,21,11,R,0.0,57,,Engine,,,
41,graffenried,maserati,21,11,R,0.0,57,,Engine,,,
41,herrmann,mercedes,9,12,R,0.0,50,,Injection,,,
41,trintignant,ferrari,8,13,R,0.0,47,,Gearbox,,,
41,pollet,gordini,16,14,R,0.0,37,,Engine,,,
41,schell,maserati,4,15,R,0.0,29,,Transmission,,,
41,moss,maserati,6,16,R,0.0,20,,Oil pump,,,
41,behra,gordini,18,17,R,0.0,17,,Brakes,,,
41,swaters,ferrari,19,18,R,0.0,16,,Engine,,,
41,ascari,lancia,1,19,R,1.0,10,,Clutch,,,
41,villoresi,lancia,5,20,R,0.0,2,,Brakes,,,
41,manzon,ferrari,17,21,R,0.0,2,,Engine,,,
41,collins,vanwall,0,22,W,0.0,0,,Accident,,,
42,fangio,mercedes,3,1,1,9.0,96,3:00:38.600,Finished,,,
42,farina,ferrari,1,2,2,2.0,96,+1:29.600,Finished,,,
42,gonzalez,ferrari,1,2,2,2.0,96,+1:29.600,Finished,,,
42,trintignant,ferrari,1,2,2,2.0,96,+1:29.600,Finished,,,
42,maglioli,ferrari,5,3,3,1.33,94,,+2 Laps,,,
42,herrmann,mercedes,10,4,4,1.0,94,,+2 Laps,,,
42,moss,mercedes,10,4,4,1.0,94,,+2 Laps,,,
42,kling,mercedes,10,4,4,1.0,94,,+2 Laps,,,
42,mieres,maserati,16,5,5,2.0,91,,+5 Laps,,,
42,schell,maserati,7,6,6,0.0,88,,+8 Laps,,,
42,behra,maserati,7,6,6,0.0,88,,+8 Laps,,,
42,musso,maserati,18,7,7,0.0,83,,+13 Laps,,,
42,mantovani,maserati,18,7,7,0.0,83,,+13 Laps,,,
42,menditeguy,maserati,20,9,R,0.0,54,,Fuel pressure,,,
42,bucci,maserati,20,9,R,0.0,54,,Fuel pressure,,,
42,iglesias,gordini,17,10,R,0.0,38,,Transmission,,,
42,castellotti,lancia,12,12,R,0.0,35,,Accident,,,
42,villoresi,lancia,12,12,R,0.0,35,,Accident,,,
42,uria,maserati,21,14,R,0.0,22,,Out of fuel,,,
42,ascari,lancia,2,15,R,0.0,21,,Accident,,,
42,bayol,gordini,15,16,R,0.0,7,,Transmission,,,
42,birger,gordini,9,20,R,0.0,1,,Accident,,,
43,trintignant,ferrari,9,1,1,8.0,100,2:58:09.800,Finished,,,
43,castellotti,lancia,4,2,2,6.0,100,+20.200,Finished,,,
43,perdisa,maserati,5,3,3,2.0,99,,+1 Lap,,,
43,behra,maserati,5,3,3,2.0,99,,+1 Lap,,,
43,farina,ferrari,14,4,4,3.0,99,,+1 Lap,,,
43,villoresi,lancia,7,5,5,2.0,99,,+1 Lap,,,
43,chiron,lancia,19,6,6,0.0,95,,+5 Laps,,,
43,pollet,gordini,20,7,7,0.0,91,,+9 Laps,,,
43,frere,ferrari,15,8,8,0.0,86,,+14 Laps,,,
43,taruffi,ferrari,15,8,8,0.0,86,,+14 Laps,,,
43,moss,mercedes,3,9,9,0.0,81,,+19 Laps,,,
43,ascari,lancia,2,11,R,0.0,80,,Accident,,,
43,schell,ferrari,18,12,R,0.0,68,,Engine,,,
43,mieres,maserati,6,13,R,0.0,64,,Transmission,,,
43,bayol,gordini,16,14,R,0.0,63,,Transmission,,,
43,fangio,mercedes,1,15,R,1.0,49,,Transmission,,,
43,manzon,gordini,13,16,R,0.0,38,,Gearbox,,,
43,simon,mercedes,10,17,R,0.0,24,,Engine,,,
43,hawthorn,vanwall,12,18,R,0.0,22,,Throttle,,,
43,rosier,maserati,17,19,R,0.0,8,,Fuel leak,,,
43,musso,maserati,8,20,R,0.0,7,,Transmission,,,
44,sweikert,kurtis_kraft,14,1,1,8.0,200,3:53:59.530,Finished,,,
44,paul_russo,kurtis_kraft,2,2,2,3.0,200,+2:43.560,Finished,,,
44,bettenhausen,kurtis_kraft,2,2,2,3.0,200,+2:43.560,Finished,,,
44,davies,kurtis_kraft,10,3,3,4.0,200,+3:32.360,Finished,,,
44,thomson,kuzma,33,4,4,3.0,200,+3:38.910,Finished,,,
44,faulkner,kurtis_kraft,7,5,5,1.0,200,+5:17.170,Finished,,,
44,homeier,kurtis_kraft,7,5,5,1.0,200,+5:17.170,Finished,,,
44,linden,kurtis_kraft,8,6,6,0.0,200,+5:57.940,Finished,,,
44,herman,kurtis_kraft,16,7,7,0.0,200,+6:24.240,Finished,,,
44,connor,kurtis_kraft,19,8,8,0.0,200,+6:41.600,Finished,,,
44,daywalt,kurtis_kraft,17,9,9,0.0,200,+7:09.810,Finished,,,
44,flaherty,kurtis_kraft,12,10,10,0.0,200,+7:46.540,Finished,,,
44,darter,kuzma,18,11,11,0.0,197,,+3 Laps,,,
44,weyant,kurtis_kraft,25,12,12,0.0,196,,+4 Laps,,,
44,johnson,trevis,32,13,13,0.0,196,,+4 Laps,,,
44,rathmann,epperly,20,14,14,0.0,191,,+9 Laps,,,
44,freeland,phillips,21,15,R,0.0,178,,Transmission,,,
44,niday,kurtis_kraft,9,16,R,0.0,170,,Accident,,,
44,cross,kurtis_kraft,24,17,R,0.0,168,,Engine,,,
44,templeman,trevis,31,18,R,0.0,142,,Transmission,,,
44,hanks,kurtis_kraft,6,19,R,0.0,134,,Transmission,,,
44,andrews,schroeder,28,20,R,0.0,120,,Fuel pump,,,
44,parsons,kurtis_kraft,27,21,R,0.0,119,,Magneto,,,
44,russo,pawl,13,22,R,0.0,112,,Ignition,,,
44,ray_crawford,kurtis_kraft,23,23,R,0.0,111,,Engine,,,
44,bryan,kuzma,11,24,R,0.0,90,,Fuel pump,,,
44,vukovich,kurtis_kraft,5,25,R,1.0,56,,Accident,,,
44,mcgrath,kurtis_kraft,3,26,R,0.0,54,,Magneto,,,
44,keller,kurtis_kraft,22,27,R,0.0,54,,Accident,,,
44,ward,kuzma,30,28,R,0.0,53,,Accident,,,
44,boyd,kurtis_kraft,26,29,R,0.0,53,,Accident,,,
44,elisian,kurtis_kraft,29,30,R,0.0,53,,Retired,,,
44,hoyt,stevens,1,31,R,0.0,40,,Oil leak,,,
44,agabashian,kurtis_kraft,4,32,R,0.0,39,,Spun off,,,
44,reece,pankratz,15,33,R,0.0,10,,Engine,,,
45,fangio,mercedes,2,1,1,9.0,36,2:39,Finished,,,
45,moss,mercedes,3,2,2,6.0,36,+8.100,Finished,,,
45,farina,ferrari,4,3,3,4.0,36,+1:40.500,Finished,,,
45,frere,ferrari,8,4,4,3.0,36,+3:25.500,Finished,,,
45,mieres,maserati,13,5,5,1.0,35,,+1 Lap,,,
45,behra,maserati,13,5,5,1.0,35,,+1 Lap,,,
45,trintignant,ferrari,10,6,6,0.0,35,,+1 Lap,,,
45,musso,maserati,7,7,7,0.0,34,,+2 Laps,,,
45,perdisa,maserati,11,8,8,0.0,33,,+3 Laps,,,
45,rosier,maserati,12,9,9,0.0,33,,+3 Laps,,,
45,kling,mercedes,6,10,R,0.0,21,,Oil leak,,,
45,castellotti,lancia,1,11,R,0.0,16,,Gearbox,,,
45,hawthorn,vanwall,9,12,R,0.0,8,,Gearbox,,,
45,claes,maserati,0,14,W,0.0,0,,Withdrew,,,
45,taruffi,ferrari,0,15,W,0.0,0,,Withdrew,,,
45,schell,ferrari,0,16,W,0.0,0,,Withdrew,,,
46,fangio,mercedes,1,1,1,8.0,100,2:54:23.800,Finished,,,
46,moss,mercedes,2,2,2,6.0,100,+0.300,Finished,,,
46,musso,maserati,4,3,3,4.0,100,+57.100,Finished,,,
46,mieres,maserati,7,4,4,4.0,99,,+1 Lap,,,
46,castellotti,ferrari,9,5,5,2.0,97,,+3 Laps,,,
46,behra,maserati,6,6,6,0.0,97,,+3 Laps,,,
46,hawthorn,ferrari,5,7,7,0.0,95,,+5 Laps,,,
46,ramos,gordini,14,8,8,0.0,92,,+8 Laps,,,
46,rosier,maserati,13,9,9,0.0,92,,+8 Laps,,,
46,pollet,gordini,12,10,10,0.0,90,,+10 Laps,,,
46,claes,ferrari,16,11,11,0.0,88,,+12 Laps,,,
46,trintignant,ferrari,8,12,R,0.0,65,,Gearbox,,,
46,manzon,gordini,11,13,R,0.0,44,,Transmission,,,
46,gould,maserati,15,14,R,0.0,23,,Spun off,,,
46,kling,mercedes,3,15,R,0.0,21,,Spun off,,,
46,peter_walker,maserati,10,16,R,0.0,2,,Wheel bearing,,,
47,moss,mercedes,1,1,1,9.0,90,3:07:21.200,Finished,,,
47,fangio,mercedes,2,2,2,6.0,90,+0.200,Finished,,,
47,kling,mercedes,4,3,3,4.0,90,+1:11.800,Finished,,,
47,taruffi,mercedes,5,4,4,3.0,89,,+1 Lap,,,
47,musso,maserati,9,5,5,2.0,89,,+1 Lap,,,
47,castellotti,ferrari,12,6,6,0.0,87,,+3 Laps,,,
47,hawthorn,ferrari,12,6,6,0.0,87,,+3 Laps,,,
47,sparken,gordini,23,7,7,0.0,81,,+9 Laps,,,
47,macklin,maserati,16,8,8,0.0,79,,+11 Laps,,,
47,schell,vanwall,15,9,9,0.0,72,,+18 Laps,,,
47,wharton,vanwall,15,9,9,0.0,72,,+18 Laps,,,
47,trintignant,ferrari,13,10,R,0.0,59,,Overheating,,,
47,mieres,maserati,6,11,R,0.0,47,,Engine,,,
47,jack_brabham,cooper,25,12,R,0.0,30,,Engine,,,
47,mcalpine,connaught,17,13,R,0.0,30,,Oil pressure,,,
47,collins,maserati,24,14,R,0.0,28,,Clutch,,,
47,ramos,gordini,18,15,R,0.0,26,,Oil pressure,,,
47,salvadori,maserati,20,16,R,0.0,23,,Gearbox,,,
47,gould,maserati,22,17,R,0.0,22,,Brakes,,,
47,peter_walker,connaught,14,19,R,0.0,19,,Transmission,,,
47,rolt,connaught,14,19,R,0.0,19,,Transmission,,,
47,marr,connaught,19,20,R,0.0,18,,Brakes,,,
47,simon,maserati,8,22,R,0.0,9,,Gearbox,,,
47,behra,maserati,3,23,R,0.0,9,,Oil leak,,,
47,manzon,gordini,11,24,R,0.0,4,,Transmission,,,
47,fairman,connaught,21,25,W,0.0,0,,Engine,,,
48,fangio,mercedes,1,1,1,8.0,50,2:25:04.400,Finished,,,
48,taruffi,mercedes,9,2,2,6.0,50,+0.700,Finished,,,
48,castellotti,ferrari,4,3,3,4.0,50,+46.200,Finished,,,
48,behra,maserati,6,4,4,3.0,50,+3:57.500,Finished,,,
48,menditeguy,maserati,16,5,5,2.0,49,,+1 Lap,,,
48,maglioli,ferrari,12,6,6,0.0,49,,+1 Lap,,,
48,mieres,maserati,7,7,7,0.0,48,,+2 Laps,,,
48,trintignant,ferrari,15,8,8,0.0,47,,+3 Laps,,,
48,fitch,maserati,20,9,9,0.0,46,,+4 Laps,,,
48,hawthorn,ferrari,14,10,10,0.0,38,,Gearbox,,,
48,kling,mercedes,3,11,R,0.0,32,,Gearbox,,,
48,musso,maserati,10,12,R,0.0,31,,Gearbox,,,
48,gould,maserati,21,13,R,0.0,31,,Suspension,,,
48,moss,mercedes,2,14,R,1.0,27,,Engine,,,
48,pollet,gordini,19,15,R,0.0,26,,Engine,,,
48,ramos,gordini,18,16,R,0.0,23,,Fuel system,,,
48,collins,maserati,11,17,R,0.0,22,,Suspension,,,
48,schell,vanwall,13,18,R,0.0,7,,Suspension,,,
48,lucas,gordini,22,19,R,0.0,7,,Engine,,,
48,wharton,vanwall,17,20,R,0.0,0,,Injection,,,
48,farina,ferrari,5,21,W,0.0,0,,Withdrew,,,
48,villoresi,ferrari,8,22,W,0.0,0,,Withdrew,,,
48,piotti,arzani-volpini,0,23,W,0.0,0,,Withdrew,,,
49,fangio,ferrari,3,1,1,5.0,98,3:00:03.700,Finished,,,
49,musso,ferrari,3,1,1,4.0,98,3:00:03.700,Finished,,,
49,behra,maserati,4,2,2,6.0,98,+24.400,Finished,,,
49,hawthorn,maserati,8,3,3,4.0,96,,+2 Laps,,,
49,landi,maserati,11,4,4,1.5,92,,+6 Laps,,,
49,gerini,maserati,11,4,4,1.5,92,,+6 Laps,,,
49,gendebien,ferrari,10,5,5,2.0,91,,+7 Laps,,,
49,oscar_gonzalez,maserati,13,6,6,0.0,88,,+10 Laps,,,
49,uria,maserati,13,6,6,0.0,88,,+10 Laps,,,
49,moss,maserati,7,7,R,0.0,81,,Engine,,,
49,collins,ferrari,9,8,R,0.0,58,,Accident,,,
49,piotti,maserati,12,9,R,0.0,57,,Accident,,,
49,menditeguy,maserati,6,10,R,0.0,42,,Halfshaft,,,
49,castellotti,ferrari,2,11,R,0.0,40,,Gearbox,,,
49,gonzalez,maserati,5,12,R,0.0,24,,Engine,,,
50,moss,maserati,2,1,1,8.0,100,3:00:32.900,Finished,,,
50,fangio,ferrari,9,2,2,4.0,100,+6.100,Finished,,,
50,collins,ferrari,9,2,2,3.0,100,+6.100,Finished,,,
50,behra,maserati,4,3,3,4.0,99,,+1 Lap,,,
50,castellotti,ferrari,1,4,4,1.5,99,,+1 Lap,,,
50,ramos,gordini,14,5,5,2.0,93,,+7 Laps,,,
50,bayol,gordini,11,6,6,0.0,88,,+12 Laps,,,
50,andre_pilette,gordini,11,6,6,0.0,88,,+12 Laps,,,
50,perdisa,maserati,7,7,7,0.0,86,,+14 Laps,,,
50,gould,maserati,16,8,8,0.0,85,,+15 Laps,,,
50,manzon,gordini,12,9,R,0.0,90,,Accident,,,
50,rosier,maserati,15,10,R,0.0,72,,Engine,,,
50,trintignant,vanwall,6,12,R,0.0,13,,Overheating,,,
50,schell,vanwall,5,13,R,0.0,2,,Accident,,,
50,musso,ferrari,8,14,R,0.0,2,,Accident,,,
50,hawthorn,brm,0,16,W,0.0,0,,Engine,,,
50,brooks,brm,0,17,W,0.0,0,,Engine,,,
50,chiron,maserati,0,18,W,0.0,0,,Engine,,,
51,flaherty,watson,1,1,1,8.0,200,3:53:28.840,Finished,,,
51,hanks,kurtis_kraft,13,2,2,6.0,200,+20.450,Finished,,,
51,freeland,phillips,26,3,3,4.0,200,+1:30.230,Finished,,,
51,parsons,kurtis_kraft,6,4,4,3.0,200,+3:25.690,Finished,,,
51,dick_rathmann,kurtis_kraft,4,5,5,2.0,200,+4:21.810,Finished,,,
51,sweikert,kuzma,10,6,6,0.0,200,+5:35.050,Finished,,,
51,veith,kurtis_kraft,23,7,7,0.0,200,+6:25.630,Finished,,,
51,ward,kurtis_kraft,15,8,8,0.0,200,+6:32.310,Finished,,,
51,reece,lesovsky,21,9,9,0.0,200,+6:38.310,Finished,,,
51,griffith,stevens,30,10,10,0.0,199,,+1 Lap,,,
51,hartley,kuzma,22,11,11,0.0,196,,+4 Laps,,,
51,agabashian,kurtis_kraft,7,12,12,0.0,196,,+4 Laps,,,
51,christie,kurtis_kraft,25,13,13,0.0,196,,+4 Laps,,,
51,keller,kurtis_kraft,28,14,14,0.0,195,,+5 Laps,,,
51,johnson,kuzma,32,15,15,0.0,195,,+5 Laps,,,
51,garrett,kuzma,29,16,16,0.0,194,,+6 Laps,,,
51,dinsmore,kurtis_kraft,33,17,17,0.0,191,,+9 Laps,,,
51,connor,kurtis_kraft,3,18,18,0.0,187,,+13 Laps,,,
51,bryan,kuzma,19,19,19,0.0,185,,+15 Laps,,,
51,rathmann,kurtis_kraft,2,20,R,0.0,175,,Engine,,,
51,tolan,kurtis_kraft,31,21,R,0.0,173,,Engine,,,
51,bettenhausen,kurtis_kraft,5,22,R,0.0,160,,Accident,,,
51,elisian,kurtis_kraft,14,23,R,0.0,160,,Brakes,,,
51,russo,kurtis_kraft,14,23,R,0.0,160,,Brakes,,,
51,daywalt,kurtis_kraft,16,24,R,0.0,134,,Accident,,,
51,turner,kurtis_kraft,24,25,R,0.0,131,,Engine,,,
51,andrews,kurtis_kraft,20,26,R,0.0,94,,Transmission,,,
51,linden,kurtis_kraft,9,27,R,0.0,90,,Oil leak,,,
51,herman,kurtis_kraft,27,28,R,0.0,74,,Accident,,,
51,ray_crawford,kurtis_kraft,17,29,R,0.0,49,,Accident,,,
51,boyd,kurtis_kraft,12,30,R,0.0,35,,Oil leak,,,
51,ruttman,kurtis_kraft,11,31,R,0.0,22,,Spun off,,,
51,thomson,kuzma,18,32,R,0.0,22,,Spun off,,,
51,paul_russo,kurtis_kraft,8,33,R,1.0,21,,Accident,,,
52,collins,ferrari,3,1,1,8.0,36,2:40:00.300,Finished,,,
52,frere,ferrari,8,2,2,6.0,36,+1:51.300,Finished,,,
52,perdisa,maserati,9,3,3,2.0,36,+3:16.600,Finished,,,
52,moss,maserati,9,3,3,3.0,36,+3:16.600,Finished,,,
52,schell,vanwall,6,4,4,3.0,35,,+1 Lap,,,
52,villoresi,maserati,11,5,5,2.0,34,,+2 Laps,,,
52,andre_pilette,ferrari,16,6,6,0.0,33,,+3 Laps,,,
52,behra,maserati,4,7,7,0.0,33,,+3 Laps,,,
52,rosier,maserati,10,8,8,0.0,33,,+3 Laps,,,
52,fangio,ferrari,1,9,R,0.0,23,,Transmission,,,
52,trintignant,vanwall,7,10,R,0.0,11,,Fuel system,,,
52,castellotti,ferrari,5,12,R,0.0,10,,Transmission,,,
52,scotti,connaught,12,13,R,0.0,10,,Engine,,,
52,gould,maserati,15,14,R,0.0,2,,Gearbox,,,
52,godia,maserati,13,15,R,0.0,0,,Accident,,,
53,collins,ferrari,3,1,1,8.0,61,2:34:23.400,Finished,,,
53,castellotti,ferrari,2,2,2,6.0,61,+0.300,Finished,,,
53,behra,maserati,7,3,3,4.0,61,+1:29.900,Finished,,,
53,fangio,ferrari,1,4,4,4.0,61,+1:35.100,Finished,,,
53,moss,maserati,13,5,5,1.0,59,,+2 Laps,,,
53,perdisa,maserati,13,5,5,1.0,59,,+2 Laps,,,
53,rosier,maserati,12,6,6,0.0,58,,+3 Laps,,,
53,godia,maserati,17,7,7,0.0,57,,+4 Laps,,,
53,ramos,gordini,14,8,8,0.0,57,,+4 Laps,,,
53,manzon,gordini,15,9,9,0.0,56,,+5 Laps,,,
53,hawthorn,vanwall,6,10,10,0.0,56,,+5 Laps,,,
53,schell,vanwall,6,10,10,0.0,56,,+5 Laps,,,
53,andre_pilette,gordini,19,11,11,0.0,55,,+6 Laps,,,
53,simon,maserati,20,12,R,0.0,41,,Engine,,,
53,gendebien,ferrari,11,14,R,0.0,38,,Clutch,,,
53,villoresi,maserati,10,15,R,0.0,23,,Brakes,,,
53,portago,ferrari,9,16,R,0.0,20,,Gearbox,,,
53,trintignant,bugatti,18,17,R,0.0,18,,Throttle,,,
53,chapman,vanwall,5,20,W,0.0,0,,Accident,,,
54,fangio,ferrari,2,1,1,8.0,101,2:59,Finished,,,
54,collins,ferrari,12,2,2,3.0,100,,+1 Lap,,,
54,portago,ferrari,12,2,2,3.0,100,,+1 Lap,,,
54,behra,maserati,13,3,3,4.0,99,,+2 Laps,,,
54,fairman,connaught,21,4,4,3.0,98,,+3 Laps,,,
54,gould,maserati,14,5,5,2.0,97,,+4 Laps,,,
54,villoresi,maserati,19,6,6,0.0,96,,+5 Laps,,,
54,perdisa,maserati,15,7,7,0.0,95,,+6 Laps,,,
54,godia,maserati,25,8,8,0.0,94,,+7 Laps,,,
54,manzon,gordini,18,9,9,0.0,94,,+7 Laps,,,
54,castellotti,ferrari,8,10,10,0.0,92,,+9 Laps,,,
54,gerard,cooper,22,11,11,0.0,88,,+13 Laps,,,
54,moss,maserati,1,12,R,1.0,94,,Axle,,,
54,schell,vanwall,5,13,R,0.0,87,,Fuel system,,,
54,titterington,connaught,11,14,R,0.0,74,,Engine,,,
54,trintignant,vanwall,16,15,R,0.0,74,,Fuel system,,,
54,ramos,gordini,26,16,R,0.0,71,,Axle,,,
54,salvadori,maserati,7,18,R,0.0,59,,Fuel system,,,
54,brooks,brm,9,19,R,0.0,39,,Accident,,,
54,hawthorn,brm,3,20,R,0.0,24,,Transmission,,,
54,rosier,maserati,27,21,R,0.0,23,,Electrical,,,
54,halford,maserati,20,22,R,0.0,22,,Engine,,,
54,maglioli,maserati,24,23,R,0.0,21,,Gearbox,,,
54,scott_Brown,connaught,10,24,R,0.0,16,,Transmission,,,
54,emery,emeryson,23,25,R,0.0,12,,Ignition,,,
54,jack_brabham,maserati,28,26,R,0.0,3,,Engine,,,
54,flockhart,brm,17,27,R,0.0,2,,Engine,,,
54,gonzalez,vanwall,6,28,R,0.0,0,,Transmission,,,
55,fangio,ferrari,1,1,1,9.0,22,3:38:43.700,Finished,,,
55,moss,maserati,4,2,2,6.0,22,+46.400,Finished,,,
55,behra,maserati,8,3,3,4.0,22,+7:38.300,Finished,,,
55,godia,maserati,16,4,4,3.0,20,,+2 Laps,,,
55,rosier,maserati,14,5,5,2.0,19,,+3 Laps,,,
55,halford,maserati,11,6,D,0.0,20,,Disqualified,,,
55,volonterio,maserati,19,7,R,0.0,16,,+6 Laps,,,
55,milhoux,gordini,21,8,R,0.0,15,,Engine,,,
55,portago,ferrari,10,9,R,0.0,14,,Accident,,,
55,schell,maserati,12,10,R,0.0,13,,Overheating,,,
55,villoresi,maserati,20,11,R,0.0,13,,Engine,,,
55,musso,ferrari,5,12,R,0.0,11,,Accident,,,
55,collins,ferrari,2,13,R,0.0,8,,Fuel leak,,,
55,castellotti,ferrari,3,14,R,0.0,5,,Electrical,,,
55,maglioli,maserati,7,15,R,0.0,3,,Steering,,,
55,gould,maserati,13,16,R,0.0,3,,Oil pressure,,,
55,salvadori,maserati,9,17,R,0.0,2,,Suspension,,,
55,manzon,gordini,15,18,R,0.0,0,,Suspension,,,
55,scarlatti,ferrari,17,19,R,0.0,0,,Engine,,,
55,perdisa,maserati,0,20,W,0.0,0,,Withdrew,,,
55,andre_pilette,gordini,0,21,W,0.0,0,,Withdrew,,,
55,piotti,maserati,0,22,W,0.0,0,,Withdrew,,,
56,moss,maserati,6,1,1,9.0,50,2:23:41.300,Finished,,,
56,fangio,ferrari,7,2,2,3.0,50,+5.700,Finished,,,
56,collins,ferrari,7,2,2,3.0,50,+5.700,Finished,,,
56,flockhart,connaught,26,3,3,4.0,49,,+1 Lap,,,
56,godia,maserati,18,4,4,3.0,49,,+1 Lap,,,
56,fairman,connaught,16,5,5,2.0,47,,+3 Laps,,,
56,piotti,maserati,15,6,6,0.0,47,,+3 Laps,,,
56,graffenried,maserati,19,7,7,0.0,46,,+4 Laps,,,
56,castellotti,ferrari,1,8,8,0.0,46,,+4 Laps,,,
56,simon,gordini,25,9,9,0.0,45,,+5 Laps,,,
56,gerini,maserati,17,10,10,0.0,42,,+8 Laps,,,
56,salvadori,maserati,14,11,11,0.0,41,,+9 Laps,,,
56,musso,ferrari,3,12,R,0.0,47,,Steering,,,
56,maglioli,maserati,13,13,R,0.0,42,,Steering,,,
56,behra,maserati,13,13,R,0.0,42,,Steering,,,
56,schell,vanwall,10,14,R,0.0,32,,Transmission,,,
56,halford,maserati,22,16,R,0.0,16,,Engine,,,
56,trintignant,vanwall,11,17,R,0.0,13,,Transmission,,,
56,taruffi,vanwall,4,18,R,0.0,12,,Oil leak,,,
56,bonnier,maserati,8,20,R,0.0,7,,Engine,,,
56,villoresi,maserati,8,20,R,0.0,7,,Engine,,,
56,manzon,gordini,23,21,R,0.0,7,,Chassis,,,
56,portago,ferrari,9,22,R,0.0,6,,Tyre,,,
56,leston,connaught,20,23,R,0.0,6,,Suspension,,,
56,ramos,gordini,21,24,R,0.0,3,,Engine,,,
56,trips,ferrari,0,25,W,0.0,0,,Withdrew,,,
57,fangio,maserati,2,1,1,8.0,100,3:00:55.900,Finished,,,
57,behra,maserati,3,2,2,6.0,100,+18.300,Finished,,,
57,menditeguy,maserati,8,3,3,4.0,99,,+1 Lap,,,
57,schell,maserati,9,4,4,3.0,98,,+2 Laps,,,
57,portago,ferrari,10,5,5,1.0,98,,+2 Laps,,,
57,gonzalez,ferrari,10,5,5,1.0,98,,+2 Laps,,,
57,trips,ferrari,11,6,6,0.0,98,,+2 Laps,,,
57,collins,ferrari,11,6,6,0.0,98,,+2 Laps,,,
57,perdisa,ferrari,11,6,6,0.0,98,,+2 Laps,,,
57,bonnier,maserati,13,7,7,0.0,95,,+5 Laps,,,
57,moss,maserati,1,8,8,1.0,93,,+7 Laps,,,
57,tomaso,ferrari,12,9,9,0.0,91,,+9 Laps,,,
57,piotti,maserati,14,10,10,0.0,90,,+10 Laps,,,
57,castellotti,ferrari,4,11,R,0.0,75,,Wheel,,,
57,hawthorn,ferrari,7,12,R,0.0,35,,Clutch,,,
57,musso,ferrari,6,13,R,0.0,31,,Clutch,,,
58,fangio,maserati,1,1,1,9.0,105,3:10:12.800,Finished,,,
58,brooks,vanwall,4,2,2,6.0,105,+25.200,Finished,,,
58,gregory,maserati,10,3,3,4.0,103,,+2 Laps,,,
58,lewis-evans,connaught,13,4,4,3.0,102,,+3 Laps,,,
58,trintignant,ferrari,6,5,5,2.0,100,,+5 Laps,,,
58,jack_brabham,cooper,15,6,6,0.0,100,,+5 Laps,,,
58,hawthorn,ferrari,9,7,R,0.0,95,,Engine,,,
58,trips,ferrari,9,7,R,0.0,95,,Engine,,,
58,schell,maserati,14,8,R,0.0,64,,Oil leak,,,
58,scarlatti,maserati,14,8,R,0.0,64,,Oil leak,,,
58,flockhart,brm,11,9,R,0.0,60,,Engine,,,
58,menditeguy,maserati,7,10,R,0.0,51,,Spun off,,,
58,bueb,connaught,16,11,R,0.0,47,,Fuel leak,,,
58,gould,maserati,12,13,R,0.0,10,,Accident,,,
58,collins,ferrari,2,14,R,0.0,4,,Accident,,,
58,moss,vanwall,3,15,R,0.0,4,,Accident,,,
59,hanks,epperly,13,1,1,8.0,200,3:41:14.250,Finished,,,
59,rathmann,epperly,32,2,2,7.0,200,+21.460,Finished,,,
59,bryan,kuzma,15,3,3,4.0,200,+2:13.970,Finished,,,
59,paul_russo,kurtis_kraft,10,4,4,3.0,200,+2:56.860,Finished,,,
59,linden,kurtis_kraft,12,5,5,2.0,200,+3:14.270,Finished,,,
59,boyd,kurtis_kraft,5,6,6,0.0,200,+4:35.270,Finished,,,
59,teague,kurtis_kraft,28,7,7,0.0,200,+4:45.580,Finished,,,
59,connor,kurtis_kraft,1,8,8,0.0,200,+5:33.150,Finished,,,
59,veith,phillips,16,9,9,0.0,200,+6:17.110,Finished,,,
59,hartley,lesovsky,14,10,10,0.0,200,+7:10.120,Finished,,,
59,turner,kurtis_kraft,19,11,11,0.0,200,+7:56.070,Finished,,,
59,thomson,kuzma,11,12,12,0.0,199,,+1 Lap,,,
59,christie,kurtis_kraft,33,13,13,0.0,197,,+3 Laps,,,
59,weyant,kuzma,25,14,14,0.0,196,,+4 Laps,,,
59,bettenhausen,kurtis_kraft,22,15,15,0.0,195,,+5 Laps,,,
59,parsons,kurtis_kraft,17,16,16,0.0,195,,+5 Laps,,,
59,freeland,kurtis_kraft,21,17,17,0.0,192,,+8 Laps,,,
59,reece,kurtis_kraft,6,18,R,0.0,182,,Throttle,,,
59,edmunds,kurtis_kraft,27,19,R,0.0,170,,Spun off,,,
59,tolan,kurtis_kraft,31,20,R,0.0,138,,Clutch,,,
59,herman,dunn,30,21,R,0.0,111,,Accident,,,
59,agabashian,kurtis_kraft,4,22,R,0.0,107,,Fuel leak,,,
59,sachs,kuzma,2,23,R,0.0,105,,Fuel leak,,,
59,magill,kurtis_kraft,18,24,R,0.0,101,,Accident,,,
59,johnson,kurtis_kraft,20,25,R,0.0,93,,Wheel bearing,,,
59,cheesbourg,kurtis_kraft,23,26,R,0.0,81,,Fuel leak,,,
59,keller,kurtis_kraft,8,27,R,0.0,75,,Accident,,,
59,daywalt,kurtis_kraft,29,28,R,0.0,53,,Accident,,,
59,elisian,kurtis_kraft,7,29,R,0.0,51,,Retired,,,
59,ward,lesovsky,24,30,R,0.0,27,,Turbo,,,
59,ruttman,watson,3,31,R,0.0,13,,Engine,,,
59,russo,kurtis_kraft,26,32,R,0.0,0,,Accident,,,
59,george,kurtis_kraft,9,33,R,0.0,0,,Accident,,,
60,fangio,maserati,1,1,1,8.0,77,3:07:46.400,Finished,,,
60,musso,ferrari,3,2,2,7.0,77,+50.800,Finished,,,
60,collins,ferrari,5,3,3,4.0,77,+2:06.000,Finished,,,
60,hawthorn,ferrari,7,4,4,3.0,76,,+1 Lap,,,
60,schell,maserati,4,5,5,2.0,70,,+7 Laps,,,
60,behra,maserati,2,6,6,0.0,69,,+8 Laps,,,
60,jack_brabham,cooper,15,7,7,0.0,68,,+9 Laps,,,
60,macdowel,cooper,15,7,7,0.0,68,,+9 Laps,,,
60,menditeguy,maserati,9,8,R,0.0,30,,Engine,,,
60,lewis-evans,vanwall,10,9,R,0.0,30,,Steering,,,
60,salvadori,vanwall,6,10,R,0.0,25,,Engine,,,
60,mackay-fraser,brm,12,11,R,0.0,24,,Transmission,,,
60,trintignant,ferrari,8,12,R,0.0,23,,Electrical,,,
60,gould,maserati,14,14,R,0.0,4,,Halfshaft,,,
60,flockhart,brm,11,15,R,0.0,2,,Accident,,,
61,brooks,vanwall,3,1,1,4.0,90,3:06:37.800,Finished,,,
61,moss,vanwall,3,1,1,5.0,90,3:06:37.800,Finished,,,
61,musso,ferrari,10,2,2,6.0,90,+25.600,Finished,,,
61,hawthorn,ferrari,5,3,3,4.0,90,+42.800,Finished,,,
61,collins,ferrari,9,4,4,0.0,88,,+2 Laps,,,
61,trintignant,ferrari,9,4,4,3.0,88,,+2 Laps,,,
61,salvadori,cooper,15,5,5,2.0,85,,+5 Laps,,,
61,gerard,cooper,18,6,6,0.0,82,,+8 Laps,,,
61,lewis-evans,vanwall,6,7,7,0.0,82,,+8 Laps,,,
61,bueb,maserati,19,8,8,0.0,71,,+19 Laps,,,
61,jack_brabham,cooper,13,9,R,0.0,74,,Clutch,,,
61,behra,maserati,2,10,R,0.0,69,,Clutch,,,
61,fangio,maserati,4,13,R,0.0,49,,Engine,,,
61,fairman,brm,16,14,R,0.0,46,,Engine,,,
61,leston,brm,12,15,R,0.0,44,,Engine,,,
61,schell,maserati,7,16,R,0.0,39,,Water pump,,,
61,menditeguy,maserati,11,17,R,0.0,35,,Transmission,,,
61,bonnier,maserati,17,18,R,0.0,18,,Gearbox,,,
61,gould,maserati,14,19,W,0.0,0,,Accident,,,
62,fangio,maserati,1,1,1,9.0,22,3:30:38.300,Finished,,,
62,hawthorn,ferrari,2,2,2,6.0,22,+3.600,Finished,,,
62,collins,ferrari,4,3,3,4.0,22,+35.600,Finished,,,
62,musso,ferrari,8,4,4,3.0,22,+3:37.600,Finished,,,
62,moss,vanwall,7,5,5,2.0,22,+4:37.200,Finished,,,
62,behra,maserati,3,6,6,0.0,22,+4:38.500,Finished,,,
62,schell,maserati,6,7,7,0.0,22,+6:47.500,Finished,,,
62,gregory,maserati,10,8,8,0.0,21,,+1 Lap,,,
62,brooks,vanwall,5,9,9,0.0,21,,+1 Lap,,,
62,scarlatti,maserati,13,10,10,0.0,21,,+1 Lap,,,
62,halford,maserati,16,11,11,0.0,21,,+1 Lap,,,
62,barth,porsche,12,12,12,0.0,21,,+1 Lap,,,
62,naylor,cooper,17,13,13,0.0,20,,+2 Laps,,,
62,beaufort,porsche,20,14,14,0.0,20,,+2 Laps,,,
62,marsh,cooper,22,15,15,0.0,17,,+5 Laps,,,
62,herrmann,maserati,11,16,R,0.0,14,,Chassis,,,
62,maglioli,porsche,15,17,R,0.0,13,,Engine,,,
62,salvadori,cooper,14,18,R,0.0,11,,Suspension,,,
62,godia,maserati,21,19,R,0.0,11,,Steering,,,
62,lewis-evans,vanwall,9,20,R,0.0,10,,Gearbox,,,
62,jack_brabham,cooper,18,21,R,0.0,6,,Transmission,,,
62,england,cooper,23,22,R,0.0,4,,Distributor,,,
62,gibson,cooper,24,23,R,0.0,3,,Steering,,,
62,gould,maserati,19,24,R,0.0,2,,Axle,,,
63,moss,vanwall,2,1,1,9.0,18,2:59:22.700,Finished,,,
63,fangio,maserati,1,2,2,6.0,18,+3:13.900,Finished,,,
63,schell,maserati,5,3,3,4.0,18,+6:46.800,Finished,,,
63,gregory,maserati,7,4,4,3.0,18,+8:16.500,Finished,,,
63,lewis-evans,vanwall,8,5,5,2.0,17,,+1 Lap,,,
63,scarlatti,maserati,10,6,6,0.0,17,,+1 Lap,,,
63,jack_brabham,cooper,16,7,7,0.0,15,,+3 Laps,,,
63,musso,ferrari,3,8,R,0.0,9,,Oil leak,,,
63,godia,maserati,12,9,R,0.0,9,,Engine,,,
63,halford,maserati,14,10,R,0.0,9,,Transmission,,,
63,bonnier,maserati,9,11,R,0.0,7,,Overheating,,,
63,behra,maserati,4,12,R,0.0,3,,Oil leak,,,
63,salvadori,cooper,15,13,R,0.0,3,,Accident,,,
63,brooks,vanwall,6,14,R,0.0,1,,Engine,,,
63,gould,maserati,11,15,R,0.0,0,,Accident,,,
63,piotti,maserati,13,16,R,0.0,0,,Engine,,,
64,moss,vanwall,2,1,1,8.0,87,2:35:03.900,Finished,,,
64,fangio,maserati,4,2,2,6.0,87,+41.200,Finished,,,
64,trips,ferrari,8,3,3,4.0,85,,+2 Laps,,,
64,gregory,maserati,11,4,4,3.0,84,,+3 Laps,,,
64,schell,maserati,12,5,5,1.0,84,,+3 Laps,,,
64,scarlatti,maserati,12,5,5,1.0,84,,+3 Laps,,,
64,hawthorn,ferrari,10,6,6,0.0,83,,+4 Laps,,,
64,brooks,vanwall,3,7,7,1.0,82,,+5 Laps,,,
64,musso,ferrari,9,8,8,0.0,82,,+5 Laps,,,
64,godia,maserati,15,9,9,0.0,81,,+6 Laps,,,
64,gould,maserati,18,10,10,0.0,78,,+9 Laps,,,
64,volonterio,maserati,16,11,11,0.0,72,,+15 Laps,,,
64,simon,maserati,16,11,11,0.0,72,,+15 Laps,,,
64,collins,ferrari,7,12,R,0.0,62,,Engine,,,
64,lewis-evans,vanwall,1,13,R,0.0,49,,Engine,,,
64,behra,maserati,5,14,R,0.0,49,,Overheating,,,
64,halford,maserati,14,15,R,0.0,47,,Engine,,,
64,bonnier,maserati,13,17,R,0.0,31,,Overheating,,,
64,piotti,maserati,17,18,R,0.0,3,,Engine,,,
65,moss,cooper,7,1,1,8.0,80,2:19:33.700,Finished,,,
65,musso,ferrari,5,2,2,6.0,80,+2.700,Finished,,,
65,hawthorn,ferrari,2,3,3,4.0,80,+12.600,Finished,,,
65,fangio,maserati,1,4,4,4.0,80,+53.000,Finished,,,
65,behra,maserati,4,5,5,2.0,78,,+2 Laps,,,
65,schell,maserati,8,6,6,0.0,77,,+3 Laps,,,
65,menditeguy,maserati,6,7,7,0.0,76,,+4 Laps,,,
65,godia,maserati,9,8,8,0.0,75,,+5 Laps,,,
65,gould,maserati,10,9,9,0.0,71,,+9 Laps,,,
65,collins,ferrari,3,10,R,0.0,0,,Halfshaft,,,
66,trintignant,cooper,5,1,1,8.0,100,2:52:27.900,Finished,,,
66,musso,ferrari,10,2,2,6.0,100,+20.200,Finished,,,
66,collins,ferrari,9,3,3,4.0,100,+38.800,Finished,,,
66,jack_brabham,cooper,3,4,4,3.0,97,,+3 Laps,,,
66,schell,brm,12,5,5,2.0,91,,+9 Laps,,,
66,allison,team_lotus,13,6,6,0.0,87,,+13 Laps,,,
66,trips,ferrari,11,7,R,0.0,91,,Engine,,,
66,bonnier,maserati,16,8,R,0.0,71,,Accident,,,
66,hill,team_lotus,15,9,R,0.0,69,,Halfshaft,,,
66,salvadori,cooper,4,10,R,0.0,56,,Gearbox,,,
66,hawthorn,ferrari,6,11,R,1.0,47,,Fuel pump,,,
66,moss,vanwall,8,12,R,0.0,38,,Engine,,,
66,behra,brm,2,13,R,0.0,29,,Brakes,,,
66,scarlatti,maserati,14,14,R,0.0,28,,Engine,,,
66,brooks,vanwall,1,15,R,0.0,22,,Engine,,,
66,lewis-evans,vanwall,7,16,R,0.0,11,,Overheating,,,
67,moss,vanwall,2,1,1,9.0,75,2:04:49.200,Finished,,,
67,schell,brm,7,2,2,6.0,75,+47.900,Finished,,,
67,behra,brm,4,3,3,4.0,75,+1:42.300,Finished,,,
67,salvadori,cooper,9,4,4,3.0,74,,+1 Lap,,,
67,hawthorn,ferrari,6,5,5,2.0,74,,+1 Lap,,,
67,allison,team_lotus,11,6,6,0.0,73,,+2 Laps,,,
67,musso,ferrari,12,7,7,0.0,73,,+2 Laps,,,
67,jack_brabham,cooper,5,8,8,0.0,73,,+2 Laps,,,
67,trintignant,cooper,8,9,9,0.0,72,,+3 Laps,,,
67,bonnier,maserati,15,10,10,0.0,71,,+4 Laps,,,
67,beaufort,porsche,17,11,11,0.0,69,,+6 Laps,,,
67,scarlatti,maserati,16,12,R,0.0,52,,Halfshaft,,,
67,lewis-evans,vanwall,1,13,R,0.0,46,,Engine,,,
67,hill,team_lotus,13,14,R,0.0,40,,Overheating,,,
67,collins,ferrari,10,15,R,0.0,32,,Gearbox,,,
67,gregory,maserati,14,16,R,0.0,16,,Fuel pump,,,
67,brooks,vanwall,3,17,R,0.0,13,,Halfshaft,,,
67,gould,maserati,0,18,W,0.0,0,,Withdrew,,,
68,bryan,epperly,7,1,1,8.0,200,3:44:13.800,Finished,,,
68,george_amick,epperly,25,2,2,6.0,200,+27.630,Finished,,,
68,boyd,kurtis_kraft,8,3,3,4.0,200,+1:09.670,Finished,,,
68,bettenhausen,epperly,9,4,4,4.0,200,+1:34.810,Finished,,,
68,rathmann,epperly,20,5,5,2.0,200,+1:35.620,Finished,,,
68,reece,watson,3,6,6,0.0,200,+2:16.950,Finished,,,
68,freeland,phillips,13,7,7,0.0,200,+2:21.060,Finished,,,
68,larson,watson,19,8,8,0.0,200,+5:34.020,Finished,,,
68,johnson,kurtis_kraft,26,9,9,0.0,200,+6:15.760,Finished,,,
68,cheesbourg,kurtis_kraft,33,10,10,0.0,200,+8:03.590,Finished,,,
68,keller,kurtis_kraft,21,11,11,0.0,200,+9:14.200,Finished,,,
68,parsons,kurtis_kraft,6,12,12,0.0,200,+9:40.850,Finished,,,
68,tolan,kuzma,30,13,13,0.0,200,+9:52.240,Finished,,,
68,christie,kurtis_kraft,17,14,R,0.0,189,,Spun off,,,
68,dempsey_wilson,kuzma,32,15,R,0.0,151,,Heat shield fire,,,
68,foyt,kuzma,12,16,R,0.0,148,,Spun off,,,
68,magill,kurtis_kraft,31,17,D,0.0,136,,Disqualified,,,
68,paul_russo,kurtis_kraft,14,18,R,0.0,122,,Throttle,,,
68,templeman,kurtis_kraft,23,19,R,0.0,116,,Brakes,,,
68,ward,lesovsky,11,20,R,0.0,93,,Magneto,,,
68,garrett,kurtis_kraft,15,21,R,0.0,80,,Magneto,,,
68,sachs,kuzma,18,22,R,0.0,68,,Transmission,,,
68,thomson,kurtis_kraft,22,23,R,0.0,52,,Steering,,,
68,weyant,dunn,29,24,R,0.0,38,,Accident,,,
68,turner,lesovsky,10,25,R,0.0,21,,Fuel pump,,,
68,veith,kurtis_kraft,4,26,R,0.0,1,,Accident,,,
68,dick_rathmann,watson,1,27,R,0.0,0,,Accident,,,
68,elisian,watson,2,28,R,0.0,0,,Accident,,,
68,connor,kurtis_kraft,5,29,R,0.0,0,,Accident,,,
68,goldsmith,kurtis_kraft,16,30,R,0.0,0,,Accident,,,
68,jerry_unser,kurtis_kraft,24,31,R,0.0,0,,Accident,,,
68,sutton,kurtis_kraft,27,32,R,0.0,0,,Accident,,,
68,bisch,kuzma,28,33,R,0.0,0,,Accident,,,
69,brooks,vanwall,5,1,1,8.0,24,1:37:06.300,Finished,,,
69,hawthorn,ferrari,1,2,2,7.0,24,+20.700,Finished,,,
69,lewis-evans,vanwall,11,3,3,4.0,24,+3:00.900,Finished,,,
69,allison,team_lotus,12,4,4,3.0,24,+4:15.500,Finished,,,
69,schell,brm,7,5,5,2.0,23,,+1 Lap,,,
69,gendebien,ferrari,6,6,6,0.0,23,,+1 Lap,,,
69,trintignant,maserati,16,7,7,0.0,23,,+1 Lap,,,
69,salvadori,cooper,13,8,8,0.0,23,,+1 Lap,,,
69,bonnier,maserati,14,9,9,0.0,22,,+2 Laps,,,
69,filippis,maserati,19,10,10,0.0,22,,+2 Laps,,,
69,godia,maserati,18,11,R,0.0,22,,Engine,,,
69,jack_brabham,cooper,8,12,R,0.0,16,,Overheating,,,
69,hill,team_lotus,15,13,R,0.0,12,,Engine,,,
69,musso,ferrari,2,14,R,0.0,5,,Accident,,,
69,collins,ferrari,4,15,R,0.0,5,,Overheating,,,
69,behra,brm,10,16,R,0.0,5,,Oil pressure,,,
69,seidel,maserati,17,17,R,0.0,4,,Halfshaft,,,
69,moss,vanwall,9,18,R,0.0,0,,Engine,,,
69,gregory,maserati,3,19,R,0.0,0,,Engine,,,
70,hawthorn,ferrari,1,1,1,9.0,50,2:03:21.300,Finished,,,
70,moss,vanwall,6,2,2,6.0,50,+24.600,Finished,,,
70,trips,ferrari,21,3,3,4.0,50,+59.700,Finished,,,
70,fangio,maserati,8,4,4,3.0,50,+2:30.600,Finished,,,
70,collins,ferrari,4,5,5,2.0,50,+5:24.900,Finished,,,
70,jack_brabham,cooper,12,6,6,0.0,49,,+1 Lap,,,
70,phil_hill,maserati,13,7,7,0.0,49,,+1 Lap,,,
70,bonnier,maserati,16,8,8,0.0,48,,+2 Laps,,,
70,gerini,maserati,15,9,9,0.0,47,,+3 Laps,,,
70,ruttman,maserati,18,10,10,0.0,45,,+5 Laps,,,
70,salvadori,cooper,14,11,11,0.0,37,,+13 Laps,,,
70,schell,brm,3,12,R,0.0,41,,Overheating,,,
70,behra,brm,9,13,R,0.0,41,,Fuel pump,,,
70,brooks,vanwall,10,14,R,0.0,35,,Engine,,,
70,lewis-evans,vanwall,10,14,R,0.0,35,,Engine,,,
70,hill,team_lotus,19,15,R,0.0,33,,Overheating,,,
70,godia,maserati,11,16,R,0.0,28,,Accident,,,
70,trintignant,brm,7,17,R,0.0,23,,Fuel pump,,,
70,musso,ferrari,2,19,R,0.0,9,,Accident,,,
70,shelby,maserati,17,20,R,0.0,9,,Engine,,,
70,allison,team_lotus,20,21,R,0.0,6,,Engine,,,
71,collins,ferrari,6,1,1,8.0,75,2:09:04.200,Finished,,,
71,hawthorn,ferrari,4,2,2,7.0,75,+24.200,Finished,,,
71,salvadori,cooper,3,3,3,4.0,75,+50.600,Finished,,,
71,lewis-evans,vanwall,7,4,4,3.0,75,+50.800,Finished,,,
71,schell,brm,2,5,5,2.0,75,+1:14.800,Finished,,,
71,jack_brabham,cooper,10,6,6,0.0,75,+1:23.200,Finished,,,
71,brooks,vanwall,9,7,7,0.0,74,,+1 Lap,,,
71,trintignant,cooper,12,8,8,0.0,73,,+2 Laps,,,
71,shelby,maserati,15,9,9,0.0,72,,+3 Laps,,,
71,trips,ferrari,11,10,R,0.0,59,,Engine,,,
71,bonnier,maserati,13,11,R,0.0,49,,Gearbox,,,
71,gerini,maserati,18,12,R,0.0,44,,Gearbox,,,
71,burgess,cooper,16,13,R,0.0,40,,Clutch,,,
71,moss,vanwall,1,14,R,0.0,25,,Engine,,,
71,allison,team_lotus,5,15,R,0.0,21,,Engine,,,
71,behra,brm,8,16,R,0.0,19,,Suspension,,,
71,bueb,connaught,17,17,R,0.0,19,,Gearbox,,,
71,stacey,team_lotus,20,18,R,0.0,19,,Overheating,,,
71,hill,team_lotus,14,19,R,0.0,17,,Overheating,,,
71,fairman,connaught,19,20,R,0.0,7,,Ignition,,,
72,brooks,vanwall,2,1,1,8.0,15,2:21,Finished,,,
72,salvadori,cooper,6,2,2,6.0,15,+3:29.700,Finished,,,
72,trintignant,cooper,7,3,3,4.0,15,+5:11.200,Finished,,,
72,trips,ferrari,5,4,4,3.0,15,+6:16.300,Finished,,,
72,mclaren,cooper,12,5,5,0.0,15,+6:26.300,Finished,,,
72,barth,porsche,13,6,6,0.0,15,+6:32.400,Finished,,,
72,burgess,cooper,11,7,7,0.0,15,+6:59.300,Finished,,,
72,marsh,cooper,14,8,8,0.0,15,+7:09.900,Finished,,,
72,phil_hill,ferrari,10,9,9,0.0,15,+7:45.500,Finished,,,
72,allison,team_lotus,24,10,10,0.0,13,,+2 Laps,,,
72,bueb,team_lotus,16,11,11,0.0,13,,+2 Laps,,,
72,hawthorn,ferrari,1,12,R,0.0,11,,Clutch,,,
72,collins,ferrari,4,13,R,0.0,10,,Accident,,,
72,seidel,cooper,17,14,R,0.0,9,,Suspension,,,
72,schell,brm,8,15,R,0.0,9,,Brakes,,,
72,goethals,cooper,23,16,R,0.0,4,,Fuel pump,,,
72,hill,team_lotus,22,17,R,0.0,4,,Oil pipe,,,
72,behra,brm,9,18,R,0.0,4,,Suspension,,,
72,beaufort,porsche,15,19,R,0.0,3,,Engine,,,
72,herrmann,maserati,20,20,R,0.0,3,,Engine,,,
72,moss,vanwall,3,21,R,1.0,3,,Magneto,,,
72,gibson,cooper,18,22,R,0.0,2,,Engine,,,
72,naylor,cooper,25,23,R,0.0,1,,Fuel pump,,,
72,jack_brabham,cooper,19,24,R,0.0,1,,Collision,,,
72,bonnier,maserati,21,25,R,0.0,1,,Accident,,,
72,ruttman,maserati,0,26,W,0.0,0,,Engine,,,
73,moss,vanwall,1,1,1,8.0,50,2:11:27.800,Finished,,,
73,hawthorn,ferrari,2,2,2,7.0,50,+5:12.750,Finished,,,
73,lewis-evans,vanwall,3,3,3,4.0,49,,+1 Lap,,,
73,behra,brm,4,4,4,3.0,49,,+1 Lap,,,
73,trips,ferrari,6,5,5,2.0,49,,+1 Lap,,,
73,schell,brm,7,6,6,0.0,49,,+1 Lap,,,
73,jack_brabham,cooper,8,7,7,0.0,48,,+2 Laps,,,
73,trintignant,cooper,9,8,8,0.0,48,,+2 Laps,,,
73,salvadori,cooper,11,9,9,0.0,46,,+4 Laps,,,
73,shelby,maserati,10,10,R,0.0,47,,Brakes,,,
73,brooks,vanwall,5,11,R,0.0,37,,Spun off,,,
73,hill,team_lotus,12,12,R,0.0,25,,Spun off,,,
73,allison,maserati,13,13,R,0.0,15,,Engine,,,
73,bonnier,maserati,14,14,R,0.0,9,,Physical,,,
73,filippis,maserati,15,15,R,0.0,6,,Engine,,,
74,brooks,vanwall,2,1,1,8.0,70,2:03:47.800,Finished,,,
74,hawthorn,ferrari,3,2,2,6.0,70,+24.200,Finished,,,
74,phil_hill,ferrari,7,3,3,5.0,70,+28.300,Finished,,,
74,shelby,maserati,11,4,4,0.0,69,,+1 Lap,,,
74,gregory,maserati,11,4,4,0.0,69,,+1 Lap,,,
74,salvadori,cooper,14,5,5,2.0,62,,+8 Laps,,,
74,hill,team_lotus,12,6,6,0.0,62,,+8 Laps,,,
74,allison,team_lotus,16,7,7,0.0,61,,+9 Laps,,,
74,filippis,maserati,21,8,R,0.0,57,,Engine,,,
74,cabianca,maserati,20,9,R,0.0,51,,Engine,,,
74,behra,brm,8,10,R,0.0,42,,Clutch,,,
74,herrmann,maserati,18,11,R,0.0,32,,Engine,,,
74,lewis-evans,vanwall,4,12,R,0.0,30,,Overheating,,,
74,trintignant,cooper,13,13,R,0.0,24,,Gearbox,,,
74,moss,vanwall,1,14,R,0.0,17,,Gearbox,,,
74,bonnier,brm,10,15,R,0.0,14,,Transmission,,,
74,gendebien,ferrari,5,16,R,0.0,4,,Suspension,,,
74,gerini,maserati,19,17,R,0.0,2,,Accident,,,
74,trips,ferrari,6,19,R,0.0,0,,Accident,,,
74,schell,brm,9,20,R,0.0,0,,Accident,,,
74,jack_brabham,cooper,15,21,R,0.0,0,,Suspension,,,
75,moss,vanwall,2,1,1,9.0,53,2:09:15.100,Finished,,,
75,hawthorn,ferrari,1,2,2,6.0,53,+1:24.700,Finished,,,
75,phil_hill,ferrari,5,3,3,4.0,53,+1:25.500,Finished,,,
75,bonnier,brm,8,4,4,3.0,53,+1:46.700,Finished,,,
75,schell,brm,10,5,5,2.0,53,+2:33.700,Finished,,,
75,gregory,maserati,13,6,6,0.0,52,,+1 Lap,,,
75,salvadori,cooper,14,7,7,0.0,51,,+2 Laps,,,
75,fairman,cooper,11,8,8,0.0,50,,+3 Laps,,,
75,herrmann,maserati,18,9,9,0.0,50,,+3 Laps,,,
75,allison,team_lotus,16,10,10,0.0,49,,+4 Laps,,,
75,jack_brabham,cooper,19,11,11,0.0,49,,+4 Laps,,,
75,gerini,maserati,17,12,12,0.0,48,,+5 Laps,,,
75,mclaren,cooper,21,13,13,0.0,48,,+5 Laps,,,
75,la_caze,cooper,23,14,14,0.0,48,,+5 Laps,,,
75,guelfi,cooper,25,15,15,0.0,48,,+5 Laps,,,
75,hill,team_lotus,12,16,16,0.0,45,,+7 Laps,,,
75,lewis-evans,vanwall,3,17,R,0.0,41,,Accident,,,
75,picard,cooper,24,18,R,0.0,31,,Accident,,,
75,bridger,cooper,22,19,R,0.0,30,,Accident,,,
75,brooks,vanwall,7,20,R,0.0,29,,Engine,,,
75,gendebien,ferrari,6,21,R,0.0,29,,Accident,,,
75,behra,brm,4,22,R,0.0,26,,Engine,,,
75,seidel,cooper,20,23,R,0.0,15,,Accident,,,
75,flockhart,brm,15,24,R,0.0,15,,Engine,,,
75,trintignant,cooper,9,25,R,0.0,9,,Engine,,,
76,jack_brabham,cooper-climax,3,1,1,9.0,100,2:55:51.300,Finished,,,
76,brooks,ferrari,4,2,2,6.0,100,+20.400,Finished,,,
76,trintignant,cooper-climax,6,3,3,4.0,98,,+2 Laps,,,
76,phil_hill,ferrari,5,4,4,3.0,97,,+3 Laps,,,
76,mclaren,cooper-climax,13,5,5,2.0,96,,+4 Laps,,,
76,salvadori,cooper-maserati,8,6,6,0.0,83,,+17 Laps,,,
76,moss,cooper-climax,1,7,R,0.0,81,,Transmission,,,
76,flockhart,brm,10,8,R,0.0,64,,Spun off,,,
76,schell,brm,9,9,R,0.0,48,,Accident,,,
76,bonnier,brm,7,10,R,0.0,44,,Brakes,,,
76,behra,ferrari,2,11,R,0.0,24,,Engine,,,
76,hill,team_lotus,14,12,R,0.0,21,,Heat shield fire,,,
76,gregory,cooper-climax,11,13,R,0.0,6,,Gearbox,,,
76,trips,porsche,12,14,R,0.0,1,,Collision,,,
76,allison,ferrari,15,15,R,0.0,1,,Collision,,,
76,halford,team_lotus,16,16,R,0.0,1,,Collision,,,
77,ward,watson,6,1,1,8.0,200,3:40:49.200,Finished,,,
77,rathmann,watson,3,2,2,6.0,200,+23.280,Finished,,,
77,thomson,lesovsky,1,3,3,5.0,200,+50.640,Finished,,,
77,bettenhausen,epperly,15,4,4,3.0,200,+1:47.090,Finished,,,
77,goldsmith,epperly,16,5,5,2.0,200,+2:06.440,Finished,,,
77,boyd,epperly,11,6,6,0.0,200,+3:16.980,Finished,,,
77,darter,kurtis_kraft,12,7,7,0.0,200,+4:09.920,Finished,,,
77,johnson,kurtis_kraft,8,8,8,0.0,200,+4:10.530,Finished,,,
77,paul_russo,kurtis_kraft,27,9,9,0.0,200,+4:11.040,Finished,,,
77,foyt,kuzma,17,10,10,0.0,200,+4:14.480,Finished,,,
77,hartley,kuzma,9,11,11,0.0,200,+5:42.480,Finished,,,
77,veith,moore,7,12,12,0.0,200,+6:09.730,Finished,,,
77,herman,dunn,23,13,13,0.0,200,+6:40.400,Finished,,,
77,daywalt,kurtis_kraft,13,14,14,0.0,200,+6:41.540,Finished,,,
77,arnold,kurtis_kraft,21,15,15,0.0,200,+8:19.860,Finished,,,
77,mcwithey,kurtis_kraft,33,16,16,0.0,200,+11:41.690,Finished,,,
77,sachs,kuzma,2,17,R,0.0,182,,Spun off,,,
77,keller,kuzma,28,18,R,0.0,163,,Engine,,,
77,flaherty,watson,18,19,R,0.0,162,,Accident,,,
77,dick_rathmann,watson,4,20,R,0.0,150,,Heat shield fire,,,
77,cheesbourg,kuzma,30,21,R,0.0,147,,Magneto,,,
77,freeland,kurtis_kraft,25,22,R,0.0,136,,Magneto,,,
77,ray_crawford,elder,32,23,R,0.0,115,,Accident,,,
77,branson,phillips,10,24,R,0.0,112,,Suspension,,,
77,christie,kurtis_kraft,24,25,R,0.0,109,,Engine,,,
77,grim,kurtis_kraft,5,26,R,0.0,85,,Magneto,,,
77,turner,vhristensen,14,27,R,0.0,47,,Fuel leak,,,
77,weyant,kurtis_kraft,29,28,R,0.0,45,,Accident,,,
77,larson,kurtis_kraft,19,29,R,0.0,45,,Accident,,,
77,magill,sutton,31,30,R,0.0,45,,Accident,,,
77,amick,kurtis_kraft,26,31,R,0.0,45,,Accident,,,
77,sutton,lesovsky,22,32,R,0.0,34,,Accident,,,
77,bryan,epperly,20,33,R,0.0,1,,Engine,,,
78,bonnier,brm,1,1,1,8.0,75,2:05:26.800,Finished,,,
78,jack_brabham,cooper-climax,2,2,2,6.0,75,+14.200,Finished,,,
78,gregory,cooper-climax,7,3,3,4.0,75,+1:23.000,Finished,,,
78,ireland,team_lotus,9,4,4,3.0,74,,+1 Lap,,,
78,behra,ferrari,4,5,5,2.0,74,,+1 Lap,,,
78,phil_hill,ferrari,12,6,6,0.0,73,,+2 Laps,,,
78,hill,team_lotus,5,7,7,0.0,73,,+2 Laps,,,
78,trintignant,cooper-climax,11,8,8,0.0,73,,+2 Laps,,,
78,allison,ferrari,15,9,9,0.0,71,,+4 Laps,,,
78,beaufort,porsche,14,10,10,0.0,68,,+7 Laps,,,
78,moss,cooper-climax,3,11,R,1.0,62,,Gearbox,,,
78,schell,brm,6,12,R,0.0,46,,Gearbox,,,
78,brooks,ferrari,8,13,R,0.0,42,,Oil leak,,,
78,shelby,aston_martin,10,14,R,0.0,25,,Engine,,,
78,salvadori,aston_martin,13,15,R,0.0,3,,Engine,,,
79,brooks,ferrari,1,1,1,8.0,50,2:01:26.500,Finished,,,
79,phil_hill,ferrari,3,2,2,6.0,50,+27.500,Finished,,,
79,jack_brabham,cooper-climax,2,3,3,4.0,50,+1:37.700,Finished,,,
79,gendebien,ferrari,11,4,4,3.0,50,+1:47.500,Finished,,,
79,mclaren,cooper-climax,10,5,5,2.0,50,+1:47.700,Finished,,,
79,flockhart,brm,13,6,6,0.0,50,+2:05.700,Finished,,,
79,schell,brm,9,7,7,0.0,47,,+3 Laps,,,
79,scarlatti,maserati,21,8,8,0.0,41,,+9 Laps,,,
79,beaufort,maserati,20,9,9,0.0,40,,+10 Laps,,,
79,orey,maserati,18,10,10,0.0,40,,+10 Laps,,,
79,trintignant,cooper-climax,8,11,11,0.0,36,,+14 Laps,,,
79,moss,brm,4,12,D,1.0,42,,Disqualified,,,
79,behra,ferrari,5,13,R,0.0,31,,Engine,,,
79,salvadori,cooper-maserati,16,14,R,0.0,20,,Engine,,,
79,gurney,ferrari,12,15,R,0.0,19,,Radiator,,,
79,ireland,team_lotus,15,16,R,0.0,14,,Wheel,,,
79,burgess,cooper-maserati,19,17,R,0.0,13,,Engine,,,
79,gregory,cooper-climax,7,18,R,0.0,8,,Physical,,,
79,hill,team_lotus,14,19,R,0.0,7,,Radiator,,,
79,davis,cooper-maserati,17,20,R,0.0,7,,Oil leak,,,
79,bonnier,brm,6,21,R,0.0,6,,Engine,,,
79,fontes,maserati,0,22,W,0.0,0,,Withdrew,,,
80,jack_brabham,cooper-climax,1,1,1,8.0,75,2:30:11.600,Finished,,,
80,moss,brm,7,2,2,6.5,75,+22.200,Finished,,,
80,mclaren,cooper-climax,8,3,3,4.5,75,+22.400,Finished,,,
80,schell,brm,3,4,4,3.0,74,,+1 Lap,,,
80,trintignant,cooper-climax,4,5,5,2.0,74,,+1 Lap,,,
80,salvadori,aston_martin,2,6,6,0.0,74,,+1 Lap,,,
80,gregory,cooper-climax,5,7,7,0.0,73,,+2 Laps,,,
80,stacey,team_lotus,12,8,8,0.0,71,,+4 Laps,,,
80,hill,team_lotus,9,9,9,0.0,70,,+5 Laps,,,
80,bristow,cooper-borgward,16,10,10,0.0,70,,+5 Laps,,,
80,henry_taylor,cooper-climax,21,11,11,0.0,69,,+6 Laps,,,
80,ashdown,cooper-climax,23,12,12,0.0,69,,+6 Laps,,,
80,bueb,cooper-borgward,18,13,13,0.0,69,,+6 Laps,,,
80,shelby,aston_martin,6,14,R,0.0,69,,Ignition,,,
80,orey,maserati,20,15,R,0.0,57,,Accident,,,
80,flockhart,brm,11,16,R,0.0,53,,Spun off,,,
80,fairman,cooper-climax,15,17,R,0.0,39,,Gearbox,,,
80,bonnier,brm,10,18,R,0.0,37,,Brakes,,,
80,burgess,cooper-maserati,13,19,R,0.0,31,,Transmission,,,
80,herrmann,cooper-maserati,19,20,R,0.0,21,,Gearbox,,,
80,piper,team_lotus,22,21,R,0.0,19,,Overheating,,,
80,naylor,jbw,14,22,R,0.0,18,,Transmission,,,
80,mike_taylor,cooper-climax,24,23,R,0.0,17,,Transmission,,,
80,brooks,vanwall,17,24,R,0.0,13,,Ignition,,,
81,brooks,ferrari,1,1,1,9.0,60,2:09:31.600,Finished,,,
81,gurney,ferrari,3,2,2,6.0,60,+2.900,Finished,,,
81,phil_hill,ferrari,6,3,3,4.0,60,+1:04.800,Finished,,,
81,trintignant,cooper-climax,12,4,4,3.0,59,,+1 Lap,,,
81,bonnier,brm,7,5,5,2.0,58,,+2 Laps,,,
81,burgess,cooper-maserati,15,6,6,0.0,56,,+4 Laps,,,
81,schell,brm,8,7,7,0.0,49,,+11 Laps,,,
81,mclaren,cooper-climax,9,8,R,0.0,36,,Transmission,,,
81,herrmann,brm,11,9,R,0.0,36,,Accident,,,
81,gregory,cooper-climax,5,10,R,0.0,23,,Engine,,,
81,jack_brabham,cooper-climax,4,11,R,0.0,15,,Transmission,,,
81,hill,team_lotus,10,12,R,0.0,10,,Gearbox,,,
81,ireland,team_lotus,13,13,R,0.0,7,,Differential,,,
81,allison,ferrari,14,14,R,0.0,2,,Clutch,,,
81,moss,cooper-climax,2,15,R,0.0,1,,Transmission,,,
82,moss,cooper-climax,1,1,1,9.0,62,2:11:55.410,Finished,,,
82,gregory,cooper-climax,3,2,2,6.0,61,,+1 Lap,,,
82,gurney,ferrari,6,3,3,4.0,61,,+1 Lap,,,
82,trintignant,cooper-climax,4,4,4,3.0,60,,+2 Laps,,,
82,schell,brm,9,5,5,2.0,59,,+3 Laps,,,
82,salvadori,aston_martin,12,6,6,0.0,59,,+3 Laps,,,
82,flockhart,brm,11,7,7,0.0,59,,+3 Laps,,,
82,shelby,aston_martin,13,8,8,0.0,58,,+4 Laps,,,
82,brooks,ferrari,10,9,9,0.0,57,,+5 Laps,,,
82,cabral,cooper-maserati,14,10,10,0.0,56,,+6 Laps,,,
82,mclaren,cooper-climax,8,11,R,0.0,38,,Transmission,,,
82,jack_brabham,cooper-climax,2,12,R,0.0,23,,Transmission,,,
82,bonnier,brm,5,13,R,0.0,10,,Engine,,,
82,phil_hill,ferrari,7,14,R,0.0,5,,Accident,,,
82,hill,team_lotus,15,15,R,0.0,5,,Accident,,,
82,ireland,team_lotus,16,16,R,0.0,3,,Gearbox,,,
83,moss,cooper-climax,1,1,1,8.0,72,2:04:05.400,Finished,,,
83,phil_hill,ferrari,5,2,2,7.0,72,+46.700,Finished,,,
83,jack_brabham,cooper-climax,3,3,3,4.0,72,+1:12.500,Finished,,,
83,gurney,ferrari,4,4,4,3.0,72,+1:19.600,Finished,,,
83,allison,ferrari,8,5,5,2.0,71,,+1 Lap,,,
83,gendebien,ferrari,6,6,6,0.0,71,,+1 Lap,,,
83,schell,brm,7,7,7,0.0,70,,+2 Laps,,,
83,bonnier,brm,11,8,8,0.0,70,,+2 Laps,,,
83,trintignant,cooper-climax,13,9,9,0.0,70,,+2 Laps,,,
83,shelby,aston_martin,19,10,10,0.0,70,,+2 Laps,,,
83,davis,cooper-maserati,18,11,11,0.0,68,,+4 Laps,,,
83,scarlatti,cooper-climax,12,12,12,0.0,68,,+4 Laps,,,
83,flockhart,brm,15,13,13,0.0,67,,+5 Laps,,,
83,burgess,cooper-maserati,16,14,14,0.0,67,,+5 Laps,,,
83,cabianca,maserati,21,15,15,0.0,64,,+8 Laps,,,
83,salvadori,aston_martin,17,16,R,0.0,44,,Engine,,,
83,mclaren,cooper-climax,9,17,R,0.0,22,,Engine,,,
83,fairman,cooper-maserati,12,18,R,0.0,18,,Engine,,,
83,ireland,team_lotus,14,19,R,0.0,14,,Brakes,,,
83,hill,team_lotus,10,20,R,0.0,1,,Clutch,,,
83,brooks,ferrari,2,21,R,0.0,0,,Clutch,,,
84,mclaren,cooper-climax,10,1,1,8.0,42,2:12:35.700,Finished,,,
84,trintignant,cooper-climax,5,2,2,7.0,42,+0.600,Finished,,,
84,brooks,ferrari,4,3,3,4.0,42,+3:00.900,Finished,,,
84,jack_brabham,cooper-climax,2,4,4,3.0,42,+4:57.300,Finished,,,
84,ireland,team_lotus,9,5,5,2.0,39,,+3 Laps,,,
84,trips,ferrari,6,6,6,0.0,38,,Engine,,,
84,blanchard,porsche,16,7,7,0.0,38,,+4 Laps,,,
84,allison,ferrari,11,8,R,0.0,23,,Transmission,,,
84,salvadori,cooper-maserati,11,9,R,0.0,23,,Transmission,,,
84,ward,kurtis_kraft,19,10,R,0.0,20,,Clutch,,,
84,tomaso,cooper-osca,14,11,R,0.0,13,,Brakes,,,
84,phil_hill,ferrari,8,12,R,0.0,8,,Clutch,,,
84,orey,tec-mec,17,13,R,0.0,6,,Oil leak,,,
84,moss,cooper-climax,1,14,R,0.0,5,,Transmission,,,
84,schell,cooper-climax,3,15,R,0.0,5,,Clutch,,,
84,constantine,cooper-borgward,15,16,R,0.0,5,,Overheating,,,
84,stacey,team_lotus,12,17,R,0.0,2,,Clutch,,,
84,said,connaught,13,18,R,0.0,0,,Accident,,,
84,cade,maserati,0,19,W,0.0,0,,Withdrew,,,
85,mclaren,cooper-climax,13,1,1,8.0,80,2:17:49.500,Finished,,,
85,allison,ferrari,7,2,2,6.0,80,+26.300,Finished,,,
85,moss,cooper-climax,8,3,3,0.0,80,+36.900,Finished,,,
85,trintignant,cooper-climax,8,3,3,0.0,80,+36.900,Finished,,,
85,menditeguy,cooper-maserati,12,4,4,3.0,80,+53.300,Finished,,,
85,trips,ferrari,5,5,5,2.0,79,,+1 Lap,,,
85,ireland,team_lotus,2,6,6,1.0,79,,+1 Lap,,,
85,bonnier,brm,4,7,7,0.0,79,,+1 Lap,,,
85,phil_hill,ferrari,6,8,8,0.0,77,,+3 Laps,,,
85,larreta,team_lotus,15,9,9,0.0,77,,+3 Laps,,,
85,gonzalez,ferrari,11,10,10,0.0,77,,+3 Laps,,,
85,bonomi,cooper-maserati,17,11,11,0.0,76,,+4 Laps,,,
85,gregory,behra-porsche,16,12,12,0.0,76,,+4 Laps,,,
85,munaron,maserati,19,13,13,0.0,72,,+8 Laps,,,
85,estefano,maserati,20,14,14,0.0,70,,+10 Laps,,,
85,schell,cooper-climax,9,15,R,0.0,63,,Fuel pump,,,
85,jack_brabham,cooper-climax,10,16,R,0.0,42,,Gearbox,,,
85,hill,brm,3,18,R,0.0,37,,Overheating,,,
85,stacey,team_lotus,14,19,R,0.0,24,,Physical,,,
85,chimeri,maserati,21,20,R,0.0,23,,Physical,,,
85,creus,maserati,22,21,R,0.0,16,,Physical,,,
85,scarlatti,maserati,18,22,R,0.0,11,,Overheating,,,
86,moss,team_lotus,1,1,1,8.0,100,2:53:45.500,Finished,,,
86,mclaren,cooper-climax,11,2,2,6.0,100,+52.100,Finished,,,
86,phil_hill,ferrari,10,3,3,4.0,100,+1:01.900,Finished,,,
86,brooks,cooper-climax,3,4,4,3.0,99,,+1 Lap,,,
86,bonnier,brm,5,5,5,2.0,83,,+17 Laps,,,
86,ginther,ferrari,9,6,6,1.0,70,,+30 Laps,,,
86,hill,brm,6,7,7,0.0,66,,Spun off,,,
86,trips,ferrari,8,8,8,0.0,61,,Clutch,,,
86,ireland,team_lotus,7,9,9,0.0,56,,+44 Laps,,,
86,gurney,brm,14,10,R,0.0,44,,Suspension,,,
86,jack_brabham,cooper-climax,2,11,D,0.0,40,,Disqualified,,,
86,salvadori,cooper-climax,12,12,R,0.0,29,,Overheating,,,
86,stacey,team_lotus,13,13,R,0.0,23,,Chassis,,,
86,bristow,cooper-climax,4,14,R,0.0,17,,Gearbox,,,
86,surtees,team_lotus,15,15,R,0.0,17,,Transmission,,,
86,trintignant,cooper-maserati,16,16,R,0.0,4,,Gearbox,,,
87,rathmann,watson,2,1,1,8.0,200,3:36:11.360,Finished,,,
87,ward,watson,3,2,2,6.0,200,+12.750,Finished,,,
87,goldsmith,epperly,26,3,3,4.0,200,+3:07.300,Finished,,,
87,branson,phillips,8,4,4,3.0,200,+3:07.980,Finished,,,
87,thomson,lesovsky,17,5,5,2.0,200,+3:11.350,Finished,,,
87,johnson,trevis,7,6,6,1.0,200,+4:10.610,Finished,,,
87,ruby,watson,12,7,7,0.0,200,+4:25.590,Finished,,,
87,veith,meskowski,25,8,8,0.0,200,+5:17.480,Finished,,,
87,tingelstad,trevis,28,9,9,0.0,200,+8:19.910,Finished,,,
87,christie,kurtis_kraft,14,10,10,0.0,200,+8:40.280,Finished,,,
87,amick,epperly,22,11,11,0.0,200,+11:10.580,Finished,,,
87,darter,kuzma,27,12,12,0.0,200,+11:17.200,Finished,,,
87,homeier,kuzma,31,13,13,0.0,200,+12:10.710,Finished,,,
87,hartley,kurtis_kraft,24,14,14,0.0,196,,+4 Laps,,,
87,stevenson,watson,9,15,15,0.0,196,,+4 Laps,,,
87,grim,meskowski,21,16,16,0.0,194,,+6 Laps,,,
87,templeman,kurtis_kraft,19,17,17,0.0,191,,Clutch,,,
87,hurtubise,vhristensen,23,18,18,0.0,185,,Engine,,,
87,bryan,epperly,10,19,19,0.0,152,,Fuel system,,,
87,ruttman,watson,6,20,20,0.0,134,,Axle,,,
87,sachs,ewing,1,21,21,0.0,132,,Magneto,,,
87,freeland,kurtis_kraft,11,22,22,0.0,129,,Magneto,,,
87,bettenhausen,watson,18,23,23,0.0,125,,Engine,,,
87,weiler,epperly,15,24,24,0.0,103,,Accident,,,
87,foyt,kurtis_kraft,16,25,25,0.0,90,,Clutch,,,
87,russo,kurtis_kraft,29,26,26,0.0,90,,Accident,,,
87,boyd,epperly,13,27,27,0.0,77,,Engine,,,
87,force,kurtis_kraft,20,28,28,0.0,74,,Brakes,,,
87,mcwithey,epperly,32,29,29,0.0,60,,Brakes,,,
87,sutton,watson,5,30,30,0.0,47,,Engine,,,
87,dick_rathmann,watson,4,31,31,0.0,42,,Brakes,,,
87,herman,ewing,30,32,32,0.0,34,,Clutch,,,
87,dempsey_wilson,kurtis_kraft,33,33,33,0.0,11,,Magneto,,,
88,jack_brabham,cooper-climax,2,1,1,8.0,75,2:01:47.200,Finished,,,
88,ireland,team_lotus,3,2,2,6.0,75,+24.000,Finished,,,
88,hill,brm,5,3,3,4.0,75,+56.600,Finished,,,
88,moss,team_lotus,1,4,4,3.0,75,+57.700,Finished,,,
88,trips,ferrari,15,5,5,2.0,74,,+1 Lap,,,
88,ginther,ferrari,12,6,6,1.0,74,,+1 Lap,,,
88,henry_taylor,cooper-climax,14,7,7,0.0,78,,+5 Laps,,,
88,beaufort,cooper-climax,18,8,8,0.0,69,,+6 Laps,,,
88,stacey,team_lotus,8,9,R,0.0,57,,Transmission,,,
88,bonnier,brm,4,10,R,0.0,54,,Engine,,,
88,phil_hill,ferrari,13,11,R,0.0,54,,Engine,,,
88,clark,team_lotus,11,12,R,0.0,42,,Transmission,,,
88,trintignant,cooper-maserati,17,13,R,0.0,39,,Gearbox,,,
88,gurney,brm,6,14,R,0.0,11,,Accident,,,
88,bristow,cooper-climax,7,15,R,0.0,9,,Engine,,,
88,mclaren,cooper-climax,9,16,R,0.0,8,,Transmission,,,
88,brooks,cooper-climax,10,17,R,0.0,4,,Gearbox,,,
88,salvadori,aston_martin,0,18,W,0.0,0,,Withdrew,,,
88,gregory,cooper-maserati,0,19,W,0.0,0,,Withdrew,,,
88,reventlow,scarab,0,20,W,0.0,0,,Withdrew,,,
88,daigh,scarab,0,21,W,0.0,0,,Withdrew,,,
89,jack_brabham,cooper-climax,1,1,1,8.0,36,2:21:37.300,Finished,,,
89,mclaren,cooper-climax,14,2,2,6.0,36,+1:03.300,Finished,,,
89,gendebien,cooper-climax,5,3,3,4.0,35,,+1 Lap,,,
89,phil_hill,ferrari,4,4,4,3.0,35,,+1 Lap,,,
89,clark,team_lotus,10,5,5,2.0,34,,+2 Laps,,,
89,bianchi,cooper-climax,15,6,6,1.0,28,,+8 Laps,,,
89,hill,brm,6,7,R,0.0,35,,Engine,,,
89,stacey,team_lotus,17,8,R,0.0,24,,Accident,,,
89,mairesse,ferrari,13,9,R,0.0,23,,Transmission,,,
89,trips,ferrari,11,10,R,0.0,22,,Transmission,,,
89,bristow,cooper-climax,9,11,R,0.0,19,,Accident,,,
89,daigh,scarab,18,12,R,0.0,16,,Engine,,,
89,bonnier,brm,7,13,R,0.0,14,,Engine,,,
89,ireland,team_lotus,8,14,R,0.0,13,,Accident,,,
89,gurney,brm,12,15,R,0.0,4,,Engine,,,
89,brooks,cooper-climax,2,16,R,0.0,2,,Gearbox,,,
89,reventlow,scarab,16,17,R,0.0,1,,Engine,,,
89,moss,team_lotus,3,18,W,0.0,0,,Accident,,,
89,mike_taylor,team_lotus,19,19,W,0.0,0,,Accident,,,
90,jack_brabham,cooper-climax,1,1,1,8.0,50,1:57:24.900,Finished,,,
90,gendebien,cooper-climax,9,2,2,6.0,50,+48.300,Finished,,,
90,mclaren,cooper-climax,7,3,3,4.0,50,+51.900,Finished,,,
90,henry_taylor,cooper-climax,12,4,4,3.0,49,,+1 Lap,,,
90,clark,team_lotus,10,5,5,2.0,49,,+1 Lap,,,
90,flockhart,team_lotus,14,6,6,1.0,49,,+1 Lap,,,
90,ireland,team_lotus,4,7,7,0.0,43,,+7 Laps,,,
90,halford,cooper-climax,15,8,8,0.0,40,,Engine,,,
90,gregory,cooper-maserati,17,9,9,0.0,37,,+13 Laps,,,
90,burgess,cooper-maserati,22,10,10,0.0,36,,+14 Laps,,,
90,trips,ferrari,5,11,11,0.0,30,,Transmission,,,
90,phil_hill,ferrari,2,12,12,0.0,29,,Transmission,,,
90,bonnier,brm,8,13,R,0.0,22,,Engine,,,
90,bianchi,cooper-climax,15,14,R,0.0,18,,Transmission,,,
90,gurney,brm,6,15,R,0.0,17,,Engine,,,
90,munaron,cooper-castellotti,19,16,R,0.0,16,,Transmission,,,
90,mairesse,ferrari,11,17,R,0.0,14,,Transmission,,,
90,brooks,vanwall,13,18,R,0.0,7,,Vibrations,,,
90,hill,brm,3,19,R,0.0,0,,Accident,,,
90,trintignant,cooper-maserati,18,20,R,0.0,0,,Accident,,,
90,ginther,scarab,20,21,W,0.0,0,,Engine,,,
90,piper,team_lotus,21,22,W,0.0,0,,Engine,,,
90,daigh,scarab,23,23,W,0.0,0,,Engine,,,
91,jack_brabham,cooper-climax,1,1,1,8.0,77,2:04:24.300,Finished,,,
91,surtees,team_lotus,11,2,2,6.0,77,+49.600,Finished,,,
91,ireland,team_lotus,5,3,3,4.0,77,+1:29.600,Finished,,,
91,mclaren,cooper-climax,3,4,4,3.0,76,,+1 Lap,,,
91,brooks,cooper-climax,9,5,5,2.0,76,,+1 Lap,,,
91,trips,ferrari,7,6,6,1.0,75,,+2 Laps,,,
91,phil_hill,ferrari,10,7,7,0.0,75,,+2 Laps,,,
91,henry_taylor,cooper-climax,16,8,8,0.0,74,,+3 Laps,,,
91,gendebien,cooper-climax,12,9,9,0.0,74,,+3 Laps,,,
91,gurney,brm,6,10,10,0.0,74,,+3 Laps,,,
91,trintignant,aston_martin,21,11,11,0.0,72,,+5 Laps,,,
91,piper,team_lotus,24,12,12,0.0,72,,+5 Laps,,,
91,naylor,jbw,18,13,13,0.0,72,,+5 Laps,,,
91,gregory,cooper-maserati,14,14,14,0.0,71,,+6 Laps,,,
91,munaron,cooper-castellotti,25,15,15,0.0,70,,+7 Laps,,,
91,clark,team_lotus,8,16,16,0.0,70,,+7 Laps,,,
91,hill,brm,2,17,R,0.0,71,,Spun off,,,
91,bianchi,cooper-climax,17,18,R,0.0,62,,Electrical,,,
91,bonnier,brm,4,19,R,0.0,59,,Suspension,,,
91,daigh,cooper-climax,19,20,R,0.0,58,,Overheating,,,
91,burgess,cooper-maserati,20,21,R,0.0,58,,Engine,,,
91,salvadori,aston_martin,13,22,R,0.0,46,,Steering,,,
91,fairman,cooper-climax,15,23,R,0.0,46,,Fuel pump,,,
91,greene,cooper-maserati,22,24,R,0.0,12,,Overheating,,,
91,reventlow,cooper-climax,0,25,W,0.0,0,,Withdrew,,,
92,jack_brabham,cooper-climax,3,1,1,8.0,55,2:19:00.030,Finished,,,
92,mclaren,cooper-climax,6,2,2,6.0,55,+57.970,Finished,,,
92,clark,team_lotus,8,3,3,4.0,55,+1:53.230,Finished,,,
92,trips,ferrari,9,4,4,3.0,55,+1:58.810,Finished,,,
92,brooks,cooper-climax,12,5,5,2.0,49,,+6 Laps,,,
92,ireland,team_lotus,7,6,6,1.0,48,,+7 Laps,,,
92,gendebien,cooper-climax,14,7,7,0.0,46,,+9 Laps,,,
92,moss,team_lotus,4,8,D,0.0,51,,Disqualified,,,
92,cabral,cooper-maserati,15,9,R,0.0,38,,Accident,,,
92,surtees,team_lotus,1,10,R,0.0,37,,Radiator,,,
92,phil_hill,ferrari,10,11,R,0.0,30,,Accident,,,
92,gurney,brm,2,12,R,0.0,25,,Engine,,,
92,gregory,cooper-maserati,11,13,R,0.0,21,,Gearbox,,,
92,hill,brm,5,14,R,0.0,9,,Gearbox,,,
92,bonnier,brm,13,15,R,0.0,6,,Engine,,,
93,phil_hill,ferrari,1,1,1,8.0,50,2:21:09.200,Finished,,,
93,ginther,ferrari,2,2,2,6.0,50,+2:27.600,Finished,,,
93,mairesse,ferrari,3,3,3,4.0,49,,+1 Lap,,,
93,cabianca,cooper-castellotti,4,4,4,3.0,48,,+2 Laps,,,
93,trips,ferrari,6,5,5,2.0,48,,+2 Laps,,,
93,herrmann,porsche,10,6,6,1.0,47,,+3 Laps,,,
93,barth,porsche,12,7,7,0.0,47,,+3 Laps,,,
93,drogo,cooper-climax,15,8,8,0.0,45,,+5 Laps,,,
93,seidel,cooper-climax,13,9,9,0.0,44,,+6 Laps,,,
93,gamble,behra-porsche,14,10,10,0.0,41,,+9 Laps,,,
93,naylor,jbw,7,11,R,0.0,41,,Gearbox,,,
93,thiele,cooper-maserati,9,12,R,0.0,32,,Gearbox,,,
93,munaron,cooper-castellotti,8,13,R,0.0,27,,Engine,,,
93,scarlatti,cooper-maserati,5,14,R,0.0,26,,Engine,,,
93,vic_wilson,cooper-climax,16,15,R,0.0,23,,Engine,,,
93,owen,cooper-climax,11,16,R,0.0,0,,Accident,,,
93,gould,maserati,0,17,W,0.0,0,,Fuel system,,,
94,moss,team_lotus,1,1,1,8.0,75,2:28:52.200,Finished,,,
94,ireland,team_lotus,7,2,2,6.0,75,+38.000,Finished,,,
94,mclaren,cooper-climax,10,3,3,4.0,75,+52.000,Finished,,,
94,jack_brabham,cooper-climax,2,4,4,3.0,74,,+1 Lap,,,
94,bonnier,brm,4,5,5,2.0,74,,+1 Lap,,,
94,phil_hill,cooper-climax,13,6,6,1.0,74,,+1 Lap,,,
94,hall,team_lotus,12,7,7,0.0,73,,+1 Lap,,,
94,salvadori,cooper-climax,15,8,8,0.0,73,,+2 Laps,,,
94,trips,cooper-maserati,16,9,9,0.0,72,,+3 Laps,,,
94,daigh,scarab,18,10,10,0.0,70,,+5 Laps,,,
94,lovely,cooper-castellotti,20,11,11,0.0,69,,+6 Laps,,,
94,gendebien,cooper-climax,8,12,12,0.0,69,,+6 Laps,,,
94,drake,maserati,22,13,13,0.0,68,,+7 Laps,,,
94,henry_taylor,cooper-climax,14,14,14,0.0,68,,+7 Laps,,,
94,trintignant,cooper-maserati,19,15,15,0.0,66,,+9 Laps,,,
94,clark,team_lotus,5,16,16,0.0,61,,+14 Laps,,,
94,hill,brm,11,17,R,0.0,34,,Gearbox,,,
94,burgess,cooper-maserati,23,18,R,0.0,29,,Ignition,,,
94,naylor,cooper-maserati,17,19,R,0.0,20,,Engine,,,
94,gurney,brm,3,20,R,0.0,18,,Engine,,,
94,flockhart,cooper-climax,21,21,R,0.0,11,,Transmission,,,
94,brooks,cooper-climax,9,22,R,0.0,6,,Spun off,,,
94,surtees,team_lotus,6,23,R,0.0,3,,Accident,,,
95,moss,lotus-climax,1,1,1,9.0,100,2:45:50.100,Finished,,,
95,ginther,ferrari,2,2,2,6.0,100,+3.600,Finished,,,
95,phil_hill,ferrari,5,3,3,4.0,100,+41.300,Finished,,,
95,trips,ferrari,6,4,4,3.0,98,,Accident,,,
95,gurney,porsche,11,5,5,2.0,98,,+2 Laps,,,
95,mclaren,cooper-climax,7,6,6,1.0,95,,+5 Laps,,,
95,trintignant,cooper-maserati,16,7,7,0.0,95,,+5 Laps,,,
95,allison,lotus-climax,15,8,8,0.0,93,,+7 Laps,,,
95,herrmann,porsche,13,9,9,0.0,91,,+9 Laps,,,
95,clark,lotus-climax,3,10,10,0.0,89,,+11 Laps,,,
95,surtees,cooper-climax,12,11,11,0.0,68,,Engine,,,
95,bonnier,porsche,9,12,12,0.0,59,,Injection,,,
95,brooks,brm,8,13,13,0.0,54,,Engine,,,
95,may,lotus-climax,14,14,R,0.0,42,,Oil pipe,,,
95,jack_brabham,cooper-climax,21,15,R,0.0,38,,Ignition,,,
95,hill,brm,4,16,R,0.0,11,,Fuel pump,,,
95,ireland,lotus-climax,0,17,W,0.0,0,,Withdrew,,,
96,trips,ferrari,2,1,1,9.0,75,2:01:52.100,Finished,,,
96,phil_hill,ferrari,1,2,2,6.0,75,+0.900,Finished,,,
96,clark,lotus-climax,11,3,3,4.0,75,+13.100,Finished,,,
96,moss,lotus-climax,4,4,4,3.0,75,+22.200,Finished,,,
96,ginther,ferrari,3,5,5,2.0,75,+22.300,Finished,,,
96,jack_brabham,cooper-climax,7,6,6,1.0,75,+1:20.100,Finished,,,
96,surtees,cooper-climax,9,7,7,0.0,75,+1:26.700,Finished,,,
96,hill,brm,5,8,8,0.0,75,+1:29.800,Finished,,,
96,brooks,brm,8,9,9,0.0,74,,+1 Lap,,,
96,gurney,porsche,6,10,10,0.0,74,,+1 Lap,,,
96,bonnier,porsche,12,11,11,0.0,73,,+2 Laps,,,
96,mclaren,cooper-climax,14,12,12,0.0,73,,+2 Laps,,,
96,trevor_taylor,lotus-climax,16,13,13,0.0,73,,+2 Laps,,,
96,beaufort,porsche,17,14,14,0.0,72,,+3 Laps,,,
96,herrmann,porsche,13,15,15,0.0,72,,+3 Laps,,,
96,gregory,cooper-climax,0,16,W,0.0,0,,Withdrew,,,
96,burgess,lotus-climax,0,17,W,0.0,0,,Withdrew,,,
97,phil_hill,ferrari,1,1,1,9.0,30,2:03:03.800,Finished,,,
97,trips,ferrari,2,2,2,6.0,30,+0.700,Finished,,,
97,ginther,ferrari,5,3,3,4.0,30,+19.500,Finished,,,
97,gendebien,ferrari,3,4,4,3.0,30,+45.600,Finished,,,
97,surtees,cooper-climax,4,5,5,2.0,30,+1:26.800,Finished,,,
97,gurney,porsche,10,6,6,1.0,30,+1:31.000,Finished,,,
97,bonnier,porsche,9,7,7,0.0,30,+2:47.100,Finished,,,
97,moss,lotus-climax,8,8,8,0.0,30,+3:55.600,Finished,,,
97,lewis,cooper-climax,13,9,9,0.0,29,,+1 Lap,,,
97,gregory,cooper-climax,12,10,10,0.0,29,,+1 Lap,,,
97,beaufort,porsche,14,11,11,0.0,28,,+2 Laps,,,
97,clark,lotus-climax,16,12,12,0.0,24,,+6 Laps,,,
97,brooks,brm,7,13,13,0.0,24,,+6 Laps,,,
97,hill,brm,6,14,R,0.0,24,,Ignition,,,
97,trintignant,cooper-maserati,20,15,R,0.0,23,,Gearbox,,,
97,bandini,cooper-maserati,17,16,R,0.0,20,,Wheel bearing,,,
97,jack_brabham,cooper-climax,11,17,R,0.0,12,,Engine,,,
97,mclaren,cooper-climax,15,18,R,0.0,9,,Ignition,,,
97,ireland,lotus-climax,18,19,R,0.0,9,,Engine,,,
97,bianchi,lotus-climax,23,20,R,0.0,9,,Oil leak,,,
97,mairesse,lotus-climax,19,21,R,0.0,7,,Ignition,,,
97,marsh,lotus-climax,0,22,W,0.0,0,,Withdrew,,,
97,seidel,lotus-climax,0,23,W,0.0,0,,Withdrew,,,
97,burgess,lotus-climax,0,24,W,0.0,0,,Withdrew,,,
97,allison,lotus-climax,0,25,W,0.0,0,,Withdrew,,,
97,henry_taylor,lotus-climax,0,26,W,0.0,0,,Withdrew,,,
98,baghetti,ferrari,12,1,1,9.0,52,2:14:17.500,Finished,,,
98,gurney,porsche,5,2,2,6.0,52,+0.100,Finished,,,
98,clark,lotus-climax,9,3,3,4.0,52,+1:01.000,Finished,,,
98,ireland,lotus-climax,10,4,4,3.0,52,+1:10.300,Finished,,,
98,mclaren,cooper-climax,8,5,5,2.0,52,+1:41.800,Finished,,,
98,hill,brm,6,6,6,1.0,52,+1:41.900,Finished,,,
98,bonnier,porsche,13,7,7,0.0,52,+3:15.400,Finished,,,
98,salvadori,cooper-climax,15,8,8,0.0,51,,+1 Lap,,,
98,phil_hill,ferrari,1,9,9,0.0,50,,+2 Laps,,,
98,henry_taylor,lotus-climax,25,10,10,0.0,49,,+3 Laps,,,
98,may,lotus-climax,22,11,11,0.0,48,,+4 Laps,,,
98,gregory,cooper-climax,16,12,12,0.0,43,,+9 Laps,,,
98,trintignant,cooper-maserati,23,13,13,0.0,42,,+10 Laps,,,
98,burgess,lotus-climax,24,14,14,0.0,42,,+10 Laps,,,
98,ginther,ferrari,3,15,15,0.0,40,,Oil pressure,,,
98,moss,lotus-climax,4,16,R,0.0,31,,Brakes,,,
98,mairesse,lotus-climax,20,17,R,0.0,27,,Engine,,,
98,beaufort,porsche,17,18,R,0.0,23,,Overheating,,,
98,bianchi,lotus-climax,19,19,R,0.0,21,,Overheating,,,
98,trips,ferrari,2,20,R,0.0,18,,Engine,,,
98,scarlatti,de_tomaso-osca,26,21,R,0.0,15,,Engine,,,
98,jack_brabham,cooper-climax,14,22,R,0.0,14,,Oil pressure,,,
98,collomb,cooper-climax,21,23,R,0.0,6,,Engine,,,
98,surtees,cooper-climax,7,24,R,0.0,4,,Accident,,,
98,brooks,brm,11,25,R,0.0,4,,Overheating,,,
98,lewis,cooper-climax,18,26,R,0.0,4,,Overheating,,,
98,seidel,lotus-climax,0,27,W,0.0,0,,Withdrew,,,
98,bordeu,lotus-climax,0,28,W,0.0,0,,Withdrew,,,
98,herrmann,porsche,0,29,W,0.0,0,,Withdrew,,,
98,gendebien,emeryson,0,30,W,0.0,0,,Withdrew,,,
98,naylor,jbw,0,31,W,0.0,0,,Withdrew,,,
99,trips,ferrari,4,1,1,9.0,75,2:40:53.600,Finished,,,
99,phil_hill,ferrari,1,2,2,6.0,75,+46.000,Finished,,,
99,ginther,ferrari,2,3,3,4.0,75,+46.800,Finished,,,
99,jack_brabham,cooper-climax,9,4,4,3.0,75,+1:08.600,Finished,,,
99,bonnier,porsche,3,5,5,2.0,75,+1:16.200,Finished,,,
99,salvadori,cooper-climax,13,6,6,1.0,75,+1:26.200,Finished,,,
99,gurney,porsche,12,7,7,0.0,74,,+1 Lap,,,
99,mclaren,cooper-climax,14,8,8,0.0,74,,+1 Lap,,,
99,brooks,brm,6,9,9,0.0,73,,+2 Laps,,,
99,ireland,lotus-climax,7,10,10,0.0,72,,+3 Laps,,,
99,gregory,cooper-climax,16,11,11,0.0,71,,+4 Laps,,,
99,bandini,cooper-maserati,21,12,12,0.0,71,,+4 Laps,,,
99,maggs,lotus-climax,24,13,13,0.0,69,,+6 Laps,,,
99,burgess,lotus-climax,25,14,14,0.0,69,,+6 Laps,,,
99,greene,gilby,26,15,15,0.0,69,,+6 Laps,,,
99,beaufort,porsche,18,16,16,0.0,69,,+6 Laps,,,
99,seidel,lotus-climax,22,17,17,0.0,58,,+17 Laps,,,
99,clark,lotus-climax,8,18,R,0.0,62,,Oil leak,,,
99,moss,ferguson,20,19,D,0.0,56,,Disqualified,,,
99,fairman,ferguson,20,19,D,0.0,56,,Disqualified,,,
99,bianchi,lotus-climax,30,20,R,0.0,45,,Gearbox,,,
99,hill,brm,11,22,R,0.0,43,,Engine,,,
99,baghetti,ferrari,19,23,R,0.0,27,,Accident,,,
99,marsh,lotus-climax,27,24,R,0.0,25,,Ignition,,,
99,surtees,cooper-climax,10,25,R,0.0,23,,Differential,,,
99,parnell,lotus-climax,29,26,R,0.0,12,,Clutch,,,
99,lewis,cooper-climax,15,27,R,0.0,7,,Handling,,,
99,ashmore,lotus-climax,26,28,R,0.0,7,,Ignition,,,
99,henry_taylor,lotus-climax,17,29,R,0.0,5,,Accident,,,
99,natili,cooper-maserati,28,30,R,0.0,0,,Gearbox,,,
99,gendebien,emeryson,0,31,W,0.0,0,,Withdrew,,,
100,moss,lotus-climax,3,1,1,9.0,15,2:18:12.400,Finished,,,
100,trips,ferrari,5,2,2,6.0,15,+21.400,Finished,,,
100,phil_hill,ferrari,1,3,3,4.0,15,+22.500,Finished,,,
100,clark,lotus-climax,8,4,4,3.0,15,+1:17.100,Finished,,,
100,surtees,cooper-climax,10,5,5,2.0,15,+1:53.100,Finished,,,
100,mclaren,cooper-climax,12,6,6,1.0,15,+2:41.400,Finished,,,
100,gurney,porsche,7,7,7,0.0,15,+3:23.100,Finished,,,
100,ginther,ferrari,14,8,8,0.0,15,+5:23.100,Finished,,,
100,lewis,cooper-climax,18,9,9,0.0,15,+5:23.700,Finished,,,
100,salvadori,cooper-climax,15,10,10,0.0,15,+12:11.500,Finished,,,
100,maggs,lotus-climax,22,11,11,0.0,14,,+1 Lap,,,
100,burgess,cooper-climax,24,12,12,0.0,14,,+1 Lap,,,
100,herrmann,porsche,11,13,13,0.0,14,,+1 Lap,,,
100,beaufort,porsche,17,14,14,0.0,14,,+1 Lap,,,
100,marsh,lotus-climax,20,15,15,0.0,13,,+2 Laps,,,
100,ashmore,lotus-climax,25,16,16,0.0,13,,+2 Laps,,,
100,mairesse,ferrari,13,17,R,0.0,13,,Accident,,,
100,trintignant,cooper-maserati,21,18,R,0.0,12,,Engine,,,
100,collomb,cooper-climax,26,19,R,0.0,11,,Not classified,,,
100,bandini,cooper-maserati,19,20,R,0.0,10,,Engine,,,
100,brooks,brm,9,21,R,0.0,6,,Engine,,,
100,bonnier,porsche,4,22,R,0.0,5,,Engine,,,
100,seidel,lotus-climax,23,23,R,0.0,3,,Handling,,,
100,hill,brm,16,24,R,0.0,1,,Accident,,,
100,ireland,lotus-climax,6,25,R,0.0,1,,Heat shield fire,,,
100,jack_brabham,cooper-climax,2,26,R,0.0,0,,Accident,,,
100,barth,porsche,0,27,W,0.0,0,,Withdrew,,,
100,gregory,cooper-climax,0,28,W,0.0,0,,Withdrew,,,
100,may,lotus-climax,0,29,W,0.0,0,,Withdrew,,,
100,monteverdi,mbm,0,30,W,0.0,0,,Withdrew,,,
100,pirocchi,cooper-climax,0,31,W,0.0,0,,Withdrew,,,
100,duke,cooper-climax,0,32,W,0.0,0,,Withdrew,,,
100,campbell-jones,cooper-climax,0,33,W,0.0,0,,Withdrew,,,
101,phil_hill,ferrari,4,1,1,9.0,43,2:03,Finished,,,
101,gurney,porsche,12,2,2,6.0,43,+31.200,Finished,,,
101,mclaren,cooper-climax,14,3,3,4.0,43,+2:28.400,Finished,,,
101,lewis,cooper-climax,16,4,4,3.0,43,+2:40.400,Finished,,,
101,brooks,brm,13,5,5,2.0,43,+2:40.500,Finished,,,
101,salvadori,cooper-climax,18,6,6,1.0,42,,+1 Lap,,,
101,beaufort,porsche,15,7,7,0.0,41,,+2 Laps,,,
101,bandini,cooper-maserati,21,8,8,0.0,41,,+2 Laps,,,
101,trintignant,cooper-maserati,22,9,9,0.0,41,,+2 Laps,,,
101,parnell,lotus-climax,27,10,10,0.0,40,,+3 Laps,,,
101,henry_taylor,lotus-climax,23,11,11,0.0,39,,+4 Laps,,,
101,pirocchi,cooper-maserati,29,12,12,0.0,38,,+5 Laps,,,
101,moss,lotus-climax,11,13,R,0.0,36,,Wheel bearing,,,
101,ginther,ferrari,3,14,R,0.0,23,,Engine,,,
101,starrabba,lotus-maserati,30,15,R,0.0,19,,Engine,,,
101,bonnier,porsche,8,16,R,0.0,14,,Suspension,,,
101,ricardo_rodriguez,ferrari,2,17,R,0.0,13,,Fuel system,,,
101,baghetti,ferrari,6,18,R,0.0,13,,Engine,,,
101,vaccarella,de_tomaso-alfa_romeo,20,19,R,0.0,13,,Engine,,,
101,gregory,lotus-climax,17,20,R,0.0,11,,Suspension,,,
101,hill,brm,5,21,R,0.0,10,,Engine,,,
101,jack_brabham,cooper-climax,10,22,R,0.0,8,,Overheating,,,
101,naylor,jbw,31,23,R,0.0,6,,Engine,,,
101,ireland,lotus-climax,9,24,R,0.0,5,,Chassis,,,
101,fairman,cooper-climax,26,25,R,0.0,5,,Engine,,,
101,surtees,cooper-climax,19,26,R,0.0,2,,Accident,,,
101,trips,ferrari,1,27,R,0.0,1,,Accident,,,
101,clark,lotus-climax,7,28,R,0.0,1,,Accident,,,
101,bussinello,de_tomaso-alfa_romeo,24,29,R,0.0,1,,Engine,,,
101,seidel,lotus-climax,28,30,R,0.0,1,,Engine,,,
101,lippi,de_tomaso-osca,32,31,R,0.0,1,,Engine,,,
101,ashmore,lotus-climax,25,32,R,0.0,0,,Accident,,,
101,barth,porsche,0,34,W,0.0,0,,Withdrew,,,
101,natili,cooper-maserati,0,35,W,0.0,0,,Withdrew,,,
101,thiele,cooper-climax,0,36,W,0.0,0,,Withdrew,,,
101,prinoth,lotus-climax,0,37,W,0.0,0,,Withdrew,,,
101,boffa,cooper-climax,0,38,W,0.0,0,,Withdrew,,,
101,may,lotus-climax,0,39,W,0.0,0,,Withdrew,,,
102,ireland,lotus-climax,8,1,1,9.0,100,2:13:45.800,Finished,,,
102,gurney,porsche,7,2,2,6.0,100,+4.300,Finished,,,
102,brooks,brm,5,3,3,4.0,100,+49.000,Finished,,,
102,mclaren,cooper-climax,4,4,4,3.0,100,+58.000,Finished,,,
102,hill,brm,2,5,5,2.0,99,,+1 Lap,,,
102,bonnier,porsche,10,6,6,1.0,98,,+2 Laps,,,
102,clark,lotus-climax,6,7,7,0.0,96,,+4 Laps,,,
102,penske,cooper-climax,16,8,8,0.0,96,,+4 Laps,,,
102,ryan,lotus-climax,13,9,9,0.0,96,,+4 Laps,,,
102,sharp,cooper-climax,17,10,10,0.0,93,,+7 Laps,,,
102,gregory,lotus-climax,15,11,11,0.0,92,,+8 Laps,,,
102,gendebien,lotus-climax,15,11,11,0.0,92,,+8 Laps,,,
102,salvadori,cooper-climax,12,12,R,0.0,96,,Engine,,,
102,hall,lotus-climax,18,13,R,0.0,76,,Fuel leak,,,
102,ruby,lotus-climax,19,14,R,0.0,76,,Magneto,,,
102,moss,lotus-climax,3,15,R,0.0,58,,Engine,,,
102,jack_brabham,cooper-climax,1,16,R,0.0,57,,Overheating,,,
102,hansgen,cooper-climax,14,18,R,0.0,14,,Accident,,,
102,surtees,cooper-climax,9,19,R,0.0,0,,Engine,,,
102,ken_miles,lotus-climax,0,20,W,0.0,0,,Withdrew,,,
103,hill,brm,2,1,1,9.0,80,2:11:02.100,Finished,,,
103,trevor_taylor,lotus-climax,10,2,2,6.0,80,+27.200,Finished,,,
103,phil_hill,ferrari,9,3,3,4.0,80,+1:21.100,Finished,,,
103,baghetti,ferrari,12,4,4,3.0,79,,+1 Lap,,,
103,maggs,cooper-climax,15,5,5,2.0,78,,+2 Laps,,,
103,beaufort,porsche,14,6,6,1.0,76,,+4 Laps,,,
103,bonnier,porsche,13,7,7,0.0,75,,+5 Laps,,,
103,lewis,cooper-climax,7,8,8,0.0,70,,+10 Laps,,,
103,clark,lotus-climax,3,9,9,0.0,70,,+10 Laps,,,
103,ricardo_rodriguez,ferrari,11,10,R,0.0,73,,Accident,,,
103,ginther,brm,7,11,R,0.0,71,,Accident,,,
103,ireland,lotus-climax,6,12,R,0.0,61,,Accident,,,
103,gregory,lotus-climax,16,13,R,0.0,54,,Halfshaft,,,
103,seidel,emeryson,20,14,R,0.0,52,,Not classified,,,
103,gurney,porsche,8,15,R,0.0,47,,Gearbox,,,
103,mclaren,cooper-climax,5,16,R,0.0,21,,Gearbox,,,
103,salvadori,lola,17,17,W,0.0,12,,Withdrew,,,
103,surtees,lola,1,18,R,0.0,8,,Accident,,,
103,jack_brabham,lotus-climax,4,19,R,0.0,4,,Accident,,,
103,pon,porsche,10,20,R,0.0,2,,Accident,,,
103,slotemaker,porsche,0,21,W,0.0,0,,Withdrew,,,
103,trintignant,lotus-climax,0,22,W,0.0,0,,Withdrew,,,
104,mclaren,cooper-climax,3,1,1,9.0,100,2:46:29.700,Finished,,,
104,phil_hill,ferrari,9,2,2,6.0,100,+1.300,Finished,,,
104,bandini,ferrari,10,3,3,4.0,100,+1:24.100,Finished,,,
104,surtees,lola,11,4,4,3.0,99,,+1 Lap,,,
104,bonnier,porsche,18,5,5,2.0,93,,+7 Laps,,,
104,hill,brm,2,6,6,1.0,92,,Engine,,,
104,mairesse,ferrari,4,7,7,0.0,90,,Oil pressure,,,
104,jack_brabham,lotus-climax,6,8,8,0.0,77,,Accident,,,
104,ireland,lotus-climax,8,9,R,0.0,64,,Fuel pump,,,
104,clark,lotus-climax,1,10,R,0.0,55,,Clutch,,,
104,salvadori,lola,12,11,R,0.0,44,,Suspension,,,
104,maggs,cooper-climax,19,12,R,0.0,43,,Gearbox,,,
104,trevor_taylor,lotus-climax,17,13,R,0.0,24,,Oil leak,,,
104,gurney,porsche,5,14,R,0.0,0,,Accident,,,
104,trintignant,lotus-climax,7,15,R,0.0,0,,Accident,,,
104,ginther,brm,14,16,R,0.0,0,,Accident,,,
104,ricardo_rodriguez,ferrari,0,22,W,0.0,0,,Withdrew,,,
104,bussinello,de_tomaso-alfa_romeo,0,23,W,0.0,0,,Withdrew,,,
104,marsh,brm,0,24,W,0.0,0,,Withdrew,,,
105,clark,lotus-climax,13,1,1,9.0,32,2:07:32.300,Finished,,,
105,hill,brm,1,2,2,6.0,32,+44.100,Finished,,,
105,phil_hill,ferrari,4,3,3,4.0,32,+2:06.500,Finished,,,
105,ricardo_rodriguez,ferrari,7,4,4,3.0,32,+2:06.600,Finished,,,
105,surtees,lola,11,5,5,2.0,31,,+1 Lap,,,
105,jack_brabham,lotus-climax,15,6,6,1.0,30,,+2 Laps,,,
105,beaufort,porsche,13,7,7,0.0,30,,+2 Laps,,,
105,trintignant,lotus-climax,16,8,8,0.0,30,,+2 Laps,,,
105,bianchi,lotus-climax,18,9,9,0.0,29,,+3 Laps,,,
105,siffert,lotus-climax,17,10,10,0.0,29,,+3 Laps,,,
105,campbell-jones,lotus-climax,19,11,11,0.0,16,,+16 Laps,,,
105,trevor_taylor,lotus-climax,3,12,R,0.0,25,,Accident,,,
105,mairesse,ferrari,6,13,R,0.0,25,,Accident,,,
105,ginther,brm,9,14,R,0.0,22,,Gearbox,,,
105,maggs,cooper-climax,10,15,R,0.0,22,,Gearbox,,,
105,mclaren,cooper-climax,2,16,R,0.0,19,,Wheel bearing,,,
105,gregory,lotus-brm,8,17,W,0.0,13,,Withdrew,,,
105,ireland,lotus-climax,5,18,R,0.0,8,,Suspension,,,
105,baghetti,ferrari,14,19,R,0.0,3,,Ignition,,,
105,gurney,lotus-brm,0,20,W,0.0,0,,Withdrew,,,
105,marsh,brm,0,21,W,0.0,0,,Withdrew,,,
105,lewis,brm,0,22,W,0.0,0,,Withdrew,,,
105,ashmore,brm,0,23,W,0.0,0,,Withdrew,,,
105,salvadori,lola,0,24,W,0.0,0,,Withdrew,,,
105,schiller,porsche,0,25,W,0.0,0,,Withdrew,,,
105,bonnier,porsche,0,26,W,0.0,0,,Withdrew,,,
106,gurney,porsche,6,1,1,9.0,54,2:07:05.500,Finished,,,
106,maggs,cooper-climax,11,2,2,6.0,53,,+1 Lap,,,
106,ginther,brm,10,3,3,4.0,52,,+2 Laps,,,
106,mclaren,cooper-climax,3,4,4,3.0,51,,+3 Laps,,,
106,surtees,lola,5,5,5,2.0,51,,+3 Laps,,,
106,beaufort,porsche,17,6,6,1.0,51,,+3 Laps,,,
106,trintignant,lotus-climax,13,7,7,0.0,50,,+4 Laps,,,
106,trevor_taylor,lotus-climax,12,8,8,0.0,48,,+6 Laps,,,
106,hill,brm,2,9,9,0.0,44,,+10 Laps,,,
106,bonnier,porsche,9,10,R,0.0,43,,Fuel system,,,
106,clark,lotus-climax,1,11,R,0.0,34,,Suspension,,,
106,lewis,cooper,16,12,R,0.0,28,,Accident,,,
106,salvadori,lola,14,13,R,0.0,21,,Oil pressure,,,
106,gregory,lotus-brm,7,14,R,0.0,15,,Overheating,,,
106,jack_brabham,lotus-climax,4,15,R,0.0,11,,Suspension,,,
106,siffert,lotus-brm,15,16,R,0.0,6,,Clutch,,,
106,ireland,lotus-climax,8,17,R,0.0,1,,Puncture,,,
106,arundell,team_lotus,0,18,W,0.0,0,,Withdrew,,,
106,marsh,brm,0,19,W,0.0,0,,Withdrew,,,
106,davis,porsche,0,20,W,0.0,0,,Withdrew,,,
106,abate,lotus-climax,0,21,W,0.0,0,,Withdrew,,,
106,burgess,cooper-climax,0,22,W,0.0,0,,Withdrew,,,
107,clark,lotus-climax,1,1,1,9.0,75,2:26:20.800,Finished,,,
107,surtees,lola,2,2,2,6.0,75,+49.200,Finished,,,
107,mclaren,cooper-climax,4,3,3,4.0,75,+1:44.800,Finished,,,
107,hill,brm,5,4,4,3.0,75,+1:56.800,Finished,,,
107,jack_brabham,lotus-climax,9,5,5,2.0,74,,+1 Lap,,,
107,maggs,cooper-climax,13,6,6,1.0,74,,+1 Lap,,,
107,gregory,lotus-climax,14,7,7,0.0,74,,+1 Lap,,,
107,trevor_taylor,lotus-climax,10,8,8,0.0,74,,+1 Lap,,,
107,gurney,porsche,6,9,9,0.0,73,,+2 Laps,,,
107,lewis,cooper-climax,15,10,10,0.0,72,,+3 Laps,,,
107,settember,emeryson,19,11,11,0.0,71,,+4 Laps,,,
107,burgess,cooper-climax,16,12,12,0.0,71,,+4 Laps,,,
107,ginther,brm,8,13,13,0.0,70,,+5 Laps,,,
107,beaufort,porsche,17,14,14,0.0,69,,+6 Laps,,,
107,chamberlain,lotus-climax,20,15,15,0.0,64,,+11 Laps,,,
107,ireland,lotus-climax,3,16,16,0.0,61,,+14 Laps,,,
107,phil_hill,ferrari,12,17,R,0.0,47,,Engine,,,
107,salvadori,lola,11,18,R,0.0,35,,Battery,,,
107,bonnier,porsche,7,19,R,0.0,27,,Differential,,,
107,seidel,lotus-brm,21,20,R,0.0,11,,Brakes,,,
107,shelly,lotus-climax,18,21,R,0.0,6,,Engine,,,
107,greene,lotus-climax,0,22,W,0.0,0,,Withdrew,,,
107,trintignant,lotus-climax,0,23,W,0.0,0,,Withdrew,,,
107,campbell-jones,emeryson,0,24,W,0.0,0,,Withdrew,,,
107,siffert,lotus-brm,0,26,W,0.0,0,,Withdrew,,,
108,hill,brm,2,1,1,9.0,15,2:38:45.300,Finished,,,
108,surtees,lola,4,2,2,6.0,15,+2.500,Finished,,,
108,gurney,porsche,1,3,3,4.0,15,+4.400,Finished,,,
108,clark,lotus-climax,3,4,4,3.0,15,+42.100,Finished,,,
108,mclaren,cooper-climax,5,5,5,2.0,15,+1:19.600,Finished,,,
108,ricardo_rodriguez,ferrari,10,6,6,1.0,15,+1:23.800,Finished,,,
108,bonnier,porsche,6,7,7,0.0,15,+4:37.300,Finished,,,
108,ginther,brm,7,8,8,0.0,15,+5:00.100,Finished,,,
108,maggs,cooper-climax,23,9,9,0.0,15,+5:07.000,Finished,,,
108,baghetti,ferrari,13,10,10,0.0,15,+8:14.700,Finished,,,
108,burgess,cooper-climax,16,11,11,0.0,15,+8:15.300,Finished,,,
108,siffert,lotus-climax,17,12,12,0.0,15,+8:15.500,Finished,,,
108,beaufort,porsche,8,13,13,0.0,15,+9:11.800,Finished,,,
108,walter,porsche,14,14,14,0.0,14,,+1 Lap,,,
108,vaccarella,porsche,15,15,15,0.0,14,,+1 Lap,,,
108,bianchi,enb,25,16,16,0.0,14,,+1 Lap,,,
108,lewis,cooper-climax,21,17,R,0.0,10,,Suspension,,,
108,phil_hill,ferrari,12,18,R,0.0,9,,Suspension,,,
108,jack_brabham,brabham,24,19,R,0.0,9,,Throttle,,,
108,greene,gilby,19,20,R,0.0,7,,Suspension,,,
108,salvadori,lola,9,21,R,0.0,4,,Gearbox,,,
108,trintignant,lotus-climax,11,22,R,0.0,4,,Gearbox,,,
108,bandini,ferrari,18,23,R,0.0,4,,Accident,,,
108,schiller,lotus-brm,20,24,R,0.0,4,,Oil pressure,,,
108,collomb,cooper-climax,22,25,R,0.0,2,,Gearbox,,,
108,trevor_taylor,lotus-climax,26,26,R,0.0,0,,Accident,,,
108,marsh,brm,0,31,W,0.0,0,,Withdrew,,,
109,hill,brm,2,1,1,9.0,86,2:29:08.400,Finished,,,
109,ginther,brm,3,2,2,6.0,86,+29.800,Finished,,,
109,mclaren,cooper-climax,4,3,3,4.0,86,+57.800,Finished,,,
109,mairesse,ferrari,10,4,4,3.0,86,+58.200,Finished,,,
109,baghetti,ferrari,18,5,5,2.0,86,+1:31.300,Finished,,,
109,bonnier,porsche,9,6,6,1.0,85,,+1 Lap,,,
109,maggs,cooper-climax,12,7,7,0.0,85,,+1 Lap,,,
109,bandini,ferrari,17,8,8,0.0,84,,+2 Laps,,,
109,vaccarella,lotus-climax,14,9,9,0.0,84,,+2 Laps,,,
109,beaufort,porsche,20,10,10,0.0,81,,+5 Laps,,,
109,phil_hill,ferrari,15,11,11,0.0,81,,+5 Laps,,,
109,gregory,lotus-brm,6,12,12,0.0,77,,+9 Laps,,,
109,gurney,porsche,7,13,13,0.0,66,,Differential,,,
109,ricardo_rodriguez,ferrari,11,14,14,0.0,63,,Ignition,,,
109,ireland,lotus-climax,5,15,R,0.0,45,,Suspension,,,
109,surtees,lola,8,16,R,0.0,42,,Engine,,,
109,salvadori,lola,13,17,R,0.0,41,,Engine,,,
109,trevor_taylor,lotus-climax,16,18,R,0.0,25,,Gearbox,,,
109,settember,emeryson,21,19,R,0.0,18,,Engine,,,
109,trintignant,lotus-climax,19,20,R,0.0,17,,Electrical,,,
109,clark,lotus-climax,1,21,R,0.0,12,,Gearbox,,,
109,kuhnke,lotus-borgward,0,31,W,0.0,0,,Withdrew,,,
110,clark,lotus-climax,1,1,1,9.0,100,2:07,Finished,,,
110,hill,brm,3,2,2,6.0,100,+9.200,Finished,,,
110,mclaren,cooper-climax,6,3,3,4.0,99,,+1 Lap,,,
110,jack_brabham,brabham,5,4,4,3.0,99,,+1 Lap,,,
110,gurney,porsche,4,5,5,2.0,99,,+1 Lap,,,
110,gregory,lotus-brm,7,6,6,1.0,99,,+1 Lap,,,
110,maggs,cooper-climax,10,7,7,0.0,97,,+3 Laps,,,
110,ireland,lotus-climax,16,8,8,0.0,96,,+4 Laps,,,
110,penske,lotus-climax,13,9,9,0.0,96,,+4 Laps,,,
110,schroeder,lotus-climax,17,10,10,0.0,93,,+7 Laps,,,
110,sharp,cooper-climax,15,11,11,0.0,91,,+9 Laps,,,
110,trevor_taylor,lotus-climax,8,12,12,0.0,85,,+15 Laps,,,
110,bonnier,porsche,9,13,13,0.0,79,,+21 Laps,,,
110,ginther,brm,2,14,R,0.0,35,,Engine,,,
110,trintignant,lotus-climax,19,15,R,0.0,32,,Brakes,,,
110,mayer,cooper-climax,12,16,R,0.0,31,,Ignition,,,
110,surtees,lola,20,17,R,0.0,19,,Engine,,,
110,beaufort,porsche,14,18,R,0.0,9,,Accident,,,
110,salvadori,lola,0,19,W,0.0,0,,Withdrew,,,
110,hall,lotus-climax,0,20,W,0.0,0,,Withdrew,,,
111,hill,brm,2,1,1,9.0,82,2:08:03.300,Finished,,,
111,mclaren,cooper-climax,8,2,2,6.0,82,+49.800,Finished,,,
111,maggs,cooper-climax,6,3,3,4.0,82,+50.300,Finished,,,
111,jack_brabham,brabham,3,4,4,3.0,82,+53.800,Finished,,,
111,ireland,lotus-climax,4,5,5,2.0,81,,+1 Lap,,,
111,lederle,lotus-climax,10,6,6,1.0,78,,+4 Laps,,,
111,ginther,brm,7,7,7,0.0,78,,+4 Laps,,,
111,love,cooper-climax,12,8,8,0.0,78,,+4 Laps,,,
111,johnstone,brm,17,9,9,0.0,76,,+6 Laps,,,
111,pieterse,lotus-climax,13,10,10,0.0,71,,+11 Laps,,,
111,beaufort,porsche,16,11,11,0.0,70,,Fuel system,,,
111,clark,lotus-climax,1,12,R,0.0,62,,Oil leak,,,
111,serrurier,lds,14,13,R,0.0,62,,Radiator,,,
111,salvadori,lola,11,14,R,0.0,56,,Fuel leak,,,
111,harris,cooper-alfa_romeo,15,15,R,0.0,31,,Wheel bearing,,,
111,surtees,lola,5,16,R,0.0,26,,Engine,,,
111,trevor_taylor,lotus-climax,9,17,R,0.0,11,,Gearbox,,,
111,hocking,lotus-climax,0,18,W,0.0,0,,Withdrew,,,
111,vyver,lotus-climax,0,19,W,0.0,0,,Withdrew,,,
111,settember,emeryson,0,20,W,0.0,0,,Withdrew,,,
111,tingle,lotus-climax,0,21,W,0.0,0,,Withdrew,,,
112,hill,brm,2,1,1,9.0,100,2:41:49.700,Finished,,,
112,ginther,brm,4,2,2,6.0,100,+4.600,Finished,,,
112,mclaren,cooper-climax,8,3,3,4.0,100,+12.800,Finished,,,
112,surtees,ferrari,3,4,4,3.0,100,+14.100,Finished,,,
112,maggs,cooper-climax,10,5,5,2.0,98,,+2 Laps,,,
112,trevor_taylor,lotus-climax,9,6,6,1.0,98,,+2 Laps,,,
112,bonnier,cooper-climax,11,7,7,0.0,94,,+6 Laps,,,
112,clark,lotus-climax,1,8,8,0.0,78,,Gearbox,,,
112,jack_brabham,lotus-climax,16,9,9,0.0,77,,Gearbox,,,
112,ireland,lotus-brm,5,10,R,0.0,40,,Accident,,,
112,mairesse,ferrari,7,11,R,0.0,37,,Gearbox,,,
112,trintignant,lola,14,12,R,0.0,34,,Clutch,,,
112,gurney,brabham,6,13,R,0.0,25,,Differential,,,
112,hall,lotus-brm,13,14,R,0.0,20,,Gearbox,,,
112,siffert,lotus-brm,12,15,R,0.0,3,,Engine,,,
112,amon,lola,0,16,W,0.0,0,,Withdrew,,,
112,phil_hill,ats,0,18,W,0.0,0,,Withdrew,,,
112,baghetti,ats,0,19,W,0.0,0,,Withdrew,,,
112,campbell-jones,lotus-brm,0,20,W,0.0,0,,Withdrew,,,
112,burgess,scirocco,0,21,W,0.0,0,,Withdrew,,,
112,settember,scirocco,0,22,W,0.0,0,,Withdrew,,,
112,estefano,tomaso,0,23,W,0.0,0,,Withdrew,,,
112,bandini,brm,0,24,W,0.0,0,,Withdrew,,,
112,beaufort,porsche,0,25,W,0.0,0,,Withdrew,,,
113,clark,lotus-climax,8,1,1,9.0,32,2:27:47.600,Finished,,,
113,mclaren,cooper-climax,5,2,2,6.0,32,+4:54.000,Finished,,,
113,gurney,brabham,2,3,3,4.0,31,,+1 Lap,,,
113,ginther,brm,9,4,4,3.0,31,,+1 Lap,,,
113,bonnier,cooper-climax,13,5,5,2.0,30,,+2 Laps,,,
113,beaufort,porsche,18,6,6,1.0,30,,+2 Laps,,,
113,maggs,cooper-climax,4,7,7,0.0,27,,Accident,,,
113,settember,scirocco,19,8,8,0.0,25,,Accident,,,
113,surtees,ferrari,10,9,R,0.0,19,,Injection,,,
113,hill,brm,1,10,R,0.0,17,,Gearbox,,,
113,bianchi,lola,16,11,R,0.0,17,,Accident,,,
113,hall,lotus-brm,12,12,R,0.0,16,,Accident,,,
113,siffert,lotus-brm,14,13,R,0.0,16,,Accident,,,
113,phil_hill,ats,17,14,R,0.0,13,,Gearbox,,,
113,jack_brabham,brabham,6,15,R,0.0,12,,Injection,,,
113,amon,lola,15,16,R,0.0,10,,Oil leak,,,
113,ireland,brp,7,17,R,0.0,9,,Gearbox,,,
113,mairesse,ferrari,3,18,R,0.0,7,,Injection,,,
113,baghetti,ats,20,19,R,0.0,7,,Gearbox,,,
113,trevor_taylor,lotus-climax,11,20,R,0.0,5,,Physical,,,
113,arundell,lotus-climax,0,21,W,0.0,0,,Withdrew,,,
113,scarfiotti,ferrari,0,22,W,0.0,0,,Withdrew,,,
113,bandini,brm,0,23,W,0.0,0,,Withdrew,,,
113,burgess,scirocco,0,24,W,0.0,0,,Withdrew,,,
114,clark,lotus-climax,1,1,1,9.0,80,2:08:13.700,Finished,,,
114,gurney,brabham,14,2,2,6.0,79,,+1 Lap,,,
114,surtees,ferrari,5,3,3,4.0,79,,+1 Lap,,,
114,ireland,brp,7,4,4,3.0,79,,+1 Lap,,,
114,ginther,brm,6,5,5,2.0,79,,+1 Lap,,,
114,scarfiotti,ferrari,11,6,6,1.0,78,,+2 Laps,,,
114,siffert,lotus-brm,17,7,7,0.0,77,,+3 Laps,,,
114,hall,lotus-brm,18,8,8,0.0,77,,+3 Laps,,,
114,beaufort,porsche,19,9,9,0.0,75,,+5 Laps,,,
114,trevor_taylor,lotus-climax,10,10,10,0.0,66,,+14 Laps,,,
114,bonnier,cooper-climax,8,11,11,0.0,56,,+24 Laps,,,
114,hill,brm,2,12,R,0.0,69,,Overheating,,,
114,jack_brabham,brabham,4,13,R,0.0,68,,Accident,,,
114,amon,lola,12,14,R,0.0,29,,Water pump,,,
114,baghetti,ats,15,15,R,0.0,17,,Ignition,,,
114,phil_hill,ats,13,16,R,0.0,15,,Suspension,,,
114,maggs,cooper-climax,9,17,R,0.0,14,,Overheating,,,
114,mclaren,cooper-climax,3,18,R,0.0,7,,Gearbox,,,
114,mitter,porsche,16,19,R,0.0,2,,Clutch,,,
114,settember,scirocco,0,20,W,0.0,0,,Withdrew,,,
114,burgess,scirocco,0,21,W,0.0,0,,Withdrew,,,
115,clark,lotus-climax,1,1,1,9.0,53,2:10:54.300,Finished,,,
115,maggs,cooper-climax,8,2,2,6.0,53,+1:04.900,Finished,,,
115,hill,brm,2,3,3,0.0,53,+1:13.900,Finished,,,
115,jack_brabham,brabham,5,4,4,3.0,53,+2:15.200,Finished,,,
115,gurney,brabham,3,5,5,2.0,53,+2:33.400,Finished,,,
115,siffert,lotus-brm,10,6,6,1.0,52,,+1 Lap,,,
115,amon,lola,17,7,7,0.0,51,,+2 Laps,,,
115,trintignant,lotus-climax,15,8,8,0.0,50,,+3 Laps,,,
115,ireland,brp,9,9,9,0.0,49,,+4 Laps,,,
115,bandini,brm,21,10,10,0.0,45,,+8 Laps,,,
115,hall,lotus-brm,18,11,11,0.0,45,,+8 Laps,,,
115,mclaren,cooper-climax,6,12,12,0.0,42,,Ignition,,,
115,trevor_taylor,lotus-climax,7,13,13,0.0,41,,Suspension,,,
115,phil_hill,lotus-brm,13,14,R,0.0,34,,Not classified,,,
115,bonnier,cooper-climax,11,15,R,0.0,32,,Not classified,,,
115,gregory,lotus-brm,19,16,R,0.0,30,,Gearbox,,,
115,surtees,ferrari,4,17,R,0.0,12,,Fuel pump,,,
115,settember,scirocco,20,18,R,0.0,5,,Wheel bearing,,,
115,ginther,brm,12,19,R,0.0,4,,Radiator,,,
115,scarfiotti,ferrari,0,20,W,0.0,0,,Withdrew,,,
115,arundell,lotus-climax,0,21,W,0.0,0,,Withdrew,,,
115,baghetti,ats,0,22,W,0.0,0,,Withdrew,,,
115,burgess,scirocco,0,23,W,0.0,0,,Withdrew,,,
115,estefano,tomaso,0,24,W,0.0,0,,Withdrew,,,
116,clark,lotus-climax,1,1,1,9.0,82,2:14:09.600,Finished,,,
116,surtees,ferrari,5,2,2,6.0,82,+25.800,Finished,,,
116,hill,brm,3,3,3,4.0,82,+37.600,Finished,,,
116,ginther,brm,9,4,4,3.0,81,,+1 Lap,,,
116,bandini,brm,8,5,5,2.0,81,,+1 Lap,,,
116,hall,lotus-brm,13,6,6,1.0,80,,+2 Laps,,,
116,amon,lola,14,7,7,0.0,80,,+2 Laps,,,
116,hailwood,lotus-climax,17,8,8,0.0,78,,+4 Laps,,,
116,maggs,cooper-climax,7,9,9,0.0,78,,+4 Laps,,,
116,beaufort,porsche,21,10,10,0.0,76,,+6 Laps,,,
116,gregory,lotus-brm,22,11,11,0.0,75,,+7 Laps,,,
116,anderson,lola,16,12,12,0.0,75,,+7 Laps,,,
116,campbell-jones,lola,23,13,13,0.0,74,,+8 Laps,,,
116,siffert,lotus-brm,15,14,R,0.0,66,,Gearbox,,,
116,bonnier,cooper-climax,12,15,R,0.0,65,,Oil pressure,,,
116,gurney,brabham,2,16,R,0.0,59,,Engine,,,
116,raby,gilby,19,17,R,0.0,59,,Gearbox,,,
116,burgess,scirocco,20,18,R,0.0,36,,Ignition,,,
116,jack_brabham,brabham,4,19,R,0.0,27,,Engine,,,
116,ireland,brp,11,20,R,0.0,26,,Ignition,,,
116,trevor_taylor,lotus-climax,10,21,R,0.0,23,,Fuel pump,,,
116,settember,scirocco,18,22,R,0.0,20,,Ignition,,,
116,mclaren,cooper-climax,6,23,R,0.0,6,,Engine,,,
116,estefano,tomaso,0,24,W,0.0,0,,Withdrew,,,
116,baghetti,ats,0,25,W,0.0,0,,Withdrew,,,
116,phil_hill,ats,0,26,W,0.0,0,,Withdrew,,,
117,surtees,ferrari,2,1,1,9.0,15,2:13:06.800,Finished,,,
117,clark,lotus-climax,1,2,2,6.0,15,+1:17.500,Finished,,,
117,ginther,brm,6,3,3,4.0,15,+2:44.900,Finished,,,
117,mitter,porsche,15,4,4,3.0,15,+8:11.500,Finished,,,
117,hall,lotus-brm,16,5,5,2.0,14,,+1 Lap,,,
117,bonnier,cooper-climax,12,6,6,1.0,14,,+1 Lap,,,
117,jack_brabham,brabham,8,7,7,0.0,14,,+1 Lap,,,
117,trevor_taylor,lotus-climax,18,8,8,0.0,14,,+1 Lap,,,
117,siffert,lotus-brm,9,9,9,0.0,10,,Differential,,,
117,collomb,lotus-climax,21,10,10,0.0,10,,+5 Laps,,,
117,beaufort,porsche,17,11,R,0.0,9,,Wheel,,,
117,maggs,cooper-climax,10,12,R,0.0,7,,Engine,,,
117,gurney,brabham,13,13,R,0.0,6,,Gearbox,,,
117,cabral,cooper-climax,20,14,R,0.0,6,,Gearbox,,,
117,burgess,scirocco,19,15,R,0.0,5,,Steering,,,
117,settember,scirocco,22,16,R,0.0,5,,Accident,,,
117,mclaren,cooper-climax,5,17,R,0.0,3,,Accident,,,
117,hill,brm,4,18,R,0.0,2,,Gearbox,,,
117,amon,lola,14,19,R,0.0,1,,Accident,,,
117,mairesse,ferrari,7,20,R,0.0,1,,Accident,,,
117,ireland,lotus-brm,11,21,R,0.0,1,,Accident,,,
117,bandini,brm,3,22,R,0.0,0,,Accident,,,
117,phil_hill,ats,0,27,W,0.0,0,,Withdrew,,,
117,baghetti,ats,0,28,W,0.0,0,,Withdrew,,,
117,gregory,lotus-brm,0,29,W,0.0,0,,Withdrew,,,
118,clark,lotus-climax,3,1,1,9.0,86,2:24:19.600,Finished,,,
118,ginther,brm,4,2,2,6.0,86,+1:35.000,Finished,,,
118,mclaren,cooper-climax,8,3,3,4.0,85,,+1 Lap,,,
118,ireland,brp,10,4,4,3.0,84,,Engine,,,
118,jack_brabham,brabham,7,5,5,2.0,84,,+2 Laps,,,
118,maggs,cooper-climax,13,6,6,1.0,84,,+2 Laps,,,
118,bonnier,cooper-climax,11,7,7,0.0,84,,+2 Laps,,,
118,hall,lotus-brm,17,8,8,0.0,84,,+2 Laps,,,
118,trintignant,brm,20,9,9,0.0,83,,+3 Laps,,,
118,hailwood,lola,18,10,10,0.0,82,,+4 Laps,,,
118,phil_hill,ats,14,11,11,0.0,79,,+7 Laps,,,
118,anderson,lola,19,12,12,0.0,79,,+7 Laps,,,
118,spence,lotus-climax,9,13,13,0.0,73,,Oil pressure,,,
118,gurney,brabham,5,14,14,0.0,64,,Fuel system,,,
118,baghetti,ats,25,15,15,0.0,63,,+23 Laps,,,
118,hill,brm,2,16,16,0.0,59,,Clutch,,,
118,siffert,lotus-brm,16,17,R,0.0,40,,Oil pressure,,,
118,bandini,ferrari,6,18,R,0.0,37,,Gearbox,,,
118,gregory,lotus-brm,12,19,R,0.0,26,,Engine,,,
118,surtees,ferrari,1,20,R,0.0,16,,Engine,,,
118,amon,lola,0,21,W,0.0,0,,Withdrew,,,
118,mitter,porsche,0,29,W,0.0,0,,Withdrew,,,
118,burgess,scirocco,0,30,W,0.0,0,,Withdrew,,,
118,seiffert,lotus-brm,0,31,W,0.0,0,,Withdrew,,,
118,abate,porsche,0,32,W,0.0,0,,Withdrew,,,
118,starrabba,lotus-maserati,0,33,W,0.0,0,,Withdrew,,,
119,hill,brm,1,1,1,9.0,110,2:19:22.100,Finished,,,
119,ginther,brm,4,2,2,6.0,110,+34.300,Finished,,,
119,clark,lotus-climax,2,3,3,4.0,109,,+1 Lap,,,
119,jack_brabham,brabham,5,4,4,3.0,108,,+2 Laps,,,
119,bandini,ferrari,9,5,5,2.0,106,,+4 Laps,,,
119,beaufort,porsche,19,6,6,1.0,99,,+11 Laps,,,
119,broeker,stebro,21,7,7,0.0,88,,+22 Laps,,,
119,bonnier,cooper-climax,12,8,8,0.0,85,,+25 Laps,,,
119,surtees,ferrari,3,9,9,0.0,82,,Engine,,,
119,hall,lotus-brm,16,10,10,0.0,76,,Gearbox,,,
119,mclaren,cooper-climax,11,11,11,0.0,74,,Fuel pump,,,
119,siffert,lotus-brm,14,12,R,0.0,56,,Gearbox,,,
119,maggs,cooper-climax,10,13,R,0.0,44,,Ignition,,,
119,ward,lotus-brm,17,14,R,0.0,44,,Gearbox,,,
119,gurney,brabham,6,15,R,0.0,42,,Chassis,,,
119,rodriguez,lotus-climax,13,16,R,0.0,36,,Engine,,,
119,trevor_taylor,lotus-climax,7,17,R,0.0,24,,Electrical,,,
119,gregory,lola,8,18,R,0.0,14,,Engine,,,
119,sharp,lotus-brm,18,19,R,0.0,6,,Retired,,,
119,phil_hill,ats,15,20,R,0.0,4,,Oil pump,,,
119,baghetti,ats,20,21,R,0.0,0,,Oil pump,,,
119,hansgen,lotus-climax,0,22,W,0.0,0,,Withdrew,,,
119,ireland,lotus-brm,0,23,W,0.0,0,,Withdrew,,,
119,vos,stebro,0,24,W,0.0,0,,Withdrew,,,
120,clark,lotus-climax,1,1,1,9.0,65,2:09:52.100,Finished,,,
120,jack_brabham,brabham,10,2,2,6.0,65,+1:41.100,Finished,,,
120,ginther,brm,5,3,3,4.0,65,+1:54.700,Finished,,,
120,hill,brm,3,4,4,3.0,64,,+1 Lap,,,
120,bonnier,cooper-climax,8,5,5,2.0,62,,+3 Laps,,,
120,gurney,brabham,4,6,6,1.0,62,,+3 Laps,,,
120,sharp,lotus-brm,16,7,7,0.0,61,,+4 Laps,,,
120,hall,lotus-brm,15,8,8,0.0,61,,+4 Laps,,,
120,siffert,lotus-brm,9,9,9,0.0,59,,+6 Laps,,,
120,beaufort,porsche,18,10,10,0.0,58,,+7 Laps,,,
120,solana,brm,11,11,11,0.0,57,,Engine,,,
120,phil_hill,ats,17,12,R,0.0,46,,Suspension,,,
120,bandini,ferrari,7,13,R,0.0,36,,Ignition,,,
120,mclaren,cooper-climax,6,14,R,0.0,30,,Engine,,,
120,rodriguez,lotus-climax,20,15,R,0.0,26,,Suspension,,,
120,gregory,lola,14,16,R,0.0,23,,Suspension,,,
120,surtees,ferrari,2,17,D,0.0,19,,Disqualified,,,
120,trevor_taylor,lotus-climax,12,18,R,0.0,19,,Engine,,,
120,baghetti,ats,21,19,R,0.0,12,,Engine,,,
120,amon,lotus-brm,19,20,R,0.0,9,,Gearbox,,,
120,maggs,cooper-climax,13,21,R,0.0,7,,Engine,,,
120,dochnal,cooper-climax,0,22,W,0.0,0,,Withdrew,,,
120,hansgen,team_lotus,0,23,W,0.0,0,,Withdrew,,,
120,ireland,lotus-brm,0,24,W,0.0,0,,Withdrew,,,
120,monarch,lotus-climax,0,25,W,0.0,0,,Withdrew,,,
121,clark,lotus-climax,1,1,1,9.0,85,2:10:36.900,Finished,,,
121,gurney,brabham,3,2,2,6.0,85,+1:06.800,Finished,,,
121,hill,brm,6,3,3,4.0,84,,+1 Lap,,,
121,mclaren,cooper-climax,9,4,4,3.0,84,,+1 Lap,,,
121,bandini,ferrari,5,5,5,2.0,84,,+1 Lap,,,
121,bonnier,cooper-climax,11,6,6,1.0,83,,+2 Laps,,,
121,maggs,cooper-climax,10,7,7,0.0,82,,+3 Laps,,,
121,trevor_taylor,lotus-climax,8,8,8,0.0,81,,+4 Laps,,,
121,love,cooper-climax,13,9,9,0.0,80,,+5 Laps,,,
121,beaufort,porsche,20,10,10,0.0,79,,+6 Laps,,,
121,serrurier,lds,18,11,11,0.0,78,,+7 Laps,,,
121,blokdyk,cooper-maserati,19,12,12,0.0,77,,+8 Laps,,,
121,jack_brabham,brabham,2,13,13,0.0,70,,Accident,,,
121,niemann,lotus-ford,15,14,14,0.0,66,,+19 Laps,,,
121,klerk,alfa,16,15,R,0.0,53,,Gearbox,,,
121,prophet,brabham,14,16,R,0.0,49,,Oil pressure,,,
121,surtees,ferrari,4,17,R,0.0,43,,Engine,,,
121,ginther,brm,7,18,R,0.0,43,,Halfshaft,,,
121,pieterse,lotus-climax,12,19,R,0.0,3,,Engine,,,
121,tingle,lds,17,20,R,0.0,2,,Halfshaft,,,
121,driver,lotus-brm,0,21,W,0.0,0,,Accident,,,
121,lederle,lotus-climax,0,22,W,0.0,0,,Withdrew,,,
121,hailwood,lola,0,23,W,0.0,0,,Withdrew,,,
122,hill,brm,3,1,1,9.0,100,2:41:19.500,Finished,,,
122,ginther,brm,8,2,2,6.0,99,,+1 Lap,,,
122,arundell,lotus-climax,6,3,3,4.0,97,,+3 Laps,,,
122,clark,lotus-climax,1,4,4,3.0,96,,Engine,,,
122,bonnier,cooper-climax,11,5,5,2.0,96,,+4 Laps,,,
122,hailwood,lotus-brm,15,6,6,1.0,96,,+4 Laps,,,
122,anderson,brabham-climax,12,7,7,0.0,86,,Gearbox,,,
122,siffert,lotus-brm,16,8,8,0.0,78,,+22 Laps,,,
122,phil_hill,cooper-climax,9,9,9,0.0,70,,Suspension,,,
122,bandini,ferrari,7,10,10,0.0,68,,Gearbox,,,
122,gurney,brabham-climax,5,11,R,0.0,62,,Gearbox,,,
122,trintignant,brm,13,12,R,0.0,53,,Overheating,,,
122,jack_brabham,brabham-climax,2,13,R,0.0,29,,Injection,,,
122,mclaren,cooper-climax,10,14,R,0.0,17,,Wheel bearing,,,
122,surtees,ferrari,4,15,R,0.0,15,,Gearbox,,,
122,trevor_taylor,brp,14,16,R,0.0,8,,Fuel leak,,,
122,ireland,lotus-brm,0,20,W,0.0,0,,Withdrew,,,
122,andre_pilette,scirocco,0,21,W,0.0,0,,Withdrew,,,
122,baghetti,brm,0,22,W,0.0,0,,Withdrew,,,
122,maggs,brm,0,23,W,0.0,0,,Withdrew,,,
123,clark,lotus-climax,2,1,1,9.0,80,2:07:35.400,Finished,,,
123,surtees,ferrari,4,2,2,6.0,80,+53.600,Finished,,,
123,arundell,lotus-climax,6,3,3,4.0,79,,+1 Lap,,,
123,hill,brm,3,4,4,3.0,79,,+1 Lap,,,
123,amon,lotus-brm,13,5,5,2.0,79,,+1 Lap,,,
123,anderson,brabham-climax,11,6,6,1.0,78,,+2 Laps,,,
123,mclaren,cooper-climax,5,7,7,0.0,78,,+2 Laps,,,
123,phil_hill,cooper-climax,9,8,8,0.0,76,,+4 Laps,,,
123,bonnier,brabham-brm,12,9,9,0.0,76,,+4 Laps,,,
123,baghetti,brm,16,10,10,0.0,74,,+6 Laps,,,
123,ginther,brm,8,11,11,0.0,64,,+16 Laps,,,
123,hailwood,lotus-brm,14,12,12,0.0,57,,Differential,,,
123,siffert,brabham-brm,18,13,13,0.0,55,,+25 Laps,,,
123,jack_brabham,brabham-climax,7,14,R,0.0,44,,Ignition,,,
123,gurney,brabham-climax,1,15,R,0.0,23,,Steering,,,
123,bandini,ferrari,10,16,R,0.0,20,,Ignition,,,
123,beaufort,porsche,17,17,R,0.0,8,,Engine,,,
123,maggs,brm,0,18,W,0.0,0,,Accident,,,
124,clark,lotus-climax,6,1,1,9.0,32,2:06:40.500,Finished,,,
124,mclaren,cooper-climax,7,2,2,6.0,32,+3.400,Finished,,,
124,jack_brabham,brabham-climax,3,3,3,4.0,32,+48.100,Finished,,,
124,ginther,brm,8,4,4,3.0,32,+1:58.600,Finished,,,
124,hill,brm,2,5,5,2.0,31,,Fuel pump,,,
124,gurney,brabham-climax,1,6,6,1.0,31,,Out of fuel,,,
124,trevor_taylor,brp,12,7,7,0.0,31,,+1 Lap,,,
124,baghetti,brm,17,8,8,0.0,31,,+1 Lap,,,
124,arundell,lotus-climax,4,9,9,0.0,28,,Overheating,,,
124,ireland,brp,16,10,10,0.0,28,,+4 Laps,,,
124,revson,lotus-climax,10,11,D,0.0,28,,Disqualified,,,
124,siffert,brabham-climax,13,12,R,0.0,14,,Engine,,,
124,phil_hill,cooper-climax,15,13,R,0.0,13,,Engine,,,
124,bandini,ferrari,9,14,R,0.0,12,,Engine,,,
124,andre_pilette,scirocco,20,15,R,0.0,11,,Engine,,,
124,bonnier,brabham-climax,14,16,R,0.0,8,,Driver unwell,,,
124,surtees,ferrari,5,17,R,0.0,4,,Engine,,,
124,amon,lotus-brm,11,18,R,0.0,3,,Engine,,,
125,gurney,brabham-climax,2,1,1,9.0,57,2:07:49.100,Finished,,,
125,hill,brm,6,2,2,6.0,57,+24.100,Finished,,,
125,jack_brabham,brabham-climax,5,3,3,4.0,57,+24.900,Finished,,,
125,arundell,lotus-climax,4,4,4,3.0,57,+1:10.600,Finished,,,
125,ginther,brm,9,5,5,2.0,57,+2:12.100,Finished,,,
125,mclaren,cooper-climax,7,6,6,1.0,56,,+1 Lap,,,
125,phil_hill,cooper-climax,10,7,7,0.0,56,,+1 Lap,,,
125,hailwood,lotus-brm,13,8,8,0.0,56,,+1 Lap,,,
125,bandini,ferrari,8,9,9,0.0,55,,+2 Laps,,,
125,amon,lotus-brm,14,10,10,0.0,53,,+4 Laps,,,
125,trintignant,brm,16,11,11,0.0,52,,+5 Laps,,,
125,anderson,brabham-climax,15,12,12,0.0,50,,+7 Laps,,,
125,ireland,brp,11,13,R,0.0,32,,Accident,,,
125,clark,lotus-climax,1,14,R,0.0,31,,Engine,,,
125,surtees,ferrari,3,15,R,0.0,6,,Engine,,,
125,trevor_taylor,brp,12,16,R,0.0,6,,Accident,,,
125,siffert,brabham-brm,17,17,R,0.0,4,,Clutch,,,
127,surtees,ferrari,1,1,1,9.0,15,2:12:04.800,Finished,,,
127,hill,brm,5,2,2,6.0,15,+1:15.600,Finished,,,
127,bandini,ferrari,4,3,3,4.0,15,+4:52.800,Finished,,,
127,siffert,brabham-brm,10,4,4,3.0,15,+5:23.100,Finished,,,
127,trintignant,brm,14,5,5,2.0,14,,Battery,,,
127,maggs,brm,16,6,6,1.0,14,,+1 Lap,,,
127,ginther,brm,11,7,7,0.0,14,,+1 Lap,,,
127,spence,lotus-climax,17,8,8,0.0,14,,+1 Lap,,,
127,mitter,lotus-climax,19,9,9,0.0,14,,+1 Lap,,,
127,gurney,brabham-climax,3,10,10,0.0,14,,+1 Lap,,,
127,amon,lotus-brm,9,11,11,0.0,12,,Suspension,,,
127,jack_brabham,brabham-climax,6,12,12,0.0,11,,Differential,,,
127,bucknum,honda,22,13,13,0.0,11,,Accident,,,
127,revson,lotus-brm,18,14,14,0.0,10,,Accident,,,
127,clark,lotus-climax,2,15,R,0.0,7,,Engine,,,
127,mclaren,cooper-climax,7,16,R,0.0,4,,Engine,,,
127,anderson,brabham-climax,15,17,R,0.0,4,,Suspension,,,
127,barth,cooper-climax,20,18,R,0.0,3,,Clutch,,,
127,baghetti,brm,21,19,R,0.0,2,,Throttle,,,
127,phil_hill,cooper-climax,8,20,R,0.0,1,,Engine,,,
127,bonnier,brabham-brm,12,21,R,0.0,0,,Electrical,,,
127,hailwood,lotus-brm,13,22,R,0.0,0,,Engine,,,
129,surtees,ferrari,1,1,1,9.0,78,2:10:51.800,Finished,,,
129,mclaren,cooper-climax,5,2,2,6.0,78,+1:06.000,Finished,,,
129,bandini,ferrari,7,3,3,4.0,77,,+1 Lap,,,
129,ginther,brm,9,4,4,3.0,77,,+1 Lap,,,
129,ireland,brp,13,5,5,2.0,77,,+1 Lap,,,
129,spence,lotus-climax,8,6,6,1.0,77,,+1 Lap,,,
129,siffert,brabham-brm,6,7,7,0.0,77,,+1 Lap,,,
129,baghetti,brm,15,8,8,0.0,77,,+1 Lap,,,
129,scarfiotti,ferrari,16,9,9,0.0,77,,+1 Lap,,,
129,gurney,brabham-climax,2,10,10,0.0,75,,+3 Laps,,,
129,anderson,brabham-climax,14,11,11,0.0,75,,+3 Laps,,,
129,bonnier,brabham-climax,12,12,12,0.0,74,,+4 Laps,,,
129,revson,lotus-brm,18,13,13,0.0,72,,+6 Laps,,,
129,jack_brabham,brabham-climax,11,14,14,0.0,59,,Engine,,,
129,clark,lotus-climax,4,15,15,0.0,28,,Engine,,,
129,cabral,derrington,19,16,R,0.0,25,,Ignition,,,
129,trintignant,brm,21,17,R,0.0,22,,Injection,,,
129,bucknum,honda,10,18,R,0.0,13,,Brakes,,,
129,hailwood,lotus-brm,17,19,R,0.0,5,,Engine,,,
129,hill,brm,3,20,R,0.0,0,,Clutch,,,
132,clark,lotus-climax,1,1,1,9.0,85,2:06,Finished,,,
132,surtees,ferrari,2,2,2,6.0,85,+29.000,Finished,,,
132,hill,brm,5,3,3,4.0,85,+31.800,Finished,,,
132,spence,lotus-climax,4,4,4,3.0,85,+54.400,Finished,,,
132,mclaren,cooper-climax,8,5,5,2.0,84,,+1 Lap,,,
132,stewart,brm,11,6,6,1.0,83,,+2 Laps,,,
132,siffert,brabham-brm,14,7,7,0.0,83,,+2 Laps,,,
132,jack_brabham,brabham-climax,3,8,8,0.0,81,,+4 Laps,,,
132,hawkins,brabham-ford,16,9,9,0.0,81,,+4 Laps,,,
132,klerk,alfa,17,10,10,0.0,79,,+6 Laps,,,
132,maggs,lotus-brm,13,11,11,0.0,77,,+8 Laps,,,
132,gardner,brabham-brm,15,12,12,0.0,75,,+10 Laps,,,
132,tingle,lds-alfa_romeo,20,13,13,0.0,73,,+12 Laps,,,
132,prophet,brabham-ford,19,14,14,0.0,71,,+14 Laps,,,
132,bandini,ferrari,6,15,15,0.0,66,,Ignition,,,
132,anderson,brabham-climax,12,16,R,0.0,50,,Not classified,,,
132,bonnier,brabham-climax,7,17,R,0.0,42,,Clutch,,,
132,rindt,cooper-climax,10,18,R,0.0,39,,Electrical,,,
132,love,cooper-climax,18,19,R,0.0,20,,Halfshaft,,,
132,gurney,brabham-climax,9,20,R,0.0,11,,Ignition,,,
132,reed,re,0,29,W,0.0,0,,Withdrew,,,
132,clapham,cooper-maserati,0,30,W,0.0,0,,Withdrew,,,
132,blignaut,cooper-climax,0,31,W,0.0,0,,Withdrew,,,
134,clark,lotus-climax,2,1,1,9.0,32,2:23:34.800,Finished,,,
134,stewart,brm,3,2,2,6.0,32,+44.800,Finished,,,
134,mclaren,cooper-climax,9,3,3,4.0,31,,+1 Lap,,,
134,jack_brabham,brabham-climax,10,4,4,3.0,31,,+1 Lap,,,
134,hill,brm,1,5,5,2.0,31,,+1 Lap,,,
134,ginther,honda,4,6,6,1.0,31,,+1 Lap,,,
134,spence,lotus-climax,12,7,7,0.0,31,,+1 Lap,,,
134,siffert,brabham-brm,8,8,8,0.0,31,,+1 Lap,,,
134,bandini,ferrari,15,9,9,0.0,30,,+2 Laps,,,
134,gurney,brabham-climax,5,10,10,0.0,30,,+2 Laps,,,
134,rindt,cooper-climax,14,11,11,0.0,29,,+3 Laps,,,
134,bianchi,brm,17,12,12,0.0,29,,+3 Laps,,,
134,ireland,lotus-brm,16,13,13,0.0,27,,+5 Laps,,,
134,attwood,lotus-brm,13,14,14,0.0,26,,Accident,,,
134,gregory,brm,20,15,R,0.0,12,,Fuel pump,,,
134,bonnier,brabham-climax,7,16,R,0.0,9,,Ignition,,,
134,bucknum,honda,11,17,R,0.0,9,,Gearbox,,,
134,surtees,ferrari,6,18,R,0.0,5,,Engine,,,
134,gardner,brabham-brm,19,19,R,0.0,3,,Ignition,,,
135,clark,lotus-climax,1,1,1,9.0,40,2:41:38.400,Finished,,,
135,stewart,brm,2,2,2,6.0,40,+26.300,Finished,,,
135,surtees,ferrari,4,3,3,4.0,40,+2:33.500,Finished,,,
135,hulme,brabham-climax,6,4,4,3.0,40,+2:53.100,Finished,,,
135,hill,brm,13,5,5,2.0,39,,+1 Lap,,,
135,siffert,brabham-brm,14,6,6,1.0,39,,+1 Lap,,,
135,spence,lotus-climax,10,7,7,0.0,39,,+1 Lap,,,
135,bandini,ferrari,3,8,8,0.0,36,,Accident,,,
135,anderson,brabham-climax,15,9,9,0.0,34,,Fuel system,,,
135,mclaren,cooper-climax,9,10,R,0.0,23,,Suspension,,,
135,bonnier,brabham-climax,11,11,R,0.0,21,,Alternator,,,
135,amon,lotus-brm,8,12,R,0.0,20,,Fuel system,,,
135,ireland,lotus-brm,17,13,R,0.0,18,,Gearbox,,,
135,gurney,brabham-climax,5,14,R,0.0,16,,Engine,,,
135,ginther,honda,7,15,R,0.0,9,,Ignition,,,
135,bucknum,honda,16,16,R,0.0,4,,Ignition,,,
135,rindt,cooper-climax,12,17,R,0.0,3,,Accident,,,
136,clark,lotus-climax,1,1,1,9.0,80,2:05:25.400,Finished,,,
136,hill,brm,2,2,2,6.0,80,+3.200,Finished,,,
136,surtees,ferrari,5,3,3,4.0,80,+27.600,Finished,,,
136,spence,lotus-climax,6,4,4,3.0,80,+39.600,Finished,,,
136,stewart,brm,4,5,5,2.0,80,+1:14.600,Finished,,,
136,gurney,brabham-climax,7,6,6,1.0,79,,+1 Lap,,,
136,bonnier,brabham-climax,14,7,7,0.0,79,,+1 Lap,,,
136,gardner,brabham-brm,13,8,8,0.0,78,,+2 Laps,,,
136,siffert,brabham-brm,18,9,9,0.0,78,,+2 Laps,,,
136,mclaren,cooper-climax,11,10,10,0.0,77,,+3 Laps,,,
136,raby,brabham-brm,20,11,11,0.0,73,,+7 Laps,,,
136,gregory,brm,19,12,12,0.0,70,,+10 Laps,,,
136,attwood,lotus-brm,16,13,13,0.0,63,,+17 Laps,,,
136,rindt,cooper-climax,12,14,14,0.0,62,,Engine,,,
136,ireland,lotus-brm,15,15,R,0.0,41,,Engine,,,
136,rhodes,cooper-climax,21,16,R,0.0,38,,Ignition,,,
136,anderson,brabham-climax,17,17,R,0.0,33,,Gearbox,,,
136,hulme,brabham-climax,10,18,R,0.0,29,,Alternator,,,
136,ginther,honda,3,19,R,0.0,26,,Injection,,,
136,bandini,ferrari,9,20,R,0.0,2,,Engine,,,
136,jack_brabham,brabham-climax,8,21,W,0.0,0,,Withdrew,,,
137,clark,lotus-climax,2,1,1,9.0,80,2:03:59.100,Finished,,,
137,stewart,brm,6,2,2,6.0,80,+8.000,Finished,,,
137,gurney,brabham-climax,5,3,3,4.0,80,+13.000,Finished,,,
137,hill,brm,1,4,4,3.0,80,+45.100,Finished,,,
137,hulme,brabham-climax,7,5,5,2.0,79,,+1 Lap,,,
137,ginther,honda,3,6,6,1.0,79,,+1 Lap,,,
137,surtees,ferrari,4,7,7,0.0,79,,+1 Lap,,,
137,spence,lotus-climax,8,8,8,0.0,79,,+1 Lap,,,
137,bandini,ferrari,12,9,9,0.0,79,,+1 Lap,,,
137,ireland,lotus-brm,13,10,10,0.0,78,,+2 Laps,,,
137,gardner,brabham-brm,11,11,11,0.0,77,,+3 Laps,,,
137,attwood,lotus-brm,17,12,12,0.0,77,,+3 Laps,,,
137,siffert,brabham-brm,10,13,13,0.0,55,,+25 Laps,,,
137,rindt,cooper-climax,14,14,R,0.0,48,,Oil pressure,,,
137,mclaren,cooper-climax,9,15,R,0.0,36,,Differential,,,
137,bonnier,brabham-climax,15,16,R,0.0,16,,Oil leak,,,
137,anderson,brabham-climax,16,17,R,0.0,11,,Engine,,,
138,clark,lotus-climax,1,1,1,9.0,15,2:07:52.400,Finished,,,
138,hill,brm,3,2,2,6.0,15,+15.900,Finished,,,
138,gurney,brabham-climax,5,3,3,4.0,15,+21.400,Finished,,,
138,rindt,cooper-climax,8,4,4,3.0,15,+3:29.600,Finished,,,
138,jack_brabham,brabham-climax,14,5,5,2.0,15,+4:41.200,Finished,,,
138,bandini,ferrari,7,6,6,1.0,15,+5:08.600,Finished,,,
138,bonnier,brabham-climax,9,7,7,0.0,15,+5:58.500,Finished,,,
138,gregory,brm,19,8,8,0.0,14,,+1 Lap,,,
138,surtees,ferrari,4,9,R,0.0,11,,Gearbox,,,
138,siffert,brabham-brm,11,10,R,0.0,9,,Engine,,,
138,spence,lotus-climax,6,11,R,0.0,8,,Transmission,,,
138,mitter,lotus-climax,12,12,R,0.0,8,,Water leak,,,
138,attwood,lotus-brm,17,13,R,0.0,8,,Water leak,,,
138,mclaren,cooper-climax,10,14,R,0.0,7,,Gearbox,,,
138,hulme,brabham-climax,13,15,R,0.0,5,,Fuel leak,,,
138,amon,lotus-brm,16,16,R,0.0,3,,Electrical,,,
138,hawkins,lotus-climax,20,17,R,0.0,3,,Oil leak,,,
138,stewart,brm,2,18,R,0.0,2,,Suspension,,,
138,gardner,brabham-brm,18,19,R,0.0,0,,Gearbox,,,
139,stewart,brm,3,1,1,9.0,76,2:04:52.800,Finished,,,
139,hill,brm,4,2,2,6.0,76,+3.300,Finished,,,
139,gurney,brabham-climax,9,3,3,4.0,76,+16.500,Finished,,,
139,bandini,ferrari,5,4,4,3.0,76,+1:15.900,Finished,,,
139,mclaren,cooper-climax,11,5,5,2.0,75,,+1 Lap,,,
139,attwood,lotus-brm,13,6,6,1.0,75,,+1 Lap,,,
139,bonnier,brabham-climax,14,7,7,0.0,74,,+2 Laps,,,
139,rindt,cooper-climax,7,8,8,0.0,74,,+2 Laps,,,
139,ireland,lotus-brm,18,9,9,0.0,74,,+2 Laps,,,
139,clark,lotus-climax,1,10,10,0.0,63,,Fuel pump,,,
139,spence,lotus-climax,8,11,11,0.0,62,,Alternator,,,
139,vaccarella,ferrari,15,12,12,0.0,58,,Engine,,,
139,bussinello,brm,21,13,13,0.0,58,,Oil pressure,,,
139,ginther,honda,17,14,14,0.0,56,,Ignition,,,
139,hulme,brabham-climax,12,15,R,0.0,46,,Suspension,,,
139,gardner,brabham-brm,16,16,R,0.0,45,,Engine,,,
139,siffert,brabham-brm,10,17,R,0.0,43,,Gearbox,,,
139,geki,lotus-climax,20,18,R,0.0,37,,Gearbox,,,
139,surtees,ferrari,2,19,R,0.0,34,,Clutch,,,
139,bucknum,honda,6,20,R,0.0,27,,Ignition,,,
139,gregory,brm,23,21,R,0.0,22,,Gearbox,,,
139,baghetti,brabham-climax,19,22,R,0.0,12,,Engine,,,
139,bassi,brm,22,23,R,0.0,8,,Engine,,,
140,hill,brm,1,1,1,9.0,110,2:20:36.100,Finished,,,
140,gurney,brabham-climax,8,2,2,6.0,110,+12.500,Finished,,,
140,jack_brabham,brabham-climax,7,3,3,4.0,110,+57.500,Finished,,,
140,bandini,ferrari,5,4,4,3.0,109,,+1 Lap,,,
140,rodriguez,ferrari,15,5,5,2.0,109,,+1 Lap,,,
140,rindt,cooper-climax,13,6,6,1.0,108,,+2 Laps,,,
140,ginther,honda,3,7,7,0.0,108,,+2 Laps,,,
140,bonnier,brabham-climax,10,8,8,0.0,107,,+3 Laps,,,
140,bondurant,ferrari,14,9,9,0.0,106,,+4 Laps,,,
140,attwood,lotus-brm,16,10,10,0.0,101,,+9 Laps,,,
140,siffert,brabham-brm,11,11,11,0.0,99,,+11 Laps,,,
140,solana,lotus-climax,17,12,12,0.0,95,,+15 Laps,,,
140,bucknum,honda,12,13,13,0.0,92,,+18 Laps,,,
140,stewart,brm,6,14,R,0.0,12,,Suspension,,,
140,clark,lotus-climax,9,15,R,0.0,11,,Engine,,,
140,mclaren,cooper-climax,2,16,R,0.0,11,,Oil pressure,,,
140,spence,lotus-climax,4,17,R,0.0,9,,Engine,,,
140,ireland,lotus-brm,18,18,R,0.0,9,,Driver unwell,,,
141,ginther,honda,3,1,1,9.0,65,2:08:32.100,Finished,,,
141,gurney,brabham-climax,2,2,2,6.0,65,+2.890,Finished,,,
141,spence,lotus-climax,6,3,3,4.0,65,+1:00.150,Finished,,,
141,siffert,brabham-brm,11,4,4,3.0,65,+1:54.420,Finished,,,
141,bucknum,honda,10,5,5,2.0,64,,+1 Lap,,,
141,attwood,lotus-brm,17,6,6,1.0,64,,+1 Lap,,,
141,rodriguez,ferrari,14,7,7,0.0,62,,+3 Laps,,,
141,bandini,ferrari,7,8,8,0.0,62,,+3 Laps,,,
141,hill,brm,5,9,R,0.0,56,,Engine,,,
141,solana,lotus-climax,9,10,R,0.0,55,,Ignition,,,
141,bonnier,brabham-climax,12,11,R,0.0,43,,Suspension,,,
141,rindt,cooper-climax,16,12,R,0.0,39,,Ignition,,,
141,jack_brabham,brabham-climax,14,13,R,0.0,38,,Oil leak,,,
141,stewart,brm,8,14,R,0.0,35,,Clutch,,,
141,bondurant,lotus-brm,18,15,R,0.0,29,,Suspension,,,
141,mclaren,cooper-climax,15,16,R,0.0,25,,Gearbox,,,
141,clark,lotus-climax,1,17,R,0.0,8,,Engine,,,
141,ireland,lotus-brm,0,18,W,0.0,0,,Withdrew,,,
141,scarfiotti,ferrari,0,19,W,0.0,0,,Withdrew,,,
142,stewart,brm,3,1,1,9.0,100,2:33:10.500,Finished,,,
142,bandini,ferrari,5,2,2,6.0,100,+40.200,Finished,,,
142,hill,brm,4,3,3,4.0,99,,+1 Lap,,,
142,bondurant,brm,16,4,4,3.0,95,,+5 Laps,,,
142,ginther,cooper-maserati,9,5,R,0.0,80,,Transmission,,,
142,ligier,cooper-maserati,15,6,R,0.0,75,,Not classified,,,
142,bonnier,cooper-maserati,16,7,R,0.0,73,,Not classified,,,
142,clark,lotus-climax,1,8,R,0.0,60,,Suspension,,,
142,rindt,cooper-maserati,7,9,R,0.0,56,,Engine,,,
142,siffert,brabham-brm,13,10,R,0.0,35,,Clutch,,,
142,spence,lotus-brm,12,11,R,0.0,34,,Suspension,,,
142,jack_brabham,brabham-repco,11,12,R,0.0,17,,Gearbox,,,
142,surtees,ferrari,2,13,R,0.0,16,,Transmission,,,
142,hulme,brabham-climax,6,14,R,0.0,15,,Transmission,,,
142,mclaren,mclaren-ford,10,15,R,0.0,9,,Oil leak,,,
142,anderson,brabham-climax,8,16,R,0.0,3,,Engine,,,
145,jack_brabham,brabham-repco,1,1,1,9.0,80,2:13:13.400,Finished,,,
145,hulme,brabham-repco,2,2,2,6.0,80,+9.600,Finished,,,
145,hill,brm,4,3,3,4.0,79,,+1 Lap,,,
145,clark,lotus-climax,5,4,4,3.0,79,,+1 Lap,,,
145,rindt,cooper-maserati,7,5,5,2.0,79,,+1 Lap,,,
145,mclaren,mclaren-seren,13,6,6,1.0,78,,+2 Laps,,,
145,irwin,brabham-climax,12,7,7,0.0,78,,+2 Laps,,,
145,taylor,brabham-brm,16,8,8,0.0,76,,+4 Laps,,,
145,bondurant,brm,14,9,9,0.0,76,,+4 Laps,,,
145,ligier,cooper-maserati,17,10,10,0.0,75,,+5 Laps,,,
145,lawrence,cooper-ferrari,19,11,11,0.0,73,,+7 Laps,,,
145,anderson,brabham-climax,10,12,R,0.0,70,,Not classified,,,
145,siffert,cooper-maserati,11,13,R,0.0,70,,Not classified,,,
145,surtees,cooper-maserati,6,14,R,0.0,67,,Transmission,,,
145,bonnier,brabham-climax,15,15,R,0.0,42,,Clutch,,,
145,arundell,lotus-brm,20,16,R,0.0,32,,Gearbox,,,
145,stewart,brm,8,17,R,0.0,17,,Engine,,,
145,spence,lotus-brm,9,18,R,0.0,15,,Oil leak,,,
145,gurney,eagle-climax,3,19,R,0.0,9,,Engine,,,
145,trevor_taylor,shannon,18,20,R,0.0,0,,Engine,,,
148,scarfiotti,ferrari,2,1,1,9.0,68,1:47:14.800,Finished,,,
148,parkes,ferrari,1,2,2,6.0,68,+5.800,Finished,,,
148,hulme,brabham-repco,10,3,3,4.0,68,+6.100,Finished,,,
148,rindt,cooper-maserati,8,4,4,3.0,67,,+1 Lap,,,
148,spence,lotus-brm,14,5,5,2.0,67,,+1 Lap,,,
148,anderson,brabham-climax,15,6,6,1.0,66,,+2 Laps,,,
148,bondurant,brm,18,7,7,0.0,65,,+3 Laps,,,
148,arundell,lotus-brm,13,8,8,0.0,63,,Engine,,,
148,geki,lotus-climax,20,9,9,0.0,63,,+5 Laps,,,
148,baghetti,ferrari,16,10,R,0.0,59,,Not classified,,,
148,clark,lotus-brm,3,11,R,0.0,58,,Gearbox,,,
148,siffert,cooper-maserati,17,12,R,0.0,46,,Engine,,,
148,bandini,ferrari,5,13,R,0.0,33,,Ignition,,,
148,surtees,cooper-maserati,4,14,R,0.0,31,,Fuel leak,,,
148,ginther,honda,7,15,R,0.0,16,,Accident,,,
148,jack_brabham,brabham-repco,6,16,R,0.0,7,,Oil leak,,,
148,gurney,eagle-weslake,19,17,R,0.0,7,,Engine,,,
148,stewart,brm,9,18,R,0.0,5,,Fuel leak,,,
148,bonnier,cooper-maserati,12,19,R,0.0,3,,Throttle,,,
148,hill,brm,11,20,R,0.0,0,,Engine,,,
151,rodriguez,cooper-maserati,4,1,1,9.0,80,2:05:45.900,Finished,,,
151,love,cooper-climax,5,2,2,6.0,80,+26.400,Finished,,,
151,surtees,honda,6,3,3,4.0,79,,+1 Lap,,,
151,hulme,brabham-repco,2,4,4,3.0,78,,+2 Laps,,,
151,anderson,brabham-climax,10,5,5,2.0,78,,+2 Laps,,,
151,jack_brabham,brabham-repco,1,6,6,1.0,76,,+4 Laps,,,
151,charlton,brabham-climax,8,7,R,0.0,63,,Not classified,,,
151,botha,brabham-climax,17,8,R,0.0,60,,Not classified,,,
151,tingle,lds-climax,14,9,R,0.0,56,,Accident,,,
151,courage,lotus-brm,18,10,R,0.0,51,,Fuel system,,,
151,gurney,eagle-climax,11,11,R,0.0,44,,Suspension,,,
151,siffert,cooper-maserati,16,12,R,0.0,41,,Engine,,,
151,rindt,cooper-maserati,7,13,R,0.0,38,,Engine,,,
151,spence,brm,13,14,R,0.0,31,,Oil leak,,,
151,bonnier,cooper-maserati,12,15,R,0.0,30,,Engine,,,
151,clark,lotus-brm,3,16,R,0.0,22,,Engine,,,
151,hill,lotus-brm,15,17,R,0.0,6,,Accident,,,
151,stewart,brm,9,18,R,0.0,2,,Engine,,,
154,gurney,eagle-weslake,2,1,1,9.0,28,1:40:49.400,Finished,,,
154,stewart,brm,6,2,2,6.0,28,+1:03.000,Finished,,,
154,amon,ferrari,5,3,3,4.0,28,+1:40.000,Finished,,,
154,rindt,cooper-maserati,4,4,4,3.0,28,+2:13.900,Finished,,,
154,spence,brm,11,5,5,2.0,27,,+1 Lap,,,
154,clark,lotus-ford,1,6,6,1.0,27,,+1 Lap,,,
154,siffert,cooper-maserati,16,7,7,0.0,27,,+1 Lap,,,
154,anderson,brabham-climax,17,8,8,0.0,26,,+2 Laps,,,
154,rodriguez,cooper-maserati,13,9,9,0.0,25,,Engine,,,
154,ligier,cooper-maserati,18,10,10,0.0,25,,+3 Laps,,,
154,scarfiotti,ferrari,9,11,R,0.0,24,,Not classified,,,
154,jack_brabham,brabham-repco,7,12,R,0.0,15,,Engine,,,
154,hulme,brabham-repco,14,13,R,0.0,14,,Engine,,,
154,bonnier,cooper-maserati,12,14,R,0.0,10,,Engine,,,
154,hill,lotus-ford,3,15,R,0.0,3,,Clutch,,,
154,surtees,honda,10,16,R,0.0,1,,Engine,,,
154,irwin,brm,15,17,R,0.0,1,,Engine,,,
154,parkes,ferrari,8,18,R,0.0,0,,Accident,,,
158,jack_brabham,brabham-repco,7,1,1,9.0,90,2:40,Finished,,,
158,hulme,brabham-repco,3,2,2,6.0,90,+1:01.900,Finished,,,
158,gurney,eagle-weslake,5,3,3,4.0,89,,+1 Lap,,,
158,hill,lotus-ford,2,4,4,3.0,88,,+2 Laps,,,
158,spence,brm,10,5,5,2.0,87,,+3 Laps,,,
158,amon,ferrari,4,6,6,1.0,87,,+3 Laps,,,
158,mclaren,mclaren-brm,6,7,7,0.0,86,,+4 Laps,,,
158,bonnier,cooper-maserati,14,8,8,0.0,85,,+5 Laps,,,
158,hobbs,brm,12,9,9,0.0,85,,+5 Laps,,,
158,attwood,cooper-maserati,13,10,10,0.0,84,,+6 Laps,,,
158,fisher,lotus-brm,17,11,11,0.0,81,,+9 Laps,,,
158,clark,lotus-ford,1,12,R,0.0,69,,Ignition,,,
158,wietzes,lotus-ford,16,13,D,0.0,69,,Disqualified,,,
158,stewart,brm,9,14,R,0.0,65,,Throttle,,,
158,pease,eagle-climax,15,15,R,0.0,47,,Not classified,,,
158,irwin,brm,11,16,R,0.0,18,,Spun off,,,
158,rindt,cooper-maserati,8,17,R,0.0,4,,Ignition,,,
160,clark,lotus-ford,2,1,1,9.0,108,2:03:13.200,Finished,,,
160,hill,lotus-ford,1,2,2,6.0,108,+6.300,Finished,,,
160,hulme,brabham-repco,6,3,3,4.0,107,,+1 Lap,,,
160,siffert,cooper-maserati,12,4,4,3.0,106,,+2 Laps,,,
160,jack_brabham,brabham-repco,5,5,5,2.0,104,,+4 Laps,,,
160,bonnier,cooper-maserati,15,6,6,1.0,101,,+7 Laps,,,
160,beltoise,mclaren-ford,18,7,7,0.0,101,,+7 Laps,,,
160,surtees,honda,11,8,R,0.0,96,,Alternator,,,
160,amon,ferrari,4,9,R,0.0,95,,Engine,,,
160,stewart,brm,10,10,R,0.0,72,,Injection,,,
160,ickx,cooper-maserati,16,11,R,0.0,45,,Overheating,,,
160,ligier,brabham-repco,17,12,R,0.0,43,,Engine,,,
160,irwin,brm,14,13,R,0.0,41,,Engine,,,
160,spence,brm,13,14,R,0.0,35,,Engine,,,
160,rindt,cooper-maserati,8,15,R,0.0,33,,Engine,,,
160,gurney,eagle-weslake,3,16,R,0.0,24,,Suspension,,,
160,mclaren,mclaren-brm,9,17,R,0.0,16,,Water leak,,,
160,solana,lotus-ford,7,18,R,0.0,7,,Ignition,,,
163,hill,lotus-ford,6,1,1,9.0,90,2:15:02.100,Finished,,,
163,hulme,mclaren-ford,3,2,2,6.0,90,+15.900,Finished,,,
163,redman,cooper-brm,13,3,3,4.0,89,,+1 Lap,,,
163,scarfiotti,cooper-brm,12,4,4,3.0,89,,+1 Lap,,,
163,beltoise,matra-ford,5,5,5,2.0,81,,+9 Laps,,,
163,mclaren,mclaren-ford,4,6,R,0.0,77,,Oil leak,,,
163,surtees,honda,7,7,R,0.0,74,,Gearbox,,,
163,siffert,lotus-ford,10,8,R,0.0,62,,Transmission,,,
163,amon,ferrari,1,9,R,0.0,57,,Fuel pump,,,
163,courage,brm,11,10,R,0.0,52,,Fuel pump,,,
163,rodriguez,brm,2,11,R,0.0,27,,Accident,,,
163,ickx,ferrari,8,12,R,0.0,13,,Ignition,,,
163,rindt,brabham-repco,9,13,R,0.0,10,,Oil pressure,,,
163,jack_brabham,brabham-repco,0,14,W,0.0,0,,Withdrew,,,
166,stewart,matra-ford,5,1,1,9.0,90,2:46:11.200,Finished,,,
166,beltoise,matra,16,2,2,6.0,90,+1:33.930,Finished,,,
166,rodriguez,brm,11,3,3,4.0,89,,+1 Lap,,,
166,ickx,ferrari,6,4,4,3.0,88,,+2 Laps,,,
166,moser,brabham-repco,7,5,5,2.0,87,,+3 Laps,,,
166,amon,ferrari,1,6,6,1.0,85,,+5 Laps,,,
166,attwood,brm,15,7,7,0.0,85,,+5 Laps,,,
166,bonnier,mclaren-brm,19,8,8,0.0,82,,+8 Laps,,,
166,hill,lotus-ford,3,9,9,0.0,81,,Accident,,,
166,oliver,lotus-ford,10,10,R,0.0,80,,Not classified,,,
166,gurney,brabham-repco,12,11,R,0.0,63,,Throttle,,,
166,siffert,lotus-ford,13,12,R,0.0,55,,Gearbox,,,
166,surtees,honda,9,13,R,0.0,50,,Alternator,,,
166,courage,brm,14,14,R,0.0,50,,Spun off,,,
166,rindt,brabham-repco,2,15,R,0.0,39,,Ignition,,,
166,jack_brabham,brabham-repco,4,16,R,0.0,22,,Spun off,,,
166,mclaren,mclaren-ford,8,17,R,0.0,19,,Accident,,,
166,hulme,mclaren-ford,7,18,R,0.0,10,,Ignition,,,
166,bianchi,cooper-brm,18,19,R,0.0,9,,Accident,,,
170,hulme,mclaren-ford,7,1,1,9.0,68,1:40:14.800,Finished,,,
170,gavin,matra-ford,13,2,2,6.0,68,+1:28.400,Finished,,,
170,ickx,ferrari,4,3,3,4.0,68,+1:28.600,Finished,,,
170,courage,brm,17,4,4,3.0,67,,+1 Lap,,,
170,beltoise,matra,18,5,5,2.0,66,,+2 Laps,,,
170,bonnier,mclaren-brm,19,6,6,1.0,64,,+4 Laps,,,
170,siffert,lotus-ford,9,7,R,0.0,58,,Suspension,,,
170,jack_brabham,brabham-repco,16,8,R,0.0,56,,Oil pressure,,,
170,stewart,matra-ford,6,9,R,0.0,42,,Engine,,,
170,hobbs,honda,14,10,R,0.0,42,,Engine,,,
170,oliver,lotus-ford,11,11,R,0.0,38,,Transmission,,,
170,mclaren,mclaren-ford,2,12,R,0.0,34,,Oil leak,,,
170,rindt,brabham-repco,10,13,R,0.0,33,,Engine,,,
170,rodriguez,brm,15,14,R,0.0,22,,Engine,,,
170,gurney,eagle-weslake,12,15,R,0.0,19,,Engine,,,
170,hill,lotus-ford,5,16,R,0.0,10,,Wheel,,,
170,surtees,honda,1,17,R,0.0,8,,Accident,,,
170,amon,ferrari,3,18,R,0.0,8,,Accident,,,
170,bell,ferrari,8,19,R,0.0,4,,Fuel system,,,
170,elford,cooper-brm,20,20,R,0.0,2,,Accident,,,
171,hulme,mclaren-ford,6,1,1,9.0,90,2:27:11.200,Finished,,,
171,mclaren,mclaren-ford,8,2,2,6.0,89,,+1 Lap,,,
171,rodriguez,brm,12,3,3,4.0,88,,+2 Laps,,,
171,hill,lotus-ford,5,4,4,3.0,86,,+4 Laps,,,
171,elford,cooper-brm,16,5,5,2.0,86,,+4 Laps,,,
171,stewart,matra-ford,11,6,6,1.0,83,,+7 Laps,,,
171,beltoise,matra,15,7,R,0.0,77,,Gearbox,,,
171,amon,ferrari,2,8,R,0.0,72,,Transmission,,,
171,gavin,matra-ford,13,9,R,0.0,71,,Accident,,,
171,bianchi,cooper-brm,18,10,R,0.0,56,,Not classified,,,
171,pescarolo,matra,19,11,R,0.0,54,,Oil pressure,,,
171,rindt,brabham-repco,1,12,R,0.0,39,,Engine,,,
171,oliver,lotus-ford,19,13,R,0.0,32,,Halfshaft,,,
171,jack_brabham,brabham-repco,10,14,R,0.0,31,,Suspension,,,
171,siffert,lotus-ford,3,15,R,0.0,29,,Oil leak,,,
171,gurney,mclaren-ford,4,16,R,0.0,29,,Radiator,,,
171,courage,brm,14,17,R,0.0,22,,Gearbox,,,
171,brack,lotus-ford,20,18,R,0.0,18,,Halfshaft,,,
171,surtees,honda,7,19,R,0.0,10,,Gearbox,,,
171,bonnier,mclaren-brm,17,20,R,0.0,0,,Fuel system,,,
171,ickx,ferrari,0,21,W,0.0,0,,Accident,,,
173,hill,lotus-ford,3,1,1,9.0,65,1:56:43.950,Finished,,,
173,mclaren,mclaren-ford,9,2,2,6.0,65,+1:19.320,Finished,,,
173,oliver,lotus-ford,14,3,3,4.0,65,+1:40.650,Finished,,,
173,rodriguez,brm,12,4,4,3.0,65,+1:41.090,Finished,,,
173,bonnier,honda,18,5,5,2.0,64,,+1 Lap,,,
173,siffert,lotus-ford,1,6,6,1.0,64,,+1 Lap,,,
173,stewart,matra-ford,7,7,7,0.0,64,,+1 Lap,,,
173,elford,cooper-brm,17,8,8,0.0,63,,+2 Laps,,,
173,pescarolo,matra,20,9,9,0.0,62,,+3 Laps,,,
173,jack_brabham,brabham-repco,8,10,10,0.0,59,,Oil pressure,,,
173,gavin,matra-ford,16,11,R,0.0,57,,Ignition,,,
173,gurney,mclaren-ford,5,12,R,0.0,28,,Suspension,,,
173,courage,brm,19,13,R,0.0,25,,Engine,,,
173,bianchi,cooper-brm,21,14,R,0.0,21,,Engine,,,
173,surtees,honda,6,15,R,0.0,17,,Overheating,,,
173,amon,ferrari,2,16,R,0.0,16,,Transmission,,,
173,solana,lotus-ford,11,17,R,0.0,14,,Broken wing,,,
173,hulme,mclaren-ford,4,18,R,0.0,10,,Suspension,,,
173,beltoise,matra,13,19,R,0.0,10,,Suspension,,,
173,ickx,ferrari,15,20,R,0.0,3,,Ignition,,,
173,rindt,brabham-repco,10,21,R,0.0,2,,Ignition,,,
175,stewart,matra-ford,4,1,1,9.0,90,2:16,Finished,,,
175,mclaren,mclaren-ford,13,2,2,6.0,88,,+2 Laps,,,
175,beltoise,matra-ford,12,3,3,4.0,87,,+3 Laps,,,
175,hulme,mclaren-ford,8,4,4,3.0,87,,+3 Laps,,,
175,surtees,brm,9,5,5,2.0,84,,+6 Laps,,,
175,ickx,brabham-ford,7,6,6,1.0,83,,+7 Laps,,,
175,rodriguez,brm,14,7,R,0.0,73,,Engine,,,
175,amon,ferrari,2,8,R,0.0,56,,Engine,,,
175,jack_brabham,brabham-ford,5,9,R,0.0,51,,Engine,,,
175,siffert,lotus-ford,6,10,R,0.0,30,,Oil leak,,,
175,rindt,lotus-ford,1,11,R,0.0,19,,Accident,,,
175,courage,brabham-ford,11,12,R,0.0,18,,Engine,,,
175,hill,lotus-ford,3,13,R,0.0,8,,Accident,,,
175,oliver,brm,10,14,R,0.0,1,,Oil pipe,,,
176,hill,lotus-ford,4,1,1,9.0,80,1:56:59.400,Finished,,,
176,courage,brabham-ford,9,2,2,6.0,80,+17.300,Finished,,,
176,siffert,lotus-ford,5,3,3,4.0,80,+34.600,Finished,,,
176,attwood,lotus-ford,10,4,4,3.0,80,+52.900,Finished,,,
176,mclaren,mclaren-ford,11,5,5,2.0,79,,+1 Lap,,,
176,hulme,mclaren-ford,12,6,6,1.0,78,,+2 Laps,,,
176,elford,cooper-maserati,16,7,7,0.0,74,,+6 Laps,,,
176,ickx,brabham-ford,7,8,R,0.0,48,,Suspension,,,
176,stewart,matra-ford,1,9,R,0.0,22,,Halfshaft,,,
176,beltoise,matra-ford,3,10,R,0.0,20,,Halfshaft,,,
176,amon,ferrari,2,11,R,0.0,16,,Differential,,,
176,rodriguez,brm,14,12,R,0.0,15,,Engine,,,
176,moser,brabham-ford,15,13,R,0.0,15,,Halfshaft,,,
176,surtees,brm,6,14,R,0.0,9,,Gearbox,,,
176,jack_brabham,brabham-ford,8,15,R,0.0,9,,Accident,,,
176,oliver,brm,13,16,R,0.0,0,,Accident,,,
178,stewart,matra-ford,1,1,1,9.0,38,1:56:47.400,Finished,,,
178,beltoise,matra-ford,5,2,2,6.0,38,+57.100,Finished,,,
178,ickx,brabham-ford,4,3,3,4.0,38,+57.300,Finished,,,
178,mclaren,mclaren-ford,7,4,4,3.0,37,,+1 Lap,,,
178,elford,mclaren-ford,10,5,5,2.0,37,,+1 Lap,,,
178,hill,lotus-ford,8,6,6,1.0,37,,+1 Lap,,,
178,moser,brabham-ford,13,7,7,0.0,36,,+2 Laps,,,
178,hulme,mclaren-ford,2,8,8,0.0,35,,+3 Laps,,,
178,siffert,lotus-ford,9,9,9,0.0,34,,+4 Laps,,,
178,amon,ferrari,6,10,R,0.0,30,,Engine,,,
178,rindt,lotus-ford,3,11,R,0.0,22,,Physical,,,
178,courage,brabham-ford,11,12,R,0.0,21,,Chassis,,,
178,miles,lotus-ford,12,13,R,0.0,1,,Fuel pump,,,
180,ickx,brabham-ford,1,1,1,9.0,14,1:49:55.400,Finished,,,
180,stewart,matra-ford,2,2,2,6.0,14,+57.700,Finished,,,
180,mclaren,mclaren-ford,8,3,3,4.0,14,+3:21.600,Finished,,,
180,hill,lotus-ford,9,4,4,3.0,14,+3:58.800,Finished,,,
180,siffert,lotus-ford,4,5,5,2.0,12,,Suspension,,,
180,beltoise,matra-ford,10,6,6,1.0,12,,Suspension,,,
180,hulme,mclaren-ford,5,7,R,0.0,11,,Transmission,,,
180,oliver,brm-ford,16,8,R,0.0,11,,Oil leak,,,
180,rindt,lotus-ford,3,9,R,0.0,10,,Ignition,,,
180,bonnier,lotus-ford,23,10,R,0.0,4,,Fuel leak,,,
180,courage,brabham-ford,7,11,R,0.0,1,,Accident,,,
180,elford,mclaren-ford,6,12,R,0.0,0,,Accident,,,
180,mario_andretti,lotus-ford,15,13,R,0.0,0,,Accident,,,
180,surtees,brm,11,14,W,0.0,0,,Withdrew,,,
182,ickx,brabham-ford,1,1,1,9.0,90,1:59:25.700,Finished,,,
182,jack_brabham,brabham-ford,6,2,2,6.0,90,+46.200,Finished,,,
182,rindt,lotus-ford,3,3,3,4.0,90,+52.000,Finished,,,
182,beltoise,matra-ford,2,4,4,3.0,89,,+1 Lap,,,
182,mclaren,mclaren-ford,9,5,5,2.0,87,,+3 Laps,,,
182,gavin,matra-ford,15,6,6,1.0,84,,+6 Laps,,,
182,lovely,lotus-ford,16,7,7,0.0,81,,+9 Laps,,,
182,brack,brm,18,8,R,0.0,80,,Not classified,,,
182,hill,lotus-ford,7,9,R,0.0,42,,Engine,,,
182,siffert,lotus-ford,8,10,R,0.0,40,,Halfshaft,,,
182,miles,lotus-ford,11,11,R,0.0,40,,Gearbox,,,
182,rodriguez,ferrari,13,12,R,0.0,37,,Oil pressure,,,
182,stewart,matra-ford,4,13,R,0.0,32,,Collision,,,
182,pease,eagle-climax,17,14,D,0.0,22,,Disqualified,,,
182,surtees,brm,14,15,R,0.0,15,,Engine,,,
182,courage,brabham-ford,10,16,R,0.0,13,,Fuel leak,,,
182,cordts,brabham-climax,19,17,R,0.0,10,,Oil leak,,,
182,hulme,mclaren-ford,5,18,R,0.0,9,,Distributor,,,
182,oliver,brm,12,19,R,0.0,2,,Engine,,,
182,moser,brabham-ford,20,20,R,0.0,0,,Accident,,,
185,jack_brabham,brabham,3,1,1,9.0,80,1:49:35.400,Finished,,,
185,hulme,mclaren-ford,6,2,2,6.0,80,+8.100,Finished,,,
185,stewart,march,1,3,3,4.0,80,+17.100,Finished,,,
185,beltoise,matra,8,4,4,3.0,80,+1:13.100,Finished,,,
185,miles,team_lotus,14,5,5,2.0,79,,+1 Lap,,,
185,hill,team_lotus,19,6,6,1.0,79,,+1 Lap,,,
185,pescarolo,matra,18,7,7,0.0,78,,+2 Laps,,,
185,love,team_lotus,22,8,8,0.0,78,,+2 Laps,,,
185,rodriguez,brm,16,9,9,0.0,76,,+4 Laps,,,
185,siffert,march,9,10,10,0.0,75,,+5 Laps,,,
185,klerk,brabham,21,11,11,0.0,75,,+5 Laps,,,
185,charlton,team_lotus,13,12,12,0.0,73,,Engine,,,
185,rindt,team_lotus,4,13,13,0.0,72,,Engine,,,
185,ickx,ferrari,5,14,R,0.0,60,,Engine,,,
185,surtees,mclaren-ford,7,15,R,0.0,60,,Engine,,,
185,eaton,brm,23,16,R,0.0,58,,Engine,,,
185,gavin,march,17,17,R,0.0,57,,Engine,,,
185,mclaren,mclaren-ford,10,18,R,0.0,39,,Engine,,,
185,courage,tomaso,20,19,R,0.0,39,,Accident,,,
185,mario_andretti,march,11,20,R,0.0,26,,Overheating,,,
185,stommelen,brabham,15,21,R,0.0,23,,Engine,,,
185,oliver,brm,12,22,R,0.0,22,,Gearbox,,,
185,amon,march,2,23,R,0.0,14,,Overheating,,,
187,rindt,team_lotus,8,1,1,9.0,80,1:54:37.400,Finished,,,
187,jack_brabham,brabham,4,2,2,6.0,80,+23.100,Finished,,,
187,pescarolo,matra,7,3,3,4.0,80,+51.400,Finished,,,
187,hulme,mclaren-ford,3,4,4,3.0,80,+1:28.300,Finished,,,
187,hill,team_lotus,16,5,5,2.0,79,,+1 Lap,,,
187,rodriguez,brm,15,6,6,1.0,78,,+2 Laps,,,
187,peterson,march,12,7,7,0.0,78,,+2 Laps,,,
187,siffert,march,11,8,8,0.0,76,,Out of fuel,,,
187,amon,march,2,9,R,0.0,60,,Suspension,,,
187,courage,tomaso,9,10,R,0.0,58,,Not classified,,,
187,stewart,march,1,11,R,0.0,57,,Engine,,,
187,oliver,brm,14,12,R,0.0,42,,Engine,,,
187,beltoise,matra,6,13,R,0.0,21,,Differential,,,
187,mclaren,mclaren-ford,10,14,R,0.0,19,,Suspension,,,
187,surtees,mclaren-ford,13,15,R,0.0,14,,Oil pressure,,,
187,ickx,ferrari,5,16,R,0.0,11,,Halfshaft,,,
190,rindt,team_lotus,6,1,1,9.0,38,1:55,Finished,,,
190,amon,march,3,2,2,6.0,38,+7.610,Finished,,,
190,jack_brabham,brabham,5,3,3,4.0,38,+44.830,Finished,,,
190,hulme,mclaren-ford,7,4,4,3.0,38,+45.660,Finished,,,
190,pescarolo,matra,8,5,5,2.0,38,+1:19.420,Finished,,,
190,gurney,mclaren-ford,17,6,6,1.0,38,+1:19.650,Finished,,,
190,stommelen,brabham,14,7,7,0.0,38,+2:20.160,Finished,,,
190,miles,team_lotus,18,8,8,0.0,38,+2:47.170,Finished,,,
190,stewart,march,4,9,9,0.0,38,+3:09.610,Finished,,,
190,hill,team_lotus,20,10,10,0.0,37,,+1 Lap,,,
190,cevert,march,13,11,11,0.0,37,,+1 Lap,,,
190,eaton,brm,19,12,12,0.0,36,,+2 Laps,,,
190,beltoise,matra,2,13,13,0.0,35,,Out of fuel,,,
190,giunti,ferrari,11,14,14,0.0,35,,+3 Laps,,,
190,adamich,mclaren-alfa_romeo,15,15,R,0.0,29,,Not classified,,,
190,siffert,march,16,16,R,0.0,23,,Accident,,,
190,peterson,march,9,17,R,0.0,17,,Differential,,,
190,ickx,ferrari,1,18,R,0.0,16,,Engine,,,
190,rodriguez,brm,10,19,R,0.0,6,,Gearbox,,,
190,oliver,brm,12,20,R,0.0,5,,Engine,,,
193,ickx,ferrari,3,1,1,9.0,60,1:42:17.300,Finished,,,
193,regazzoni,ferrari,2,2,2,6.0,60,+0.610,Finished,,,
193,stommelen,brabham,17,3,3,4.0,60,+1:27.880,Finished,,,
193,rodriguez,brm,22,4,4,3.0,59,,+1 Lap,,,
193,oliver,brm,14,5,5,2.0,59,,+1 Lap,,,
193,beltoise,matra,7,6,6,1.0,59,,+1 Lap,,,
193,giunti,ferrari,5,7,7,0.0,59,,+1 Lap,,,
193,amon,march,5,8,8,0.0,59,,+1 Lap,,,
193,siffert,march,20,9,9,0.0,59,,+1 Lap,,,
193,gethin,mclaren-ford,21,10,10,0.0,59,,+1 Lap,,,
193,eaton,brm,23,11,11,0.0,58,,+2 Laps,,,
193,adamich,mclaren-alfa_romeo,15,12,12,0.0,57,,+3 Laps,,,
193,jack_brabham,brabham,8,13,13,0.0,56,,+4 Laps,,,
193,pescarolo,matra,13,14,14,0.0,56,,+4 Laps,,,
193,emerson_fittipaldi,team_lotus,16,15,15,0.0,55,,+5 Laps,,,
193,hulme,mclaren-ford,11,16,R,0.0,30,,Engine,,,
193,surtees,surtees,12,17,R,0.0,27,,Engine,,,
193,schenken,tomaso,19,18,R,0.0,25,,Engine,,,
193,rindt,team_lotus,1,19,R,0.0,21,,Engine,,,
193,mario_andretti,march,18,20,R,0.0,13,,Accident,,,
193,moser,bellasi,24,21,R,0.0,13,,Radiator,,,
193,stewart,march,4,22,R,0.0,7,,Fuel pipe,,,
193,miles,team_lotus,10,23,R,0.0,4,,Brakes,,,
193,cevert,march,9,24,R,0.0,0,,Engine,,,
195,ickx,ferrari,2,1,1,9.0,90,1:21:18.400,Finished,,,
195,regazzoni,ferrari,3,2,2,6.0,90,+14.800,Finished,,,
195,amon,march,6,3,3,4.0,90,+57.900,Finished,,,
195,rodriguez,brm,7,4,4,3.0,89,,+1 Lap,,,
195,surtees,surtees,5,5,5,2.0,89,,+1 Lap,,,
195,gethin,mclaren-ford,11,6,6,1.0,88,,+2 Laps,,,
195,pescarolo,matra,8,7,7,0.0,87,,+3 Laps,,,
195,beltoise,matra,13,8,8,0.0,85,,Clutch,,,
195,cevert,march,4,9,9,0.0,85,,+5 Laps,,,
195,eaton,brm,9,10,10,0.0,85,,+5 Laps,,,
195,schenken,tomaso,17,11,R,0.0,79,,Not classified,,,
195,hill,team_lotus,20,12,R,0.0,77,,Not classified,,,
195,adamich,mclaren-alfa_romeo,12,13,R,0.0,69,,Oil pressure,,,
195,peterson,march,16,14,R,0.0,65,,Not classified,,,
195,hulme,mclaren-ford,15,15,R,0.0,58,,Engine,,,
195,jack_brabham,brabham,19,16,R,0.0,57,,Oil leak,,,
195,oliver,brm,10,17,R,0.0,52,,Not classified,,,
195,stewart,tyrrell,1,18,R,0.0,31,,Axle,,,
195,stommelen,brabham,18,19,R,0.0,22,,Handling,,,
195,siffert,march,14,20,R,0.0,21,,Engine,,,
196,emerson_fittipaldi,team_lotus,3,1,1,9.0,108,1:57:32.790,Finished,,,
196,rodriguez,brm,4,2,2,6.0,108,+36.390,Finished,,,
196,wisell,team_lotus,9,3,3,4.0,108,+45.170,Finished,,,
196,ickx,ferrari,1,4,4,3.0,107,,+1 Lap,,,
196,amon,march,5,5,5,2.0,107,,+1 Lap,,,
196,bell,surtees,13,6,6,1.0,107,,+1 Lap,,,
196,hulme,mclaren-ford,11,7,7,0.0,106,,+2 Laps,,,
196,pescarolo,matra,12,8,8,0.0,105,,+3 Laps,,,
196,siffert,march,23,9,9,0.0,105,,+3 Laps,,,
196,jack_brabham,brabham,16,10,10,0.0,105,,+3 Laps,,,
196,peterson,march,15,11,11,0.0,104,,+4 Laps,,,
196,stommelen,brabham,19,12,12,0.0,104,,+4 Laps,,,
196,regazzoni,ferrari,6,13,13,0.0,101,,+7 Laps,,,
196,gethin,mclaren-ford,21,14,14,0.0,100,,+8 Laps,,,
196,stewart,tyrrell,2,15,R,0.0,82,,Oil leak,,,
196,hill,team_lotus,10,16,R,0.0,72,,Clutch,,,
196,cevert,march,17,17,R,0.0,62,,Wheel,,,
196,schenken,tomaso,20,18,R,0.0,61,,Suspension,,,
196,bonnier,mclaren-ford,24,19,R,0.0,50,,Water pipe,,,
196,beltoise,matra,18,20,R,0.0,27,,Handling,,,
196,hutchison,brabham,22,21,R,0.0,21,,Fuel leak,,,
196,oliver,brm,7,22,R,0.0,14,,Engine,,,
196,eaton,brm,14,23,R,0.0,10,,Engine,,,
196,surtees,surtees,8,24,R,0.0,6,,Engine,,,
197,ickx,ferrari,3,1,1,9.0,65,1:53:28.300,Finished,,,
197,regazzoni,ferrari,1,2,2,6.0,65,+24.640,Finished,,,
197,hulme,mclaren-ford,14,3,3,4.0,65,+45.970,Finished,,,
197,amon,march,5,4,4,3.0,65,+47.050,Finished,,,
197,beltoise,matra,6,5,5,2.0,65,+50.110,Finished,,,
197,rodriguez,brm,7,6,6,1.0,65,+1:24.760,Finished,,,
197,oliver,brm,13,7,7,0.0,64,,+1 Lap,,,
197,surtees,surtees,15,8,8,0.0,64,,+1 Lap,,,
197,pescarolo,matra,11,9,9,0.0,61,,+4 Laps,,,
197,wisell,team_lotus,12,10,R,0.0,56,,Not classified,,,
197,jack_brabham,brabham,4,11,R,0.0,52,,Engine,,,
197,stewart,tyrrell,2,12,R,0.0,33,,Suspension,,,
197,gethin,mclaren-ford,10,13,R,0.0,27,,Engine,,,
197,stommelen,brabham,17,14,R,0.0,15,,Fuel system,,,
197,cevert,march,9,15,R,0.0,8,,Engine,,,
197,hill,team_lotus,8,16,R,0.0,4,,Overheating,,,
197,siffert,march,16,17,R,0.0,3,,Engine,,,
197,emerson_fittipaldi,team_lotus,18,18,R,0.0,1,,Engine,,,
200,stewart,tyrrell,1,1,1,9.0,80,1:52:21.300,Finished,,,
200,peterson,march-ford,6,2,2,6.0,80,+25.600,Finished,,,
200,ickx,ferrari,2,3,3,4.0,80,+53.300,Finished,,,
200,hulme,mclaren,6,4,4,3.0,80,+1:06.700,Finished,,,
200,emerson_fittipaldi,lotus-ford,17,5,5,2.0,79,,+1 Lap,,,
200,stommelen,surtees,16,6,6,1.0,79,,+1 Lap,,,
200,surtees,surtees,10,7,7,0.0,79,,+1 Lap,,,
200,pescarolo,march-ford,13,8,8,0.0,77,,+3 Laps,,,
200,rodriguez,brm,5,9,9,0.0,76,,+4 Laps,,,
200,schenken,brabham,18,10,10,0.0,76,,+4 Laps,,,
200,siffert,brm,3,11,R,0.0,58,,Oil pipe,,,
200,beltoise,matra,7,12,R,0.0,47,,Differential,,,
200,amon,matra,4,13,R,0.0,45,,Differential,,,
200,regazzoni,ferrari,11,14,R,0.0,24,,Accident,,,
200,gethin,mclaren,14,15,R,0.0,22,,Accident,,,
200,wisell,lotus-ford,12,16,R,0.0,21,,Wheel bearing,,,
200,cevert,tyrrell,15,17,R,0.0,5,,Accident,,,
200,hill,brabham,9,18,R,0.0,1,,Accident,,,
201,ickx,ferrari,1,1,1,9.0,70,1:56,Finished,,,
201,rodriguez,brm,2,2,2,6.0,70,+7.990,Finished,,,
201,regazzoni,ferrari,4,3,3,4.0,69,,+1 Lap,,,
201,peterson,march-ford,13,4,4,3.0,68,,+2 Laps,,,
201,surtees,surtees,7,5,5,2.0,68,,+2 Laps,,,
201,siffert,brm,8,6,6,1.0,68,,+2 Laps,,,
201,ganley,brm,9,7,7,0.0,66,,+4 Laps,,,
201,lennep,surtees,21,8,8,0.0,65,,+5 Laps,,,
201,beltoise,matra,11,9,9,0.0,65,,+5 Laps,,,
201,hill,brabham,16,10,10,0.0,65,,+5 Laps,,,
201,stewart,tyrrell,3,11,11,0.0,65,,+5 Laps,,,
201,hulme,mclaren,14,12,12,0.0,63,,+7 Laps,,,
201,pescarolo,march-ford,15,13,R,0.0,62,,Not classified,,,
201,barber,march-ford,24,14,R,0.0,60,,Not classified,,,
201,gethin,mclaren,23,15,R,0.0,60,,Not classified,,,
201,roig,march-ford,17,16,R,0.0,57,,Engine,,,
201,schenken,brabham,19,17,R,0.0,39,,Suspension,,,
201,cevert,tyrrell,12,18,R,0.0,29,,Accident,,,
201,stommelen,surtees,18,19,D,0.0,19,,Disqualified,,,
201,wisell,lotus-ford,4,20,D,0.0,17,,Disqualified,,,
201,mario_andretti,ferrari,16,21,R,0.0,5,,Fuel pump,,,
201,walker,lotus-pw,22,22,R,0.0,5,,Accident,,,
201,amon,matra,5,23,R,0.0,2,,Spun off,,,
204,stewart,tyrrell,1,1,1,9.0,12,1:29:16.300,Finished,,,
204,cevert,tyrrell,5,2,2,6.0,12,+30.100,Finished,,,
204,regazzoni,ferrari,4,3,3,4.0,12,+37.100,Finished,,,
204,mario_andretti,ferrari,11,4,4,3.0,12,+2:05.000,Finished,,,
204,peterson,march-ford,3,5,5,2.0,12,+2:29.100,Finished,,,
204,schenken,brabham,9,6,6,1.0,12,+2:58.600,Finished,,,
204,surtees,surtees,15,7,7,0.0,12,+3:19.000,Finished,,,
204,wisell,lotus-ford,17,8,8,0.0,12,+6:31.700,Finished,,,
204,hill,brabham,13,9,9,0.0,12,+6:37.000,Finished,,,
204,stommelen,surtees,12,10,10,0.0,11,,+1 Lap,,,
204,elford,brm,18,11,11,0.0,11,,+1 Lap,,,
204,galli,march-alfa_romeo,21,12,12,0.0,10,,+2 Laps,,,
204,emerson_fittipaldi,lotus-ford,8,13,R,0.0,8,,Oil leak,,,
204,siffert,brm,3,14,D,0.0,6,,Disqualified,,,
204,amon,matra,16,15,R,0.0,6,,Accident,,,
204,pescarolo,march-ford,10,16,R,0.0,5,,Suspension,,,
204,gethin,mclaren,19,17,R,0.0,5,,Accident,,,
204,hulme,mclaren,6,18,R,0.0,3,,Fuel leak,,,
204,beuttler,march-ford,22,19,D,0.0,3,,Disqualified,,,
204,ganley,brm,14,20,R,0.0,2,,Engine,,,
204,adamich,march-alfa_romeo,20,21,R,0.0,2,,Injection,,,
204,ickx,ferrari,2,22,R,0.0,1,,Accident,,,
207,stewart,tyrrell,1,1,1,9.0,64,1:55:13.100,Finished,,,
207,peterson,march-ford,6,2,2,6.0,64,+38.300,Finished,,,
207,donohue,mclaren,8,3,3,4.0,64,+1:35.800,Finished,,,
207,hulme,mclaren,10,4,4,3.0,63,,+1 Lap,,,
207,wisell,lotus-ford,7,5,5,2.0,63,,+1 Lap,,,
207,cevert,tyrrell,3,6,6,1.0,62,,+2 Laps,,,
207,emerson_fittipaldi,lotus-ford,4,7,7,0.0,62,,+2 Laps,,,
207,ickx,ferrari,12,8,8,0.0,62,,+2 Laps,,,
207,siffert,brm,2,9,9,0.0,61,,+3 Laps,,,
207,amon,matra,5,10,10,0.0,61,,+3 Laps,,,
207,surtees,surtees,14,11,11,0.0,60,,+4 Laps,,,
207,marko,brm,19,12,12,0.0,60,,+4 Laps,,,
207,mario_andretti,ferrari,13,13,13,0.0,60,,+4 Laps,,,
207,gethin,brm,16,14,14,0.0,59,,+5 Laps,,,
207,eaton,brm,21,15,15,0.0,59,,+5 Laps,,,
207,galli,march-ford,20,16,16,0.0,57,,+7 Laps,,,
207,beuttler,march-ford,22,17,R,0.0,56,,Not classified,,,
207,lovely,lotus-ford,25,18,R,0.0,55,,Not classified,,,
207,stommelen,surtees,23,19,R,0.0,26,,Overheating,,,
207,beltoise,matra,11,20,R,0.0,15,,Accident,,,
207,barber,march-ford,24,21,R,0.0,13,,Oil pressure,,,
207,regazzoni,ferrari,18,22,R,0.0,7,,Accident,,,
207,hill,brabham,15,23,R,0.0,2,,Accident,,,
207,schenken,brabham,17,24,R,0.0,1,,Ignition,,,
207,ganley,brm,9,25,R,0.0,0,,Accident,,,
210,hulme,mclaren,5,1,1,9.0,79,1:45:49.100,Finished,,,
210,emerson_fittipaldi,team_lotus,3,2,2,6.0,79,+14.100,Finished,,,
210,revson,mclaren,12,3,3,4.0,79,+25.800,Finished,,,
210,mario_andretti,ferrari,6,4,4,3.0,79,+38.500,Finished,,,
210,peterson,march,9,5,5,2.0,79,+49.000,Finished,,,
210,hill,brabham,14,6,6,1.0,78,,+1 Lap,,,
210,lauda,march,21,7,7,0.0,78,,+1 Lap,,,
210,ickx,ferrari,7,8,8,0.0,78,,+1 Lap,,,
210,cevert,tyrrell,8,9,9,0.0,78,,+1 Lap,,,
210,walker,team_lotus,19,10,10,0.0,78,,+1 Lap,,,
210,pescarolo,march,22,11,11,0.0,78,,+1 Lap,,,
210,regazzoni,ferrari,2,12,12,0.0,77,,+2 Laps,,,
210,stommelen,march,25,13,13,0.0,77,,+2 Laps,,,
210,marko,brm,23,14,14,0.0,76,,+3 Laps,,,
210,amon,matra,13,15,15,0.0,76,,+3 Laps,,,
210,love,surtees,26,16,16,0.0,73,,Spun off,,,
210,pace,march,24,17,17,0.0,73,,+6 Laps,,,
210,ganley,brm,16,18,R,0.0,70,,Not classified,,,
210,adamich,surtees,20,19,R,0.0,69,,Not classified,,,
210,gethin,brm,18,20,R,0.0,65,,Not classified,,,
210,beltoise,brm,11,21,R,0.0,61,,Engine,,,
210,stewart,tyrrell,1,22,R,0.0,45,,Gearbox,,,
210,hailwood,surtees,4,23,R,0.0,28,,Suspension,,,
210,reutemann,brabham,15,24,R,0.0,27,,Fuel system,,,
210,schenken,surtees,10,25,R,0.0,9,,Engine,,,
210,charlton,team_lotus,17,26,R,0.0,2,,Fuel pump,,,
213,emerson_fittipaldi,team_lotus,1,1,1,9.0,85,1:44:07.300,Finished,,,
213,cevert,tyrrell,5,2,2,6.0,85,+26.600,Finished,,,
213,hulme,mclaren,3,3,3,4.0,85,+58.100,Finished,,,
213,hailwood,surtees,8,4,4,3.0,85,+1:12.000,Finished,,,
213,pace,march,11,5,5,2.0,84,,+1 Lap,,,
213,amon,matra,13,6,6,1.0,84,,+1 Lap,,,
213,revson,mclaren,7,7,7,0.0,83,,+2 Laps,,,
213,ganley,brm,15,8,8,0.0,83,,+2 Laps,,,
213,peterson,march,14,9,9,0.0,83,,+2 Laps,,,
213,marko,brm,23,10,10,0.0,83,,+2 Laps,,,
213,stommelen,march,20,11,11,0.0,83,,+2 Laps,,,
213,lauda,march,25,12,12,0.0,82,,+3 Laps,,,
213,reutemann,brabham,9,13,13,0.0,81,,+4 Laps,,,
213,walker,team_lotus,12,14,14,0.0,79,,+6 Laps,,,
213,hill,brabham,16,15,R,0.0,73,,Suspension,,,
213,pescarolo,march,19,16,R,0.0,59,,Not classified,,,
213,regazzoni,ferrari,2,17,R,0.0,57,,Accident,,,
213,adamich,surtees,10,18,R,0.0,55,,Engine,,,
213,galli,tecno,24,19,R,0.0,54,,Accident,,,
213,ickx,ferrari,4,20,R,0.0,47,,Injection,,,
213,beuttler,march,22,21,R,0.0,31,,Halfshaft,,,
213,wilson_fittipaldi,brabham,18,22,R,0.0,28,,Gearbox,,,
213,gethin,brm,17,23,R,0.0,27,,Fuel pump,,,
213,beltoise,brm,6,24,R,0.0,15,,Overheating,,,
213,schenken,surtees,21,25,R,0.0,11,,Overheating,,,
217,emerson_fittipaldi,team_lotus,1,1,1,9.0,54,1:29:16.660,Finished,,,
217,hulme,mclaren,7,2,2,6.0,54,+1.180,Finished,,,
217,revson,mclaren,4,3,3,4.0,54,+36.530,Finished,,,
217,hailwood,surtees,12,4,4,3.0,54,+44.760,Finished,,,
217,amon,matra,6,5,5,2.0,54,+45.640,Finished,,,
217,ganley,brm,10,6,6,1.0,54,+1:01.190,Finished,,,
217,stewart,tyrrell,3,7,7,0.0,54,+1:09.090,Finished,,,
217,beltoise,brm,21,8,8,0.0,54,+1:21.450,Finished,,,
217,cevert,tyrrell,20,9,9,0.0,53,,+1 Lap,,,
217,lauda,march,22,10,10,0.0,53,,+1 Lap,,,
217,schenken,surtees,8,11,11,0.0,52,,+2 Laps,,,
217,peterson,march,11,12,12,0.0,52,,+2 Laps,,,
217,gethin,brm,16,13,13,0.0,51,,+3 Laps,,,
217,adamich,surtees,13,14,14,0.0,51,,+3 Laps,,,
217,stommelen,march,17,15,R,0.0,48,,Engine,,,
217,pace,march,18,16,R,0.0,46,,Not classified,,,
217,galli,tecno,23,17,R,0.0,45,,Oil leak,,,
217,hill,brabham,14,18,R,0.0,36,,Injection,,,
217,wilson_fittipaldi,brabham,15,19,R,0.0,31,,Brakes,,,
217,beuttler,march,24,20,R,0.0,24,,Fuel system,,,
217,migault,connew,25,21,R,0.0,22,,Suspension,,,
217,ickx,ferrari,9,22,R,0.0,20,,Fuel system,,,
217,reutemann,brabham,5,23,R,0.0,14,,Injection,,,
217,regazzoni,ferrari,2,24,R,0.0,13,,Fuel system,,,
217,walker,team_lotus,19,25,R,0.0,6,,Engine,,,
218,emerson_fittipaldi,team_lotus,4,1,1,9.0,55,1:29:58.400,Finished,,,
218,hailwood,surtees,9,2,2,6.0,55,+14.500,Finished,,,
218,hulme,mclaren,5,3,3,4.0,55,+23.800,Finished,,,
218,revson,mclaren,8,4,4,3.0,55,+35.700,Finished,,,
218,hill,brabham,13,5,5,2.0,55,+1:05.600,Finished,,,
218,gethin,brm,12,6,6,1.0,55,+1:21.900,Finished,,,
218,mario_andretti,ferrari,7,7,7,0.0,54,,+1 Lap,,,
218,beltoise,brm,16,8,8,0.0,54,,+1 Lap,,,
218,peterson,march,24,9,9,0.0,54,,+1 Lap,,,
218,beuttler,march,25,10,10,0.0,54,,+1 Lap,,,
218,ganley,brm,17,11,11,0.0,52,,+3 Laps,,,
218,wisell,brm,10,12,12,0.0,51,,+4 Laps,,,
218,lauda,march,20,13,13,0.0,50,,+5 Laps,,,
218,ickx,ferrari,1,14,R,0.0,46,,Electrical,,,
218,amon,matra,2,15,R,0.0,38,,Brakes,,,
218,adamich,surtees,21,16,R,0.0,33,,Brakes,,,
218,wilson_fittipaldi,brabham,19,17,R,0.0,20,,Suspension,,,
218,surtees,surtees,22,18,R,0.0,20,,Fuel system,,,
218,schenken,surtees,15,19,R,0.0,20,,Spun off,,,
218,regazzoni,ferrari,4,20,R,0.0,16,,Collision,,,
218,pace,march,18,21,R,0.0,15,,Collision,,,
218,reutemann,brabham,11,22,R,0.0,14,,Suspension,,,
218,cevert,tyrrell,14,23,R,0.0,14,,Engine,,,
218,galli,tecno,23,24,R,0.0,6,,Engine,,,
218,stewart,tyrrell,3,25,R,0.0,0,,Clutch,,,
220,stewart,tyrrell,1,1,1,9.0,59,1:41:45.354,Finished,,,
220,cevert,tyrrell,4,2,2,6.0,59,+32.268,Finished,,,
220,hulme,mclaren,3,3,3,4.0,59,+37.528,Finished,,,
220,peterson,march,26,4,4,3.0,59,+1:22.516,Finished,,,
220,ickx,ferrari,12,5,5,2.0,59,+1:23.119,Finished,,,
220,mario_andretti,ferrari,10,6,6,1.0,58,,+1 Lap,,,
220,depailler,tyrrell,11,7,7,0.0,58,,+1 Lap,,,
220,regazzoni,ferrari,6,8,8,0.0,58,,+1 Lap,,,
220,scheckter,mclaren,8,9,9,0.0,58,,+1 Lap,,,
220,wisell,team_lotus,16,10,10,0.0,57,,+2 Laps,,,
220,hill,brabham,27,11,11,0.0,57,,+2 Laps,,,
220,posey,surtees,22,12,12,0.0,57,,+2 Laps,,,
220,beuttler,march,20,13,13,0.0,57,,+2 Laps,,,
220,pescarolo,march,21,14,14,0.0,57,,+2 Laps,,,
220,amon,matra,7,15,15,0.0,57,,+2 Laps,,,
220,barber,march,20,16,16,0.0,57,,+2 Laps,,,
220,hailwood,surtees,14,17,17,0.0,56,,Collision,,,
220,revson,mclaren,2,18,18,0.0,54,,Electrical,,,
220,lauda,march,25,19,19,0.0,49,,Not classified,,,
220,pace,march,15,20,R,0.0,48,,Fuel system,,,
220,gethin,brm,28,21,R,0.0,47,,Engine,,,
220,ganley,brm,17,22,R,0.0,44,,Engine,,,
220,walker,team_lotus,30,23,R,0.0,44,,Engine,,,
220,wilson_fittipaldi,brabham,13,24,R,0.0,43,,Engine,,,
220,beltoise,brm,18,25,R,0.0,40,,Ignition,,,
220,redman,brm,24,26,R,0.0,34,,Engine,,,
220,reutemann,brabham,5,27,R,0.0,31,,Engine,,,
220,adamich,surtees,19,28,R,0.0,25,,Collision,,,
220,schenken,surtees,31,29,R,0.0,22,,Suspension,,,
220,emerson_fittipaldi,team_lotus,9,30,R,0.0,17,,Suspension,,,
220,bell,tecno,29,31,R,0.0,8,,Engine,,,
223,stewart,tyrrell,16,1,1,9.0,79,1:43:11.070,Finished,,,
223,revson,mclaren,6,2,2,6.0,79,+24.550,Finished,,,
223,emerson_fittipaldi,team_lotus,2,3,3,4.0,79,+25.060,Finished,,,
223,merzario,ferrari,15,4,4,3.0,78,,+1 Lap,,,
223,hulme,mclaren,1,5,5,2.0,77,,+2 Laps,,,
223,follmer,shadow,21,6,6,1.0,77,,+2 Laps,,,
223,reutemann,brabham,8,7,7,0.0,77,,+2 Laps,,,
223,adamich,surtees,20,8,8,0.0,77,,+2 Laps,,,
223,scheckter,mclaren,3,9,9,0.0,75,,Engine,,,
223,ganley,iso_marlboro,19,10,10,0.0,73,,+6 Laps,,,
223,peterson,team_lotus,4,11,11,0.0,73,,+6 Laps,,,
223,pace,surtees,9,12,R,0.0,69,,Accident,,,
223,keizan,tyrrell,22,13,R,0.0,67,,Not classified,,,
223,jarier,march,18,14,R,0.0,66,,Not classified,,,
223,cevert,tyrrell,25,15,R,0.0,66,,Not classified,,,
223,beuttler,march,23,16,R,0.0,65,,Not classified,,,
223,wilson_fittipaldi,brabham,17,17,R,0.0,52,,Gearbox,,,
223,pretorius,iso_marlboro,24,18,R,0.0,35,,Overheating,,,
223,lauda,brm,10,19,R,0.0,26,,Engine,,,
223,oliver,shadow,14,20,R,0.0,14,,Engine,,,
223,beltoise,brm,7,21,R,0.0,4,,Clutch,,,
223,charlton,team_lotus,13,22,R,0.0,3,,Accident,,,
223,regazzoni,brm,5,23,R,0.0,2,,Accident,,,
223,ickx,ferrari,11,24,R,0.0,2,,Accident,,,
223,hailwood,surtees,12,25,R,0.0,2,,Accident,,,
226,stewart,tyrrell,1,1,1,9.0,78,1:57:44.300,Finished,,,
226,emerson_fittipaldi,team_lotus,5,2,2,6.0,78,+1.300,Finished,,,
226,peterson,team_lotus,2,3,3,4.0,77,,+1 Lap,,,
226,cevert,tyrrell,4,4,4,3.0,77,,+1 Lap,,,
226,revson,mclaren,15,5,5,2.0,76,,+2 Laps,,,
226,hulme,mclaren,3,6,6,1.0,76,,+2 Laps,,,
226,adamich,brabham,25,7,7,0.0,75,,+3 Laps,,,
226,hailwood,surtees,13,8,8,0.0,75,,+3 Laps,,,
226,hunt,march,18,9,9,0.0,73,,Engine,,,
226,oliver,shadow,22,10,10,0.0,72,,+6 Laps,,,
226,wilson_fittipaldi,brabham,9,11,11,0.0,71,,Fuel system,,,
226,jarier,march,14,12,R,0.0,67,,Gearbox,,,
226,hill,shadow,24,13,R,0.0,62,,Suspension,,,
226,merzario,ferrari,16,14,R,0.0,58,,Oil pressure,,,
226,reutemann,brabham,19,15,R,0.0,46,,Gearbox,,,
226,ickx,ferrari,7,16,R,0.0,44,,Halfshaft,,,
226,ganley,iso_marlboro,10,17,R,0.0,41,,Halfshaft,,,
226,beltoise,brm,11,18,R,0.0,39,,Accident,,,
226,pace,surtees,17,19,R,0.0,31,,Halfshaft,,,
226,purley,march,23,20,R,0.0,31,,Fuel leak,,,
226,galli,iso_marlboro,21,21,R,0.0,30,,Halfshaft,,,
226,lauda,brm,6,22,R,0.0,24,,Gearbox,,,
226,amon,tecno,12,23,R,0.0,22,,Overheating,,,
226,regazzoni,brm,8,24,R,0.0,15,,Brakes,,,
226,beuttler,march,20,25,R,0.0,3,,Engine,,,
229,revson,mclaren,3,1,1,9.0,67,1:29:18.500,Finished,,,
229,peterson,team_lotus,1,2,2,6.0,67,+2.800,Finished,,,
229,hulme,mclaren,2,3,3,4.0,67,+3.000,Finished,,,
229,hunt,march,11,4,4,3.0,67,+3.400,Finished,,,
229,cevert,tyrrell,7,5,5,2.0,67,+36.600,Finished,,,
229,reutemann,brabham,8,6,6,1.0,67,+44.700,Finished,,,
229,regazzoni,brm,10,7,7,0.0,67,+1:11.700,Finished,,,
229,ickx,ferrari,19,8,8,0.0,67,+1:17.400,Finished,,,
229,ganley,iso_marlboro,18,9,9,0.0,66,,+1 Lap,,,
229,stewart,tyrrell,4,10,10,0.0,66,,+1 Lap,,,
229,beuttler,march,24,11,11,0.0,65,,+2 Laps,,,
229,lauda,brm,9,12,12,0.0,63,,+4 Laps,,,
229,opel,ensign,21,13,13,0.0,61,,+6 Laps,,,
229,wilson_fittipaldi,brabham,13,14,R,0.0,44,,Oil leak,,,
229,emerson_fittipaldi,team_lotus,5,15,R,0.0,36,,Transmission,,,
229,watson,brabham,23,16,R,0.0,36,,Fuel system,,,
229,hill,shadow,27,17,R,0.0,24,,Chassis,,,
229,amon,tecno,29,18,R,0.0,6,,Fuel system,,,
229,scheckter,mclaren,6,19,R,0.0,0,,Collision,,,
229,hailwood,surtees,12,20,R,0.0,0,,Collision,,,
229,mass,surtees,14,21,R,0.0,0,,Collision,,,
229,pace,surtees,15,22,R,0.0,0,,Collision,,,
229,beltoise,brm,17,23,R,0.0,0,,Collision,,,
229,adamich,brabham,20,24,R,0.0,0,,Collision,,,
229,williamson,march,22,25,R,0.0,0,,Collision,,,
229,follmer,shadow,25,26,R,0.0,0,,Collision,,,
229,oliver,shadow,26,27,R,0.0,0,,Collision,,,
229,mcrae,iso_marlboro,28,28,R,0.0,0,,Throttle,,,
229,purley,march,16,29,R,0.0,0,,Spun off,,,
232,peterson,team_lotus,2,1,1,9.0,54,1:28:48.780,Finished,,,
232,stewart,tyrrell,7,2,2,6.0,54,+9.010,Finished,,,
232,pace,surtees,8,3,3,4.0,54,+46.640,Finished,,,
232,reutemann,brabham,5,4,4,3.0,54,+47.910,Finished,,,
232,beltoise,brm,13,5,5,2.0,54,+1:21.300,Finished,,,
232,regazzoni,brm,14,6,6,1.0,54,+1:38.400,Finished,,,
232,merzario,ferrari,6,7,7,0.0,53,,+1 Lap,,,
232,hulme,mclaren,3,8,8,0.0,53,,+1 Lap,,,
232,lennep,iso_marlboro,23,9,9,0.0,52,,+2 Laps,,,
232,hailwood,surtees,15,10,10,0.0,49,,+5 Laps,,,
232,emerson_fittipaldi,team_lotus,1,11,R,0.0,48,,Fuel system,,,
232,ganley,iso_marlboro,21,12,R,0.0,44,,Not classified,,,
232,jarier,march,12,13,R,0.0,37,,Engine,,,
232,opel,ensign,19,14,R,0.0,34,,Fuel system,,,
232,wilson_fittipaldi,brabham,16,15,R,0.0,31,,Fuel system,,,
232,hill,shadow,22,16,R,0.0,28,,Suspension,,,
232,follmer,shadow,20,17,R,0.0,23,,Differential,,,
232,stommelen,brabham,17,18,R,0.0,21,,Wheel,,,
232,oliver,shadow,18,19,R,0.0,9,,Fuel system,,,
232,cevert,tyrrell,10,20,R,0.0,6,,Suspension,,,
232,hunt,march,9,21,R,0.0,3,,Injection,,,
232,revson,mclaren,4,22,R,0.0,0,,Clutch,,,
232,beuttler,march,11,23,R,0.0,0,,Collision,,,
235,peterson,team_lotus,1,1,1,9.0,59,1:41:15.779,Finished,,,
235,hunt,march,4,2,2,6.0,59,+0.668,Finished,,,
235,reutemann,brabham,2,3,3,4.0,59,+22.930,Finished,,,
235,hulme,mclaren,8,4,4,3.0,59,+50.226,Finished,,,
235,revson,mclaren,7,5,5,2.0,59,+1:20.367,Finished,,,
235,emerson_fittipaldi,team_lotus,3,6,6,1.0,59,+1:47.945,Finished,,,
235,ickx,iso_marlboro,23,7,7,0.0,58,,+1 Lap,,,
235,regazzoni,brm,15,8,8,0.0,58,,+1 Lap,,,
235,beltoise,brm,14,9,9,0.0,58,,+1 Lap,,,
235,beuttler,march,26,10,10,0.0,58,,+1 Lap,,,
235,jarier,march,17,11,11,0.0,57,,Accident,,,
235,ganley,iso_marlboro,19,12,12,0.0,57,,+2 Laps,,,
235,hill,shadow,18,13,13,0.0,57,,+2 Laps,,,
235,follmer,shadow,20,14,14,0.0,57,,+2 Laps,,,
235,oliver,shadow,22,15,15,0.0,55,,+4 Laps,,,
235,merzario,ferrari,11,16,16,0.0,55,,+4 Laps,,,
235,wilson_fittipaldi,brabham,25,17,R,0.0,52,,Not classified,,,
235,scheckter,mclaren,10,18,R,0.0,39,,Suspension,,,
235,mass,surtees,16,19,R,0.0,35,,Engine,,,
235,lauda,brm,21,20,R,0.0,35,,Fuel pump,,,
235,hailwood,surtees,6,21,R,0.0,34,,Suspension,,,
235,pace,surtees,9,22,R,0.0,32,,Suspension,,,
235,watson,brabham,24,23,R,0.0,7,,Engine,,,
235,redman,shadow,13,24,D,0.0,5,,Disqualified,,,
235,opel,ensign,27,25,R,0.0,0,,Throttle,,,
235,stewart,tyrrell,5,26,W,0.0,0,,Withdrew,,,
235,amon,tyrrell,12,27,W,0.0,0,,Withdrew,,,
235,cevert,tyrrell,0,28,W,0.0,0,,Accident,,,
239,lauda,ferrari,1,1,1,9.0,84,2:00:29.560,Finished,,,
239,regazzoni,ferrari,3,2,2,6.0,84,+35.610,Finished,,,
239,emerson_fittipaldi,mclaren,4,3,3,4.0,83,,+1 Lap,,,
239,stuck,march,13,4,4,3.0,82,,+2 Laps,,,
239,scheckter,tyrrell,9,5,5,2.0,82,,+2 Laps,,,
239,hulme,mclaren,8,6,6,1.0,82,,+2 Laps,,,
239,redman,shadow,21,7,7,0.0,81,,+3 Laps,,,
239,depailler,tyrrell,16,8,8,0.0,81,,+3 Laps,,,
239,hailwood,mclaren,17,9,9,0.0,81,,+3 Laps,,,
239,hunt,hesketh,10,10,10,0.0,81,,+3 Laps,,,
239,watson,brabham,15,11,11,0.0,80,,+4 Laps,,,
239,pescarolo,brm,20,12,12,0.0,80,,+4 Laps,,,
239,pace,surtees,14,13,13,0.0,78,,+6 Laps,,,
239,schenken,trojan,25,14,14,0.0,76,,Spun off,,,
239,jarier,shadow,12,15,R,0.0,73,,Not classified,,,
239,hill,lola,19,16,R,0.0,43,,Engine,,,
239,merzario,iso_marlboro,7,17,R,0.0,37,,Accident,,,
239,mass,surtees,18,18,R,0.0,35,,Gearbox,,,
239,migault,brm,22,19,R,0.0,27,,Engine,,,
239,ickx,team_lotus,5,20,R,0.0,26,,Brakes,,,
239,peterson,team_lotus,2,21,R,0.0,23,,Engine,,,
239,amon,amon,23,22,R,0.0,22,,Brakes,,,
239,opel,brabham,24,23,R,0.0,14,,Oil leak,,,
239,reutemann,brabham,6,24,R,0.0,12,,Spun off,,,
239,beltoise,brm,11,25,R,0.0,2,,Engine,,,
241,peterson,team_lotus,3,1,1,9.0,78,1:58:03.700,Finished,,,
241,scheckter,tyrrell,5,2,2,6.0,78,+28.800,Finished,,,
241,jarier,shadow,6,3,3,4.0,78,+48.900,Finished,,,
241,regazzoni,ferrari,2,4,4,3.0,78,+1:03.100,Finished,,,
241,emerson_fittipaldi,mclaren,13,5,5,2.0,77,,+1 Lap,,,
241,watson,brabham,23,6,6,1.0,77,,+1 Lap,,,
241,hill,lola,21,7,7,0.0,76,,+2 Laps,,,
241,edwards,lola,26,8,8,0.0,75,,+3 Laps,,,
241,depailler,tyrrell,4,9,9,0.0,74,,+4 Laps,,,
241,pescarolo,brm,27,10,R,0.0,62,,Gearbox,,,
241,ickx,team_lotus,19,11,R,0.0,34,,Engine,,,
241,lauda,ferrari,1,12,R,0.0,32,,Ignition,,,
241,hunt,hesketh,7,13,R,0.0,27,,Halfshaft,,,
241,hailwood,mclaren,10,14,R,0.0,11,,Accident,,,
241,reutemann,brabham,8,15,R,0.0,5,,Suspension,,,
241,migault,brm,22,16,R,0.0,4,,Accident,,,
241,schuppan,ensign,25,17,R,0.0,4,,Accident,,,
241,stuck,march,9,18,R,0.0,3,,Collision,,,
241,beltoise,brm,11,19,R,0.0,0,,Collision,,,
241,hulme,mclaren,12,20,R,0.0,0,,Collision,,,
241,merzario,iso_marlboro,14,21,R,0.0,0,,Collision,,,
241,brambilla,march,15,22,R,0.0,0,,Collision,,,
241,redman,shadow,16,23,R,0.0,0,,Collision,,,
241,pace,surtees,18,24,R,0.0,0,,Collision,,,
241,schenken,trojan,24,25,R,0.0,0,,Collision,,,
241,mass,surtees,17,26,W,0.0,0,,Withdrew,,,
241,amon,amon,20,27,W,0.0,0,,Withdrew,,,
242,scheckter,tyrrell,2,1,1,9.0,80,1:58:31.391,Finished,,,
242,depailler,tyrrell,1,2,2,6.0,80,+0.380,Finished,,,
242,hunt,hesketh,6,3,3,4.0,80,+3.325,Finished,,,
242,emerson_fittipaldi,mclaren,9,4,4,3.0,80,+53.507,Finished,,,
242,jarier,shadow,8,5,5,2.0,80,+1:16.403,Finished,,,
242,hill,lola,15,6,6,1.0,79,,+1 Lap,,,
242,edwards,lola,18,7,7,0.0,79,,+1 Lap,,,
242,belso,iso_marlboro,21,8,8,0.0,79,,+1 Lap,,,
242,opel,brabham,20,9,9,0.0,79,,+1 Lap,,,
242,brambilla,march,17,10,10,0.0,78,,Engine,,,
242,watson,brabham,14,11,11,0.0,77,,+3 Laps,,,
242,schuppan,ensign,26,12,D,0.0,77,,Disqualified,,,
242,lauda,ferrari,3,13,R,0.0,70,,Gearbox,,,
242,wisell,march,16,14,R,0.0,59,,Suspension,,,
242,hulme,mclaren,12,15,R,0.0,56,,Suspension,,,
242,mass,surtees,22,16,R,0.0,53,,Suspension,,,
242,reutemann,brabham,10,17,R,0.0,30,,Oil leak,,,
242,ickx,team_lotus,7,18,R,0.0,27,,Engine,,,
242,regazzoni,ferrari,4,19,R,0.0,24,,Gearbox,,,
242,pace,surtees,24,20,R,0.0,15,,Handling,,,
242,peterson,team_lotus,5,21,R,0.0,8,,Halfshaft,,,
242,kinnunen,surtees,25,22,R,0.0,8,,Engine,,,
242,hailwood,mclaren,11,23,R,0.0,5,,Fuel leak,,,
242,beltoise,brm,13,24,R,0.0,3,,Engine,,,
242,roos,shadow,23,25,R,0.0,2,,Gearbox,,,
242,pescarolo,brm,19,26,R,0.0,0,,Heat shield fire,,,
244,peterson,team_lotus,2,1,1,9.0,80,1:21:55.020,Finished,,,
244,lauda,ferrari,1,2,2,6.0,80,+20.360,Finished,,,
244,regazzoni,ferrari,4,3,3,4.0,80,+27.840,Finished,,,
244,scheckter,tyrrell,7,4,4,3.0,80,+28.110,Finished,,,
244,ickx,team_lotus,13,5,5,2.0,80,+37.540,Finished,,,
244,hulme,mclaren,11,6,6,1.0,80,+38.140,Finished,,,
244,hailwood,mclaren,6,7,7,0.0,79,,+1 Lap,,,
244,depailler,tyrrell,9,8,8,0.0,79,,+1 Lap,,,
244,merzario,iso_marlboro,15,9,9,0.0,79,,+1 Lap,,,
244,beltoise,brm,17,10,10,0.0,79,,+1 Lap,,,
244,brambilla,march,16,11,11,0.0,79,,+1 Lap,,,
244,jarier,shadow,12,12,12,0.0,79,,+1 Lap,,,
244,hill,lola,21,13,13,0.0,78,,+2 Laps,,,
244,migault,brm,22,14,14,0.0,78,,+2 Laps,,,
244,edwards,lola,20,15,15,0.0,77,,+3 Laps,,,
244,watson,brabham,14,16,16,0.0,76,,+4 Laps,,,
244,emerson_fittipaldi,mclaren,5,17,R,0.0,27,,Engine,,,
244,reutemann,brabham,8,18,R,0.0,24,,Handling,,,
244,mass,surtees,18,19,R,0.0,4,,Clutch,,,
244,pryce,shadow,3,20,R,0.0,1,,Collision,,,
244,pescarolo,brm,19,21,R,0.0,1,,Clutch,,,
244,hunt,hesketh,10,22,R,0.0,0,,Collision,,,
246,regazzoni,ferrari,2,1,1,9.0,14,1:41,Finished,,,
246,scheckter,tyrrell,4,2,2,6.0,14,+50.700,Finished,,,
246,reutemann,brabham,6,3,3,4.0,14,+1:23.300,Finished,,,
246,peterson,team_lotus,8,4,4,3.0,14,+1:24.200,Finished,,,
246,ickx,team_lotus,9,5,5,2.0,14,+1:25.000,Finished,,,
246,pryce,shadow,11,6,6,1.0,14,+2:18.100,Finished,,,
246,stuck,march,20,7,7,0.0,14,+2:58.700,Finished,,,
246,jarier,shadow,18,8,8,0.0,14,+3:25.900,Finished,,,
246,hill,lola,19,9,9,0.0,14,+3:26.400,Finished,,,
246,pescarolo,brm,24,10,10,0.0,14,+4:17.700,Finished,,,
246,bell,surtees,25,11,11,0.0,14,+5:17.700,Finished,,,
246,pace,brabham,17,12,12,0.0,14,+6:26.300,Finished,,,
246,brambilla,march,23,13,13,0.0,14,+8:43.100,Finished,,,
246,ashley,token,20,14,14,0.0,13,,+1 Lap,,,
246,hailwood,mclaren,12,15,15,0.0,12,,Accident,,,
246,mass,surtees,13,16,R,0.0,10,,Engine,,,
246,hunt,hesketh,10,17,R,0.0,10,,Gearbox,,,
246,depailler,tyrrell,5,18,R,0.0,5,,Accident,,,
246,merzario,iso_marlboro,16,19,R,0.0,5,,Throttle,,,
246,beltoise,brm,15,20,R,0.0,4,,Fuel system,,,
246,schuppan,ensign,22,21,R,0.0,4,,Gearbox,,,
246,emerson_fittipaldi,mclaren,3,22,R,0.0,2,,Suspension,,,
246,laffite,iso_marlboro,21,23,R,0.0,2,,Suspension,,,
246,watson,brabham,14,24,R,0.0,1,,Suspension,,,
246,lauda,ferrari,1,25,R,0.0,0,,Accident,,,
246,hulme,mclaren,7,26,R,0.0,0,,Accident,,,
247,reutemann,brabham,2,1,1,9.0,54,1:28:44.720,Finished,,,
247,hulme,mclaren,10,2,2,6.0,54,+42.920,Finished,,,
247,hunt,hesketh,7,3,3,4.0,54,+1:01.540,Finished,,,
247,watson,brabham,11,4,4,3.0,54,+1:09.390,Finished,,,
247,regazzoni,ferrari,8,5,5,2.0,54,+1:13.080,Finished,,,
247,brambilla,march,20,6,6,1.0,54,+1:13.820,Finished,,,
247,hobbs,mclaren,17,7,7,0.0,53,,+1 Lap,,,
247,jarier,shadow,23,8,8,0.0,52,,+2 Laps,,,
247,quester,surtees,25,9,9,0.0,51,,+3 Laps,,,
247,schenken,trojan,19,10,10,0.0,50,,+4 Laps,,,
247,stuck,march,15,11,11,0.0,48,,Suspension,,,
247,hill,lola,21,12,12,0.0,48,,+6 Laps,,,
247,ashley,token,24,13,R,0.0,46,,Not classified,,,
247,peterson,team_lotus,6,14,R,0.0,45,,Halfshaft,,,
247,ickx,team_lotus,22,15,R,0.0,43,,Collision,,,
247,depailler,tyrrell,14,16,R,0.0,42,,Collision,,,
247,pace,brabham,4,17,R,0.0,41,,Fuel leak,,,
247,emerson_fittipaldi,mclaren,3,18,R,0.0,37,,Engine,,,
247,laffite,iso_marlboro,12,19,R,0.0,37,,Not classified,,,
247,merzario,iso_marlboro,9,20,R,0.0,24,,Fuel system,,,
247,pryce,shadow,16,21,R,0.0,22,,Spun off,,,
247,beltoise,brm,18,22,R,0.0,22,,Engine,,,
247,lauda,ferrari,1,23,R,0.0,17,,Engine,,,
247,stommelen,lola,13,24,R,0.0,14,,Accident,,,
247,scheckter,tyrrell,5,25,R,0.0,8,,Engine,,,
248,peterson,team_lotus,7,1,1,9.0,52,1:22:56.600,Finished,,,
248,emerson_fittipaldi,mclaren,6,2,2,6.0,52,+0.800,Finished,,,
248,scheckter,tyrrell,12,3,3,4.0,52,+24.700,Finished,,,
248,merzario,iso_marlboro,15,4,4,3.0,52,+1:27.700,Finished,,,
248,pace,brabham,3,5,5,2.0,51,,+1 Lap,,,
248,hulme,mclaren,19,6,6,1.0,51,,+1 Lap,,,
248,watson,brabham,4,7,7,0.0,51,,+1 Lap,,,
248,hill,lola,21,8,8,0.0,51,,+1 Lap,,,
248,hobbs,mclaren,23,9,9,0.0,51,,+1 Lap,,,
248,pryce,shadow,22,10,10,0.0,50,,+2 Laps,,,
248,depailler,tyrrell,10,11,11,0.0,50,,+2 Laps,,,
248,regazzoni,ferrari,5,12,R,0.0,40,,Engine,,,
248,lauda,ferrari,1,13,R,0.0,32,,Engine,,,
248,ickx,team_lotus,16,14,R,0.0,30,,Throttle,,,
248,stommelen,lola,14,15,R,0.0,25,,Suspension,,,
248,laffite,iso_marlboro,17,16,R,0.0,22,,Engine,,,
248,jarier,shadow,9,17,R,0.0,19,,Engine,,,
248,brambilla,march,13,18,R,0.0,16,,Accident,,,
248,schenken,trojan,20,19,R,0.0,15,,Gearbox,,,
248,reutemann,brabham,2,20,R,0.0,12,,Gearbox,,,
248,stuck,march,18,21,R,0.0,11,,Chassis,,,
248,pescarolo,brm,25,22,R,0.0,3,,Engine,,,
248,hunt,hesketh,8,23,R,0.0,2,,Engine,,,
248,migault,brm,24,24,R,0.0,1,,Gearbox,,,
248,beltoise,brm,11,25,R,0.0,0,,Electrical,,,
252,pace,brabham,6,1,1,9.0,40,1:44:41.170,Finished,,,
252,emerson_fittipaldi,mclaren,2,2,2,6.0,40,+5.790,Finished,,,
252,mass,mclaren,10,3,3,4.0,40,+26.660,Finished,,,
252,regazzoni,ferrari,5,4,4,3.0,40,+43.280,Finished,,,
252,lauda,ferrari,4,5,5,2.0,40,+1:01.880,Finished,,,
252,hunt,hesketh,7,6,6,1.0,40,+1:05.120,Finished,,,
252,mario_andretti,parnelli,18,7,7,0.0,40,+1:06.810,Finished,,,
252,reutemann,brabham,3,8,8,0.0,40,+1:39.620,Finished,,,
252,ickx,team_lotus,12,9,9,0.0,40,+1:51.840,Finished,,,
252,watson,surtees,13,10,10,0.0,40,+2:29.600,Finished,,,
252,laffite,williams,11,11,11,0.0,39,,+1 Lap,,,
252,hill,lola,20,12,12,0.0,39,,+1 Lap,,,
252,wilson_fittipaldi,fittipaldi,21,13,13,0.0,39,,+1 Lap,,,
252,stommelen,lola,23,14,14,0.0,39,,+1 Lap,,,
252,peterson,team_lotus,16,15,15,0.0,38,,+2 Laps,,,
252,jarier,shadow-ford,1,16,R,0.0,32,,Fuel system,,,
252,depailler,tyrrell,9,17,R,0.0,31,,Suspension,,,
252,pryce,shadow-ford,14,18,R,0.0,31,,Accident,,,
252,merzario,williams,11,19,R,0.0,24,,Fuel system,,,
252,donohue,penske,15,20,R,0.0,22,,Handling,,,
252,wilds,brm,22,21,R,0.0,22,,Electrical,,,
252,scheckter,tyrrell,8,22,R,0.0,18,,Oil leak,,,
252,brambilla,march,17,23,R,0.0,1,,Engine,,,
254,mass,mclaren,11,1,1,4.5,29,42:53.700,Finished,,,
254,ickx,team_lotus,16,2,2,3.0,29,+1.100,Finished,,,
254,reutemann,brabham,15,3,3,2.0,28,,+1 Lap,,,
254,jarier,shadow-ford,10,4,4,1.5,28,,+1 Lap,,,
254,brambilla,march,5,5,5,1.0,28,,+1 Lap,,,
254,lombardi,march,24,6,6,0.5,27,,+2 Laps,,,
254,brise,williams,18,7,7,0.0,27,,+2 Laps,,,
254,watson,surtees,6,8,8,0.0,26,,+3 Laps,,,
254,regazzoni,ferrari,2,9,R,0.0,25,,Not classified,,,
254,stommelen,lola,9,10,R,0.0,25,,Accident,,,
254,pace,brabham,14,11,R,0.0,25,,Accident,,,
254,pryce,shadow-ford,8,12,R,0.0,23,,Accident,,,
254,peterson,team_lotus,12,13,R,0.0,23,,Suspension,,,
254,wunderink,ensign,19,14,R,0.0,20,,Transmission,,,
254,migault,lola,22,15,R,0.0,18,,Not classified,,,
254,mario_andretti,parnelli,4,16,R,0.0,16,,Suspension,,,
254,evans,brm,23,17,R,0.0,7,,Fuel system,,,
254,hunt,hesketh,3,18,R,0.0,6,,Accident,,,
254,scheckter,tyrrell,13,19,R,0.0,3,,Engine,,,
254,donohue,penske,17,20,R,0.0,3,,Accident,,,
254,jones,hesketh,20,21,R,0.0,3,,Accident,,,
254,depailler,tyrrell,7,22,R,0.0,1,,Accident,,,
254,wilson_fittipaldi,fittipaldi,21,23,W,0.0,1,,Withdrew,,,
254,merzario,williams,25,24,W,0.0,1,,Withdrew,,,
254,lauda,ferrari,1,25,R,0.0,0,,Accident,,,
254,emerson_fittipaldi,mclaren,26,26,W,0.0,0,,Withdrew,,,
256,lauda,ferrari,1,1,1,9.0,70,1:43:53.980,Finished,,,
256,scheckter,tyrrell,9,2,2,6.0,70,+19.220,Finished,,,
256,reutemann,brabham,6,3,3,4.0,70,+41.820,Finished,,,
256,depailler,tyrrell,12,4,4,3.0,70,+1:00.080,Finished,,,
256,regazzoni,ferrari,4,5,5,2.0,70,+1:03.840,Finished,,,
256,pryce,shadow-ford,5,6,6,1.0,70,+1:28.450,Finished,,,
256,emerson_fittipaldi,mclaren,8,7,7,0.0,69,,+1 Lap,,,
256,pace,brabham,2,8,8,0.0,69,,+1 Lap,,,
256,evans,brm,20,9,9,0.0,68,,+2 Laps,,,
256,watson,surtees,18,10,10,0.0,68,,+2 Laps,,,
256,donohue,penske,21,11,11,0.0,67,,+3 Laps,,,
256,wilson_fittipaldi,fittipaldi,24,12,12,0.0,67,,+3 Laps,,,
256,migault,hill,22,13,R,0.0,57,,Suspension,,,
256,brambilla,march,3,14,R,0.0,54,,Brakes,,,
256,ickx,team_lotus,16,15,R,0.0,52,,Brakes,,,
256,peterson,team_lotus,14,16,R,0.0,36,,Brakes,,,
256,laffite,williams,23,17,R,0.0,18,,Gearbox,,,
256,lombardi,march,17,18,R,0.0,18,,Engine,,,
256,brise,hill,7,19,R,0.0,17,,Engine,,,
256,hunt,hesketh,11,20,R,0.0,15,,Transmission,,,
256,jarier,shadow-ford,10,21,R,0.0,13,,Spun off,,,
256,merzario,williams,19,22,R,0.0,2,,Clutch,,,
256,jones,hesketh,13,23,R,0.0,1,,Accident,,,
256,mass,mclaren,15,24,R,0.0,0,,Accident,,,
258,hunt,hesketh,3,1,1,9.0,75,1:46:57.400,Finished,,,
258,lauda,ferrari,1,2,2,6.0,75,+1.060,Finished,,,
258,regazzoni,ferrari,2,3,3,4.0,75,+55.060,Finished,,,
258,reutemann,brabham,5,4,4,3.0,74,,+1 Lap,,,
258,pace,brabham,9,5,5,2.0,74,,+1 Lap,,,
258,pryce,shadow-ford,12,6,6,1.0,74,,+1 Lap,,,
258,brise,hill,7,7,7,0.0,74,,+1 Lap,,,
258,donohue,penske,18,8,8,0.0,74,,+1 Lap,,,
258,depailler,tyrrell,13,9,9,0.0,73,,+2 Laps,,,
258,lennep,ensign,22,10,10,0.0,71,,+4 Laps,,,
258,wilson_fittipaldi,fittipaldi,24,11,11,0.0,71,,+4 Laps,,,
258,ian_scheckter,williams,19,12,12,0.0,70,,+5 Laps,,,
258,jones,hill,17,13,13,0.0,70,,+5 Laps,,,
258,lombardi,march,23,14,14,0.0,70,,+5 Laps,,,
258,peterson,team_lotus,16,15,15,0.0,69,,Out of fuel,,,
258,scheckter,tyrrell,4,16,16,0.0,67,,Engine,,,
258,laffite,williams,15,17,R,0.0,64,,Engine,,,
258,mass,mclaren,8,18,R,0.0,61,,Accident,,,
258,jarier,shadow-ford,10,19,R,0.0,44,,Tyre,,,
258,watson,surtees,14,20,R,0.0,43,,Vibrations,,,
258,emerson_fittipaldi,mclaren,6,21,R,0.0,40,,Engine,,,
258,evans,brm,20,22,R,0.0,23,,Differential,,,
258,ickx,team_lotus,21,23,R,0.0,6,,Engine,,,
258,brambilla,march,11,24,R,0.0,0,,Suspension,,,
258,fushida,maki,0,25,W,0.0,0,,Withdrew,,,
261,reutemann,brabham,10,1,1,9.0,14,1:41:14.100,Finished,,,
261,laffite,williams,15,2,2,6.0,14,+1:37.700,Finished,,,
261,lauda,ferrari,1,3,3,4.0,14,+2:23.300,Finished,,,
261,pryce,shadow-ford,16,4,4,3.0,14,+3:31.400,Finished,,,
261,jones,hill,21,5,5,2.0,14,+3:50.300,Finished,,,
261,lennep,ensign,24,6,6,1.0,14,+5:05.500,Finished,,,
261,lombardi,march,25,7,7,0.0,14,+7:30.400,Finished,,,
261,ertl,hesketh,23,8,8,0.0,14,+7:40.900,Finished,,,
261,depailler,tyrrell,4,9,9,0.0,13,,+1 Lap,,,
261,mario_andretti,parnelli,13,10,10,0.0,12,,Out of fuel,,,
261,hunt,hesketh,9,11,R,0.0,10,,Wheel,,,
261,regazzoni,ferrari,5,12,R,0.0,9,,Engine,,,
261,brise,hill,17,13,R,0.0,9,,Accident,,,
261,scheckter,tyrrell,3,14,R,0.0,7,,Accident,,,
261,jarier,shadow-ford,12,15,R,0.0,7,,Tyre,,,
261,pace,brabham,2,16,R,0.0,5,,Suspension,,,
261,wilson_fittipaldi,fittipaldi,22,17,R,0.0,4,,Engine,,,
261,stuck,march,7,18,R,0.0,3,,Engine,,,
261,emerson_fittipaldi,mclaren,8,19,R,0.0,3,,Suspension,,,
261,brambilla,march,11,20,R,0.0,3,,Suspension,,,
261,watson,team_lotus,14,21,R,0.0,2,,Suspension,,,
261,peterson,team_lotus,18,22,R,0.0,1,,Clutch,,,
261,donohue,march,19,23,R,0.0,1,,Tyre,,,
261,mass,mclaren,6,24,R,0.0,0,,Accident,,,
261,ashley,williams,20,25,R,0.0,0,,Accident,,,
263,regazzoni,ferrari,2,1,1,9.0,52,1:22:42.600,Finished,,,
263,emerson_fittipaldi,mclaren,3,2,2,6.0,52,+16.600,Finished,,,
263,lauda,ferrari,1,3,3,4.0,52,+23.200,Finished,,,
263,reutemann,brabham,7,4,4,3.0,52,+55.100,Finished,,,
263,hunt,hesketh,8,5,5,2.0,52,+57.100,Finished,,,
263,pryce,shadow-ford,14,6,6,1.0,52,+1:15.900,Finished,,,
263,depailler,tyrrell,12,7,7,0.0,51,,+1 Lap,,,
263,scheckter,tyrrell,4,8,8,0.0,51,,+1 Lap,,,
263,ertl,hesketh,17,9,9,0.0,51,,+1 Lap,,,
263,lunger,hesketh,21,10,10,0.0,50,,+2 Laps,,,
263,merzario,fittipaldi,26,11,11,0.0,48,,+4 Laps,,,
263,amon,ensign,19,12,12,0.0,48,,+4 Laps,,,
263,crawford,team_lotus,25,13,13,0.0,46,,+6 Laps,,,
263,zorzi,williams,22,14,14,0.0,46,,+6 Laps,,,
263,jarier,shadow-matra,13,15,R,0.0,32,,Fuel pump,,,
263,lombardi,march,24,16,R,0.0,21,,Accident,,,
263,stuck,march,16,17,R,0.0,15,,Accident,,,
263,laffite,williams,18,18,R,0.0,7,,Gearbox,,,
263,pace,brabham,10,19,R,0.0,6,,Throttle,,,
263,stommelen,hill,23,20,R,0.0,3,,Accident,,,
263,mass,mclaren,5,21,R,0.0,2,,Accident,,,
263,peterson,team_lotus,11,22,R,0.0,1,,Engine,,,
263,brise,hill,6,23,R,0.0,1,,Accident,,,
263,mario_andretti,parnelli,15,24,R,0.0,1,,Accident,,,
263,brambilla,march,9,25,R,0.0,1,,Clutch,,,
263,evans,brm,20,26,R,0.0,0,,Electrical,,,
264,lauda,ferrari,1,1,1,9.0,59,1:42:58.175,Finished,,,
264,emerson_fittipaldi,mclaren,2,2,2,6.0,59,+4.943,Finished,,,
264,mass,mclaren,9,3,3,4.0,59,+47.637,Finished,,,
264,hunt,hesketh,15,4,4,3.0,59,+49.475,Finished,,,
264,peterson,team_lotus,14,5,5,2.0,59,+49.986,Finished,,,
264,scheckter,tyrrell,10,6,6,1.0,59,+50.321,Finished,,,
264,brambilla,march,6,7,7,0.0,59,+1:44.031,Finished,,,
264,stuck,march,13,8,8,0.0,58,,+1 Lap,,,
264,watson,penske,12,9,9,0.0,57,,+2 Laps,,,
264,wilson_fittipaldi,fittipaldi,23,10,10,0.0,55,,+4 Laps,,,
264,pryce,shadow-ford,7,11,R,0.0,52,,Not classified,,,
264,henton,team_lotus,19,12,R,0.0,49,,Not classified,,,
264,lunger,hesketh,18,13,R,0.0,46,,Accident,,,
264,wunderink,ensign,22,14,R,0.0,41,,Gearbox,,,
264,regazzoni,ferrari,11,15,W,0.0,0,,Withdrew,,,
264,jarier,shadow-ford,4,16,R,0.0,19,,Wheel bearing,,,
264,reutemann,brabham,3,17,R,0.0,9,,Engine,,,
264,mario_andretti,parnelli,5,18,R,0.0,9,,Suspension,,,
264,brise,hill,17,19,R,0.0,5,,Accident,,,
264,leclere,tyrrell,20,20,R,0.0,5,,Engine,,,
264,depailler,tyrrell,8,21,R,0.0,2,,Accident,,,
264,pace,brabham,16,22,R,0.0,2,,Accident,,,
264,laffite,williams,21,23,W,0.0,0,,Physical,,,
264,lombardi,williams,24,24,W,0.0,0,,Ignition,,,
265,lauda,ferrari,2,1,1,9.0,40,1:45:16.780,Finished,,,
265,depailler,tyrrell,9,2,2,6.0,40,+21.470,Finished,,,
265,pryce,shadow,12,3,3,4.0,40,+23.840,Finished,,,
265,stuck,march,14,4,4,3.0,40,+1:28.170,Finished,,,
265,scheckter,tyrrell,13,5,5,2.0,40,+1:56.460,Finished,,,
265,mass,mclaren,6,6,6,1.0,40,+1:58.270,Finished,,,
265,regazzoni,ferrari,4,7,7,0.0,40,+2:15.240,Finished,,,
265,ickx,wolf,19,8,8,0.0,39,,+1 Lap,,,
265,zorzi,williams,17,9,9,0.0,39,,+1 Lap,,,
265,pace,brabham-alfa_romeo,10,10,10,0.0,39,,+1 Lap,,,
265,hoffmann,fittipaldi,20,11,11,0.0,39,,+1 Lap,,,
265,reutemann,brabham-alfa_romeo,15,12,12,0.0,37,,Out of fuel,,,
265,emerson_fittipaldi,fittipaldi,5,13,13,0.0,37,,+3 Laps,,,
265,lombardi,march,22,14,14,0.0,36,,+4 Laps,,,
265,jarier,shadow,3,15,R,0.0,33,,Accident,,,
265,hunt,mclaren,1,16,R,0.0,32,,Accident,,,
265,brambilla,march,7,17,R,0.0,15,,Oil leak,,,
265,laffite,ligier,11,18,R,0.0,14,,Transmission,,,
265,peterson,team_lotus,18,19,R,0.0,10,,Accident,,,
265,mario_andretti,team_lotus,16,20,R,0.0,6,,Accident,,,
265,watson,penske,8,21,R,0.0,2,,Fuel system,,,
265,ashley,brm,21,22,R,0.0,2,,Oil pump,,,
267,regazzoni,ferrari,1,1,1,9.0,80,1:53:18.471,Finished,,,
267,lauda,ferrari,4,2,2,6.0,80,+42.414,Finished,,,
267,depailler,tyrrell,2,3,3,4.0,80,+49.972,Finished,,,
267,laffite,ligier,12,4,4,3.0,80,+1:12.828,Finished,,,
267,mass,mclaren,14,5,5,2.0,80,+1:22.292,Finished,,,
267,emerson_fittipaldi,fittipaldi,16,6,6,1.0,79,,+1 Lap,,,
267,jarier,shadow,7,7,7,0.0,79,,+1 Lap,,,
267,amon,ensign,17,8,8,0.0,78,,+2 Laps,,,
267,pace,brabham-alfa_romeo,13,9,9,0.0,77,,+3 Laps,,,
267,peterson,march,6,10,10,0.0,77,,+3 Laps,,,
267,jones,surtees,19,11,R,0.0,70,,Not classified,,,
267,watson,penske,9,12,R,0.0,69,,Not classified,,,
267,scheckter,tyrrell,11,13,R,0.0,34,,Suspension,,,
267,pryce,shadow,5,14,R,0.0,32,,Halfshaft,,,
267,mario_andretti,parnelli,15,15,R,0.0,15,,Water leak,,,
267,hunt,mclaren,3,16,R,0.0,3,,Accident,,,
267,stuck,march,18,17,R,0.0,2,,Accident,,,
267,brambilla,march,20,18,R,0.0,0,,Accident,,,
267,reutemann,brabham-alfa_romeo,10,19,R,0.0,0,,Accident,,,
267,nilsson,team_lotus,8,20,R,0.0,0,,Suspension,,,
269,lauda,ferrari,1,1,1,9.0,70,1:42:53.230,Finished,,,
269,regazzoni,ferrari,2,2,2,6.0,70,+3.460,Finished,,,
269,laffite,ligier,4,3,3,4.0,70,+35.380,Finished,,,
269,scheckter,tyrrell,7,4,4,3.0,70,+1:31.000,Finished,,,
269,jones,surtees,16,5,5,2.0,69,,+1 Lap,,,
269,mass,mclaren,18,6,6,1.0,69,,+1 Lap,,,
269,watson,penske,17,7,7,0.0,69,,+1 Lap,,,
269,perkins,boro,20,8,8,0.0,69,,+1 Lap,,,
269,jarier,shadow,14,9,9,0.0,69,,+1 Lap,,,
269,pryce,shadow,13,10,10,0.0,68,,+2 Laps,,,
269,leclere,wolf,25,11,11,0.0,68,,+2 Laps,,,
269,kessel,brabham-ford,23,12,12,0.0,63,,+7 Laps,,,
269,lunger,surtees,26,13,R,0.0,62,,Electrical,,,
269,pace,brabham-alfa_romeo,9,14,R,0.0,58,,Electrical,,,
269,amon,ensign,8,15,R,0.0,51,,Accident,,,
269,hunt,mclaren,3,16,R,0.0,35,,Gearbox,,,
269,stuck,march,15,17,R,0.0,33,,Suspension,,,
269,ertl,hesketh,24,18,R,0.0,31,,Engine,,,
269,depailler,tyrrell,4,19,R,0.0,29,,Engine,,,
269,mario_andretti,team_lotus,11,20,R,0.0,28,,Halfshaft,,,
269,neve,brabham-ford,19,21,R,0.0,26,,Halfshaft,,,
269,merzario,march,21,22,R,0.0,21,,Engine,,,
269,reutemann,brabham-alfa_romeo,12,23,R,0.0,17,,Engine,,,
269,peterson,march,10,24,R,0.0,16,,Accident,,,
269,nilsson,team_lotus,22,25,R,0.0,7,,Accident,,,
269,brambilla,march,5,26,R,0.0,6,,Halfshaft,,,
270,lauda,ferrari,1,1,1,9.0,78,1:59:51.470,Finished,,,
270,scheckter,tyrrell,5,2,2,6.0,78,+11.130,Finished,,,
270,depailler,tyrrell,4,3,3,4.0,78,+1:04.840,Finished,,,
270,stuck,march,6,4,4,3.0,77,,+1 Lap,,,
270,mass,mclaren,11,5,5,2.0,77,,+1 Lap,,,
270,emerson_fittipaldi,fittipaldi,7,6,6,1.0,77,,+1 Lap,,,
270,pryce,shadow,15,7,7,0.0,77,,+1 Lap,,,
270,jarier,shadow,10,8,8,0.0,76,,+2 Laps,,,
270,pace,brabham-alfa_romeo,13,9,9,0.0,76,,+2 Laps,,,
270,watson,penske,17,10,10,0.0,76,,+2 Laps,,,
270,leclere,wolf,18,11,11,0.0,76,,+2 Laps,,,
270,laffite,ligier,8,12,12,0.0,75,,Accident,,,
270,amon,ensign,12,13,13,0.0,74,,+4 Laps,,,
270,regazzoni,ferrari,2,14,14,0.0,73,,Accident,,,
270,nilsson,team_lotus,16,15,R,0.0,39,,Engine,,,
270,peterson,march,3,16,R,0.0,26,,Accident,,,
270,hunt,mclaren,14,17,R,0.0,24,,Engine,,,
270,brambilla,march,9,18,R,0.0,9,,Suspension,,,
270,jones,surtees,19,19,R,0.0,1,,Collision,,,
270,reutemann,brabham-alfa_romeo,20,20,R,0.0,0,,Accident,,,
273,lauda,ferrari,1,1,1,9.0,76,1:44:19.660,Finished,,,
273,scheckter,tyrrell,8,2,2,6.0,76,+16.180,Finished,,,
273,watson,penske,11,3,3,4.0,75,,+1 Lap,,,
273,pryce,shadow,20,4,4,3.0,75,,+1 Lap,,,
273,jones,surtees,19,5,5,2.0,75,,+1 Lap,,,
273,emerson_fittipaldi,fittipaldi,21,6,6,1.0,74,,+2 Laps,,,
273,ertl,hesketh,23,7,7,0.0,73,,+3 Laps,,,
273,pace,brabham-alfa_romeo,16,8,8,0.0,73,,+3 Laps,,,
273,jarier,shadow,24,9,9,0.0,70,,+6 Laps,,,
273,hunt,mclaren,2,10,D,0.0,76,,Disqualified,,,
273,nilsson,team_lotus,14,11,R,0.0,67,,Engine,,,
273,peterson,march,7,12,R,0.0,60,,Fuel system,,,
273,lunger,surtees,18,13,R,0.0,55,,Gearbox,,,
273,depailler,tyrrell,5,14,R,0.0,47,,Engine,,,
273,reutemann,brabham-alfa_romeo,15,15,R,0.0,46,,Oil pressure,,,
273,merzario,march,9,16,R,0.0,39,,Engine,,,
273,regazzoni,ferrari,4,17,R,0.0,36,,Oil pressure,,,
273,laffite,ligier,13,18,R,0.0,31,,Suspension,,,
273,evans,brabham-ford,22,19,R,0.0,24,,Gearbox,,,
273,brambilla,march,10,20,R,0.0,22,,Accident,,,
273,pescarolo,surtees,26,21,R,0.0,16,,Fuel system,,,
273,amon,ensign,6,22,R,0.0,8,,Water leak,,,
273,mario_andretti,team_lotus,3,23,R,0.0,4,,Ignition,,,
273,mass,mclaren,12,24,R,0.0,1,,Clutch,,,
273,stuck,march,17,25,R,0.0,0,,Accident,,,
273,edwards,hesketh,25,26,R,0.0,0,,Accident,,,
275,watson,penske,2,1,1,9.0,54,1:30:07.860,Finished,,,
275,laffite,ligier,5,2,2,6.0,54,+10.790,Finished,,,
275,nilsson,team_lotus,4,3,3,4.0,54,+11.980,Finished,,,
275,hunt,mclaren,1,4,4,3.0,54,+12.440,Finished,,,
275,mario_andretti,team_lotus,9,5,5,2.0,54,+21.490,Finished,,,
275,peterson,march,3,6,6,1.0,54,+34.340,Finished,,,
275,mass,mclaren,12,7,7,0.0,54,+59.450,Finished,,,
275,ertl,hesketh,20,8,8,0.0,53,,+1 Lap,,,
275,pescarolo,surtees,22,9,9,0.0,52,,+2 Laps,,,
275,lunger,surtees,16,10,10,0.0,51,,Accident,,,
275,pesenti_rossi,tyrrell,23,11,11,0.0,51,,+3 Laps,,,
275,lombardi,brabham-ford,24,12,12,0.0,50,,+4 Laps,,,
275,binder,ensign,19,13,R,0.0,47,,Throttle,,,
275,kessel,brabham-ford,25,14,R,0.0,44,,Not classified,,,
275,brambilla,march,7,15,R,0.0,43,,Accident,,,
275,emerson_fittipaldi,fittipaldi,17,16,R,0.0,43,,Accident,,,
275,pace,brabham-alfa_romeo,18,17,R,0.0,40,,Accident,,,
275,jarier,shadow,8,18,R,0.0,40,,Fuel pump,,,
275,jones,surtees,15,19,R,0.0,30,,Accident,,,
275,stuck,march,11,20,R,0.0,26,,Fuel system,,,
275,depailler,tyrrell,13,21,R,0.0,24,,Suspension,,,
275,merzario,wolf,21,22,R,0.0,17,,Accident,,,
275,pryce,shadow,6,23,R,0.0,14,,Brakes,,,
275,scheckter,tyrrell,10,24,R,0.0,14,,Suspension,,,
275,reutemann,brabham-alfa_romeo,14,25,R,0.0,0,,Clutch,,,
278,hunt,mclaren,1,1,1,9.0,80,1:40:09.626,Finished,,,
278,depailler,tyrrell,4,2,2,6.0,80,+6.331,Finished,,,
278,mario_andretti,team_lotus,5,3,3,4.0,80,+10.366,Finished,,,
278,scheckter,tyrrell,7,4,4,3.0,80,+19.745,Finished,,,
278,mass,mclaren,11,5,5,2.0,80,+41.811,Finished,,,
278,regazzoni,ferrari,12,6,6,1.0,80,+46.256,Finished,,,
278,pace,brabham-alfa_romeo,10,7,7,0.0,80,+46.472,Finished,,,
278,lauda,ferrari,6,8,8,0.0,80,+1:12.957,Finished,,,
278,peterson,march,2,9,9,0.0,79,,+1 Lap,,,
278,watson,penske,14,10,10,0.0,79,,+1 Lap,,,
278,pryce,shadow,13,11,11,0.0,79,,+1 Lap,,,
278,nilsson,team_lotus,15,12,12,0.0,79,,+1 Lap,,,
278,ickx,ensign,16,13,13,0.0,79,,+1 Lap,,,
278,brambilla,march,3,14,14,0.0,79,,+1 Lap,,,
278,lunger,surtees,22,15,15,0.0,78,,+2 Laps,,,
278,jones,surtees,20,16,16,0.0,78,,+2 Laps,,,
278,perkins,brabham-alfa_romeo,19,17,17,0.0,78,,+2 Laps,,,
278,jarier,shadow,18,18,18,0.0,77,,+3 Laps,,,
278,pescarolo,surtees,21,19,19,0.0,77,,+3 Laps,,,
278,edwards,hesketh,23,20,20,0.0,75,,+5 Laps,,,
278,laffite,ligier,9,21,R,0.0,43,,Oil pressure,,,
278,emerson_fittipaldi,fittipaldi,17,22,R,0.0,41,,Exhaust,,,
278,stuck,march,8,23,R,0.0,36,,Handling,,,
278,merzario,wolf,24,24,R,0.0,11,,Accident,,,
278,ertl,hesketh,0,25,W,0.0,0,,Accident,,,
278,amon,wolf,0,26,W,0.0,0,,Accident,,,
280,mario_andretti,team_lotus,1,1,1,9.0,73,1:43:58.860,Finished,,,
280,depailler,tyrrell,13,2,2,6.0,72,,+1 Lap,,,
280,hunt,mclaren,2,3,3,4.0,72,,+1 Lap,,,
280,jones,surtees,20,4,4,3.0,72,,+1 Lap,,,
280,regazzoni,ferrari,7,5,5,2.0,72,,+1 Lap,,,
280,nilsson,team_lotus,16,6,6,1.0,72,,+1 Lap,,,
280,laffite,ligier,11,7,7,0.0,72,,+1 Lap,,,
280,ertl,hesketh,22,8,8,0.0,72,,+1 Lap,,,
280,takahara,surtees,24,9,9,0.0,70,,+3 Laps,,,
280,jarier,shadow,15,10,10,0.0,69,,+4 Laps,,,
280,hasemi,kojima,10,11,11,0.0,66,,+7 Laps,,,
280,scheckter,tyrrell,5,12,R,0.0,58,,Overheating,,,
280,binder,wolf,25,13,R,0.0,49,,Wheel,,,
280,pryce,shadow,14,14,R,0.0,46,,Physical,,,
280,brambilla,march,8,15,R,0.0,38,,Electrical,,,
280,stuck,march,18,16,R,0.0,37,,Electrical,,,
280,mass,mclaren,12,17,R,0.0,35,,Accident,,,
280,watson,penske,4,18,R,0.0,33,,Engine,,,
280,hoshino,tyrrell,21,19,R,0.0,27,,Tyre,,,
280,merzario,wolf,19,20,R,0.0,23,,Gearbox,,,
280,emerson_fittipaldi,fittipaldi,23,21,W,0.0,9,,Withdrew,,,
280,pace,brabham-alfa_romeo,6,22,W,0.0,7,,Withdrew,,,
280,lauda,ferrari,3,23,W,0.0,2,,Withdrew,,,
280,perkins,brabham-alfa_romeo,17,24,W,0.0,1,,Withdrew,,,
280,peterson,march,9,25,R,0.0,0,,Engine,,,
283,lauda,ferrari,3,1,1,9.0,78,1:42:21.600,Finished,,,
283,scheckter,wolf,5,2,2,6.0,78,+5.200,Finished,,,
283,depailler,tyrrell,4,3,3,4.0,78,+5.700,Finished,,,
283,hunt,mclaren,1,4,4,3.0,78,+9.500,Finished,,,
283,mass,mclaren,12,5,5,2.0,78,+19.900,Finished,,,
283,watson,brabham,11,6,6,1.0,78,+20.200,Finished,,,
283,brambilla,surtees,14,7,7,0.0,78,+23.600,Finished,,,
283,reutemann,ferrari,8,8,8,0.0,78,+26.700,Finished,,,
283,regazzoni,ensign,16,9,9,0.0,78,+46.200,Finished,,,
283,emerson_fittipaldi,fittipaldi,9,10,10,0.0,78,+1:11.700,Finished,,,
283,binder,surtees,19,11,11,0.0,77,,+1 Lap,,,
283,nilsson,team_lotus,10,12,12,0.0,77,,+1 Lap,,,
283,pace,brabham,2,13,13,0.0,76,,+2 Laps,,,
283,lunger,march,23,14,14,0.0,76,,+2 Laps,,,
283,perkins,brm,22,15,15,0.0,73,,+5 Laps,,,
283,ribeiro,march,17,16,R,0.0,66,,Engine,,,
283,stuck,march,18,17,R,0.0,55,,Engine,,,
283,mario_andretti,team_lotus,6,18,R,0.0,43,,Accident,,,
283,hayje,march,21,19,R,0.0,33,,Gearbox,,,
283,laffite,ligier,12,20,R,0.0,22,,Accident,,,
283,pryce,shadow,15,21,R,0.0,22,,Accident,,,
283,zorzi,shadow,20,22,R,0.0,21,,Fuel leak,,,
283,peterson,tyrrell,7,23,R,0.0,5,,Fuel system,,,
285,mario_andretti,team_lotus,1,1,1,9.0,75,1:42:52.220,Finished,,,
285,reutemann,ferrari,4,2,2,6.0,75,+15.850,Finished,,,
285,scheckter,wolf,5,3,3,4.0,75,+24.510,Finished,,,
285,mass,mclaren,9,4,4,3.0,75,+24.870,Finished,,,
285,nilsson,team_lotus,12,5,5,2.0,75,+1:05.830,Finished,,,
285,stuck,brabham,13,6,6,1.0,74,,+1 Lap,,,
285,laffite,ligier,2,7,7,0.0,74,,+1 Lap,,,
285,peterson,tyrrell,15,8,8,0.0,74,,+1 Lap,,,
285,binder,surtees,20,9,9,0.0,73,,+2 Laps,,,
285,lunger,march,28,10,10,0.0,72,,+3 Laps,,,
285,ian_scheckter,march,17,11,11,0.0,72,,+3 Laps,,,
285,neve,march,22,12,12,0.0,71,,+4 Laps,,,
285,villota,mclaren,23,13,13,0.0,70,,+5 Laps,,,
285,emerson_fittipaldi,fittipaldi,19,14,14,0.0,70,,+5 Laps,,,
285,watson,brabham,6,15,R,0.0,64,,Fuel system,,,
285,jones,shadow,14,16,R,0.0,56,,Accident,,,
285,keegan,hesketh,16,17,R,0.0,32,,Accident,,,
285,ertl,hesketh,10,18,R,0.0,29,,Radiator,,,
285,zorzi,shadow,24,19,R,0.0,25,,Engine,,,
285,merzario,march,21,20,R,0.0,16,,Suspension,,,
285,depailler,tyrrell,10,21,R,0.0,12,,Engine,,,
285,hunt,mclaren,7,22,R,0.0,10,,Engine,,,
285,regazzoni,ensign,8,23,R,0.0,9,,Accident,,,
285,brambilla,surtees,11,24,R,0.0,9,,Accident,,,
285,lauda,ferrari,3,25,R,0.0,0,,Injured,,,
288,laffite,ligier,8,1,1,9.0,72,1:46:56.400,Finished,,,
288,mass,mclaren,9,2,2,6.0,72,+8.449,Finished,,,
288,reutemann,ferrari,12,3,3,4.0,72,+14.369,Finished,,,
288,depailler,tyrrell,6,4,4,3.0,72,+16.308,Finished,,,
288,watson,brabham,2,5,5,2.0,72,+18.735,Finished,,,
288,mario_andretti,team_lotus,1,6,6,1.0,72,+25.277,Finished,,,
288,regazzoni,ensign,14,7,7,0.0,72,+31.266,Finished,,,
288,jarier,penske,17,8,8,0.0,72,+1:04.567,Finished,,,
288,oliver,shadow,16,9,9,0.0,72,+1:22.479,Finished,,,
288,stuck,brabham,5,10,10,0.0,71,,+1 Lap,,,
288,lunger,mclaren,22,11,11,0.0,71,,+1 Lap,,,
288,hunt,mclaren,3,12,12,0.0,71,,+1 Lap,,,
288,keegan,hesketh,24,13,13,0.0,71,,+1 Lap,,,
288,purley,lec,19,14,14,0.0,70,,+2 Laps,,,
288,neve,march,20,15,15,0.0,69,,+3 Laps,,,
288,ertl,hesketh,23,16,16,0.0,68,,+4 Laps,,,
288,jones,shadow,11,17,17,0.0,67,,+5 Laps,,,
288,emerson_fittipaldi,fittipaldi,18,18,18,0.0,66,,+6 Laps,,,
288,nilsson,team_lotus,7,19,19,0.0,64,,Wheel bearing,,,
288,ian_scheckter,march,21,20,R,0.0,61,,Transmission,,,
288,brambilla,surtees,13,21,R,0.0,52,,Fuel pressure,,,
288,lauda,ferrari,15,22,R,0.0,47,,Handling,,,
288,scheckter,wolf,4,23,R,0.0,29,,Accident,,,
288,peterson,tyrrell,10,24,R,0.0,7,,Ignition,,,
291,lauda,ferrari,3,1,1,9.0,47,1:31:49.300,Finished,,,
291,scheckter,wolf,1,2,2,6.0,47,+14.330,Finished,,,
291,stuck,brabham,5,3,3,4.0,47,+20.900,Finished,,,
291,reutemann,ferrari,8,4,4,3.0,47,+1:00.270,Finished,,,
291,brambilla,surtees,10,5,5,2.0,47,+1:27.370,Finished,,,
291,tambay,ensign,11,6,6,1.0,47,+1:29.810,Finished,,,
291,schuppan,surtees,19,7,7,0.0,46,,+1 Lap,,,
291,ribeiro,march,20,8,8,0.0,46,,+1 Lap,,,
291,peterson,tyrrell,14,9,9,0.0,42,,Engine,,,
291,patrese,shadow,16,10,10,0.0,42,,Wheel,,,
291,keegan,hesketh,23,11,R,0.0,40,,Accident,,,
291,mario_andretti,team_lotus,7,12,R,0.0,34,,Engine,,,
291,hunt,mclaren,4,13,R,0.0,32,,Fuel pump,,,
291,nilsson,team_lotus,9,14,R,0.0,31,,Engine,,,
291,mass,mclaren,13,15,R,0.0,26,,Gearbox,,,
291,depailler,tyrrell,15,16,R,0.0,22,,Engine,,,
291,laffite,ligier,6,17,R,0.0,21,,Engine,,,
291,rebaque,hesketh,24,18,R,0.0,20,,Engine,,,
291,lunger,mclaren,21,19,R,0.0,14,,Accident,,,
291,ian_scheckter,march,19,20,R,0.0,9,,Clutch,,,
291,watson,brabham,2,21,R,0.0,8,,Engine,,,
291,jarier,penske,12,22,R,0.0,5,,Transmission,,,
291,jones,shadow,17,23,R,0.0,0,,Accident,,,
295,hunt,mclaren,1,1,1,9.0,59,1:58:23.267,Finished,,,
295,mario_andretti,team_lotus,4,2,2,6.0,59,+2.026,Finished,,,
295,scheckter,wolf,9,3,3,4.0,59,+1:18.879,Finished,,,
295,lauda,ferrari,7,4,4,3.0,59,+1:40.615,Finished,,,
295,regazzoni,ensign,19,5,5,2.0,59,+1:48.138,Finished,,,
295,reutemann,ferrari,6,6,6,1.0,58,,+1 Lap,,,
295,laffite,ligier,10,7,7,0.0,58,,+1 Lap,,,
295,keegan,hesketh,20,8,8,0.0,58,,+1 Lap,,,
295,jarier,shadow,16,9,9,0.0,58,,+1 Lap,,,
295,lunger,mclaren,17,10,10,0.0,57,,+2 Laps,,,
295,binder,surtees,25,11,11,0.0,57,,+2 Laps,,,
295,watson,brabham,3,12,12,0.0,57,,+2 Laps,,,
295,emerson_fittipaldi,fittipaldi,18,13,13,0.0,57,,+2 Laps,,,
295,depailler,tyrrell,8,14,14,0.0,56,,+3 Laps,,,
295,ribeiro,march,23,15,15,0.0,56,,+3 Laps,,,
295,peterson,tyrrell,5,16,16,0.0,56,,+3 Laps,,,
295,ashley,hesketh,22,17,17,0.0,55,,+4 Laps,,,
295,neve,march,24,18,18,0.0,55,,+4 Laps,,,
295,brambilla,surtees,11,19,19,0.0,54,,+5 Laps,,,
295,jabouille,renault,14,20,R,0.0,30,,Alternator,,,
295,nilsson,team_lotus,12,21,R,0.0,17,,Accident,,,
295,stuck,brabham,2,22,R,0.0,14,,Accident,,,
295,ian_scheckter,march,21,23,R,0.0,10,,Accident,,,
295,mass,mclaren,15,24,R,0.0,8,,Fuel pump,,,
295,ongais,penske,26,25,R,0.0,6,,Accident,,,
295,jones,shadow,13,26,R,0.0,3,,Accident,,,
296,scheckter,wolf,9,1,1,9.0,80,1:40,Finished,,,
296,depailler,tyrrell,6,2,2,6.0,80,+6.770,Finished,,,
296,mass,mclaren,5,3,3,4.0,80,+15.760,Finished,,,
296,jones,shadow,7,4,4,3.0,80,+46.690,Finished,,,
296,tambay,ensign,16,5,5,2.0,80,+1:03.260,Finished,,,
296,brambilla,surtees,15,6,6,1.0,78,,Accident,,,
296,ongais,penske,22,7,7,0.0,78,,+2 Laps,,,
296,ribeiro,march,23,8,8,0.0,78,,+2 Laps,,,
296,mario_andretti,team_lotus,1,9,9,0.0,77,,Engine,,,
296,patrese,shadow,8,10,10,0.0,76,,Spun off,,,
296,lunger,mclaren,20,11,11,0.0,76,,Engine,,,
296,gilles_villeneuve,ferrari,17,12,12,0.0,76,,Transmission,,,
296,hunt,mclaren,2,13,R,0.0,61,,Accident,,,
296,neve,march,21,14,R,0.0,56,,Engine,,,
296,peterson,tyrrell,3,15,R,0.0,34,,Fuel leak,,,
296,keegan,hesketh,25,16,R,0.0,32,,Accident,,,
296,binder,surtees,24,17,R,0.0,31,,Accident,,,
296,ian_scheckter,march,18,18,R,0.0,29,,Engine,,,
296,emerson_fittipaldi,fittipaldi,19,19,R,0.0,29,,Engine,,,
296,reutemann,ferrari,12,20,R,0.0,20,,Fuel system,,,
296,stuck,brabham,13,21,R,0.0,19,,Engine,,,
296,nilsson,team_lotus,4,22,R,0.0,17,,Accident,,,
296,laffite,ligier,11,23,R,0.0,12,,Transmission,,,
296,watson,brabham,10,24,R,0.0,1,,Suspension,,,
296,regazzoni,ensign,14,25,R,0.0,0,,Accident,,,
296,ashley,hesketh,0,26,W,0.0,0,,Withdrew,,,
297,hunt,mclaren,2,1,1,9.0,73,1:31:51.680,Finished,,,
297,reutemann,ferrari,7,2,2,6.0,73,+1:02.450,Finished,,,
297,depailler,tyrrell,15,3,3,4.0,73,+1:06.390,Finished,,,
297,jones,shadow,12,4,4,3.0,73,+1:06.610,Finished,,,
297,laffite,ligier,5,5,5,2.0,72,,Out of fuel,,,
297,patrese,shadow,13,6,6,1.0,72,,+1 Lap,,,
297,stuck,brabham,4,7,7,0.0,72,,+1 Lap,,,
297,brambilla,surtees,9,8,8,0.0,71,,+2 Laps,,,
297,takahashi,tyrrell,22,9,9,0.0,71,,+2 Laps,,,
297,scheckter,wolf,6,10,10,0.0,71,,+2 Laps,,,
297,hoshino,kojima,11,11,11,0.0,71,,+2 Laps,,,
297,ribeiro,march,23,12,12,0.0,69,,+4 Laps,,,
297,nilsson,team_lotus,14,13,R,0.0,63,,Gearbox,,,
297,regazzoni,ensign,10,14,R,0.0,43,,Engine,,,
297,watson,brabham,3,15,R,0.0,29,,Gearbox,,,
297,mass,mclaren,8,16,R,0.0,28,,Engine,,,
297,tambay,ensign,16,17,R,0.0,14,,Engine,,,
297,peterson,tyrrell,18,18,R,0.0,5,,Accident,,,
297,gilles_villeneuve,ferrari,20,19,R,0.0,5,,Accident,,,
297,jarier,ligier,17,20,R,0.0,3,,Engine,,,
297,mario_andretti,team_lotus,1,21,R,0.0,1,,Collision,,,
297,takahara,kojima,19,22,R,0.0,1,,Collision,,,
297,binder,surtees,21,23,R,0.0,1,,Collision,,,
298,mario_andretti,team_lotus,1,1,1,9.0,52,1:37:04.470,Finished,,,
298,lauda,brabham,5,2,2,6.0,52,+13.210,Finished,,,
298,depailler,tyrrell,10,3,3,4.0,52,+13.640,Finished,,,
298,hunt,mclaren,6,4,4,3.0,52,+16.050,Finished,,,
298,peterson,team_lotus,3,5,5,2.0,52,+1:14.850,Finished,,,
298,tambay,mclaren,9,6,6,1.0,52,+1:19.900,Finished,,,
298,reutemann,ferrari,2,7,7,0.0,52,+1:22.600,Finished,,,
298,gilles_villeneuve,ferrari,7,8,8,0.0,52,+1:38.880,Finished,,,
298,emerson_fittipaldi,fittipaldi,17,9,9,0.0,52,+1:40.600,Finished,,,
298,scheckter,wolf,15,10,10,0.0,52,+1:43.500,Finished,,,
298,mass,ats,13,11,11,0.0,52,+1:49.070,Finished,,,
298,jarier,ats,11,12,12,0.0,51,,+1 Lap,,,
298,lunger,mclaren,24,13,13,0.0,51,,+1 Lap,,,
298,pironi,tyrrell,23,14,14,0.0,51,,+1 Lap,,,
298,regazzoni,shadow,16,15,15,0.0,51,,+1 Lap,,,
298,laffite,ligier,8,16,16,0.0,50,,Engine,,,
298,stuck,shadow,18,17,17,0.0,50,,+2 Laps,,,
298,brambilla,surtees,12,18,18,0.0,50,,+2 Laps,,,
298,watson,brabham,4,19,R,0.0,41,,Engine,,,
298,jones,williams,14,20,R,0.0,36,,Fuel system,,,
298,ongais,ensign,21,21,R,0.0,35,,Distributor,,,
298,leoni,ensign,22,22,R,0.0,28,,Engine,,,
298,merzario,merzario,20,23,R,0.0,9,,Differential,,,
298,keegan,surtees,19,24,R,0.0,4,,Overheating,,,
299,reutemann,ferrari,4,1,1,9.0,63,1:49:59.860,Finished,,,
299,emerson_fittipaldi,fittipaldi,7,2,2,6.0,63,+49.130,Finished,,,
299,lauda,brabham,10,3,3,4.0,63,+57.020,Finished,,,
299,mario_andretti,team_lotus,3,4,4,3.0,63,+1:33.120,Finished,,,
299,regazzoni,shadow,15,5,5,2.0,62,,+1 Lap,,,
299,pironi,tyrrell,19,6,6,1.0,62,,+1 Lap,,,
299,mass,ats,20,7,7,0.0,62,,+1 Lap,,,
299,watson,brabham,21,8,8,0.0,61,,+2 Laps,,,
299,laffite,ligier,14,9,9,0.0,61,,+2 Laps,,,
299,patrese,arrows,18,10,10,0.0,59,,+4 Laps,,,
299,jones,williams,8,11,11,0.0,58,,+5 Laps,,,
299,rebaque,team_lotus,22,12,R,0.0,40,,Physical,,,
299,gilles_villeneuve,ferrari,6,13,R,0.0,35,,Spun off,,,
299,tambay,mclaren,5,14,R,0.0,34,,Spun off,,,
299,hunt,mclaren,2,15,R,0.0,25,,Spun off,,,
299,stuck,shadow,9,16,R,0.0,25,,Fuel system,,,
299,scheckter,wolf,12,17,R,0.0,16,,Accident,,,
299,peterson,team_lotus,1,18,R,0.0,15,,Collision,,,
299,ongais,ensign,23,19,R,0.0,13,,Brakes,,,
299,lunger,mclaren,13,20,R,0.0,11,,Overheating,,,
299,depailler,tyrrell,11,21,R,0.0,8,,Accident,,,
299,keegan,surtees,24,22,R,0.0,5,,Accident,,,
299,leoni,ensign,17,23,R,0.0,0,,Transmission,,,
299,jarier,ats,16,24,W,0.0,0,,Withdrew,,,
300,peterson,team_lotus,12,1,1,9.0,78,1:42:15.767,Finished,,,
300,depailler,tyrrell,11,2,2,6.0,78,+0.466,Finished,,,
300,watson,brabham,10,3,3,4.0,78,+4.442,Finished,,,
300,jones,williams,18,4,4,3.0,78,+30.986,Finished,,,
300,laffite,ligier,13,5,5,2.0,78,+1:09.218,Finished,,,
300,pironi,tyrrell,14,6,6,1.0,77,,+1 Lap,,,
300,mario_andretti,team_lotus,2,7,7,0.0,77,,+1 Lap,,,
300,jarier,ats,17,8,8,0.0,77,,+1 Lap,,,
300,stommelen,arrows,22,9,9,0.0,77,,+1 Lap,,,
300,rebaque,team_lotus,21,10,10,0.0,77,,+1 Lap,,,
300,lunger,mclaren,20,11,11,0.0,76,,+2 Laps,,,
300,brambilla,surtees,19,12,12,0.0,76,,+2 Laps,,,
300,patrese,arrows,7,13,R,0.0,63,,Engine,,,
300,scheckter,wolf,5,14,R,0.0,59,,Spun off,,,
300,tambay,mclaren,4,15,R,0.0,56,,Accident,,,
300,gilles_villeneuve,ferrari,8,16,R,0.0,55,,Oil leak,,,
300,reutemann,ferrari,9,17,R,0.0,55,,Spun off,,,
300,lauda,brabham,1,18,R,0.0,52,,Engine,,,
300,keegan,surtees,23,19,R,0.0,52,,Engine,,,
300,mass,ats,15,20,R,0.0,43,,Engine,,,
300,merzario,merzario,26,21,R,0.0,39,,Suspension,,,
300,jabouille,renault,6,22,R,0.0,38,,Engine,,,
300,keke_rosberg,theodore,24,23,R,0.0,15,,Clutch,,,
300,emerson_fittipaldi,fittipaldi,16,24,R,0.0,9,,Transmission,,,
300,cheever,hesketh,25,25,R,0.0,8,,Oil leak,,,
300,hunt,mclaren,3,26,R,0.0,5,,Engine,,,
301,reutemann,ferrari,1,1,1,9.0,80,1:52:01.301,Finished,,,
301,mario_andretti,team_lotus,4,2,2,6.0,80,+11.061,Finished,,,
301,depailler,tyrrell,12,3,3,4.0,80,+28.951,Finished,,,
301,peterson,team_lotus,6,4,4,3.0,80,+45.603,Finished,,,
301,laffite,ligier,14,5,5,2.0,80,+1:22.884,Finished,,,
301,patrese,arrows,9,6,6,1.0,79,,+1 Lap,,,
301,jones,williams,8,7,7,0.0,79,,+1 Lap,,,
301,emerson_fittipaldi,fittipaldi,15,8,8,0.0,79,,+1 Lap,,,
301,stommelen,arrows,18,9,9,0.0,79,,+1 Lap,,,
301,regazzoni,shadow,20,10,10,0.0,79,,+1 Lap,,,
301,jarier,ats,19,11,11,0.0,75,,+5 Laps,,,
301,tambay,mclaren,11,12,12,0.0,74,,Accident,,,
301,scheckter,wolf,10,13,R,0.0,59,,Accident,,,
301,brambilla,surtees,17,14,R,0.0,50,,Transmission,,,
301,jabouille,renault,13,15,R,0.0,43,,Turbo,,,
301,gilles_villeneuve,ferrari,2,16,R,0.0,38,,Accident,,,
301,lauda,brabham,3,17,R,0.0,27,,Ignition,,,
301,pironi,tyrrell,22,18,R,0.0,25,,Gearbox,,,
301,merzario,merzario,21,19,R,0.0,17,,Gearbox,,,
301,mass,ats,16,20,R,0.0,11,,Brakes,,,
301,watson,brabham,5,21,R,0.0,9,,Gearbox,,,
301,hunt,mclaren,7,22,R,0.0,5,,Accident,,,
301,keegan,surtees,0,23,W,0.0,0,,Accident,,,
301,stuck,shadow,0,24,W,0.0,0,,Accident,,,
303,mario_andretti,team_lotus,1,1,1,9.0,70,1:39:52.020,Finished,,,
303,peterson,team_lotus,7,2,2,6.0,70,+9.900,Finished,,,
303,reutemann,ferrari,2,3,3,4.0,70,+24.340,Finished,,,
303,gilles_villeneuve,ferrari,4,4,4,3.0,70,+47.040,Finished,,,
303,laffite,ligier,14,5,5,2.0,69,,Accident,,,
303,pironi,tyrrell,23,6,6,1.0,69,,+1 Lap,,,
303,lunger,mclaren,24,7,7,0.0,69,,+1 Lap,,,
303,giacomelli,mclaren,21,8,8,0.0,69,,+1 Lap,,,
303,arnoux,martini,19,9,9,0.0,68,,+2 Laps,,,
303,jones,williams,11,10,10,0.0,68,,+2 Laps,,,
303,mass,ats,16,11,11,0.0,68,,+2 Laps,,,
303,ickx,ensign,22,12,12,0.0,64,,+6 Laps,,,
303,brambilla,surtees,12,13,13,0.0,63,,Engine,,,
303,stuck,shadow,10,14,R,0.0,56,,Spun off,,,
303,jabouille,renault,20,15,R,0.0,56,,Not classified,,,
303,scheckter,wolf,5,16,R,0.0,53,,Spun off,,,
303,depailler,tyrrell,13,17,R,0.0,51,,Gearbox,,,
303,regazzoni,shadow,18,18,R,0.0,40,,Transmission,,,
303,patrese,arrows,8,19,R,0.0,31,,Suspension,,,
303,stommelen,arrows,17,20,R,0.0,26,,Spun off,,,
303,watson,brabham,9,21,R,0.0,18,,Accident,,,
303,lauda,brabham,3,22,R,0.0,0,,Accident,,,
303,hunt,mclaren,6,23,R,0.0,0,,Accident,,,
303,emerson_fittipaldi,fittipaldi,15,24,R,0.0,0,,Accident,,,
306,mario_andretti,team_lotus,2,1,1,9.0,54,1:38:51.920,Finished,,,
306,peterson,team_lotus,5,2,2,6.0,54,+2.930,Finished,,,
306,hunt,mclaren,4,3,3,4.0,54,+19.800,Finished,,,
306,watson,brabham,1,4,4,3.0,54,+36.880,Finished,,,
306,jones,williams,14,5,5,2.0,54,+41.810,Finished,,,
306,scheckter,wolf,7,6,6,1.0,54,+54.530,Finished,,,
306,laffite,ligier,10,7,7,0.0,54,+54.740,Finished,,,
306,patrese,arrows,12,8,8,0.0,54,+1:24.880,Finished,,,
306,tambay,mclaren,6,9,9,0.0,54,+1:27.060,Finished,,,
306,pironi,tyrrell,16,10,10,0.0,54,+1:29.980,Finished,,,
306,stuck,shadow,20,11,11,0.0,53,,+1 Lap,,,
306,gilles_villeneuve,ferrari,9,12,12,0.0,53,,+1 Lap,,,
306,mass,ats,25,13,13,0.0,53,,+1 Lap,,,
306,arnoux,martini,18,14,14,0.0,53,,+1 Lap,,,
306,stommelen,arrows,21,15,15,0.0,53,,+1 Lap,,,
306,keke_rosberg,ats,26,16,16,0.0,52,,+2 Laps,,,
306,brambilla,surtees,19,17,17,0.0,52,,+2 Laps,,,
306,reutemann,ferrari,8,18,18,0.0,49,,+5 Laps,,,
306,lunger,mclaren,24,19,R,0.0,45,,Engine,,,
306,emerson_fittipaldi,fittipaldi,15,20,R,0.0,43,,Suspension,,,
306,keegan,surtees,23,21,R,0.0,40,,Engine,,,
306,giacomelli,mclaren,22,22,R,0.0,28,,Engine,,,
306,lauda,brabham,3,23,R,0.0,10,,Engine,,,
306,depailler,tyrrell,13,24,R,0.0,10,,Engine,,,
306,regazzoni,shadow,17,25,R,0.0,4,,Electrical,,,
306,jabouille,renault,11,26,R,0.0,1,,Engine,,,
307,reutemann,ferrari,8,1,1,9.0,76,1:42:12.390,Finished,,,
307,lauda,brabham,4,2,2,6.0,76,+1.230,Finished,,,
307,watson,brabham,9,3,3,4.0,76,+37.250,Finished,,,
307,depailler,tyrrell,10,4,4,3.0,76,+1:13.270,Finished,,,
307,stuck,shadow,18,5,5,2.0,75,,+1 Lap,,,
307,tambay,mclaren,20,6,6,1.0,75,,+1 Lap,,,
307,giacomelli,mclaren,16,7,7,0.0,75,,+1 Lap,,,
307,lunger,mclaren,24,8,8,0.0,75,,+1 Lap,,,
307,brambilla,surtees,25,9,9,0.0,75,,+1 Lap,,,
307,laffite,ligier,7,10,10,0.0,73,,+3 Laps,,,
307,mass,ats,26,11,R,0.0,65,,+11 Laps,,,
307,keke_rosberg,ats,22,12,R,0.0,59,,Suspension,,,
307,regazzoni,shadow,17,13,R,0.0,49,,Gearbox,,,
307,jabouille,renault,12,14,R,0.0,46,,Turbo,,,
307,patrese,arrows,5,15,R,0.0,40,,Suspension,,,
307,pironi,tyrrell,19,16,R,0.0,40,,Gearbox,,,
307,scheckter,wolf,3,17,R,0.0,36,,Gearbox,,,
307,emerson_fittipaldi,fittipaldi,11,18,R,0.0,32,,Engine,,,
307,merzario,merzario,23,19,R,0.0,32,,Fuel system,,,
307,daly,ensign,15,20,R,0.0,30,,Wheel,,,
307,mario_andretti,team_lotus,2,21,R,0.0,28,,Engine,,,
307,jones,williams,6,22,R,0.0,26,,Transmission,,,
307,gilles_villeneuve,ferrari,13,23,R,0.0,19,,Transmission,,,
307,rebaque,team_lotus,21,24,R,0.0,15,,Gearbox,,,
307,hunt,mclaren,14,25,R,0.0,7,,Accident,,,
307,peterson,team_lotus,1,26,R,0.0,6,,Fuel system,,,
308,mario_andretti,team_lotus,1,1,1,9.0,45,1:28:00.900,Finished,,,
308,scheckter,wolf,4,2,2,6.0,45,+15.350,Finished,,,
308,laffite,ligier,7,3,3,4.0,45,+28.010,Finished,,,
308,emerson_fittipaldi,fittipaldi,10,4,4,3.0,45,+36.880,Finished,,,
308,pironi,tyrrell,16,5,5,2.0,45,+57.260,Finished,,,
308,rebaque,team_lotus,18,6,6,1.0,45,+1:37.860,Finished,,,
308,watson,brabham,5,7,7,0.0,45,+1:39.530,Finished,,,
308,gilles_villeneuve,ferrari,15,8,8,0.0,45,+1:56.870,Finished,,,
308,patrese,arrows,14,9,9,0.0,44,,+1 Lap,,,
308,keke_rosberg,wolf,19,10,10,0.0,42,,+3 Laps,,,
308,ertl,ensign,17,11,11,0.0,41,,Engine,,,
308,stommelen,arrows,23,12,D,0.0,42,,Disqualified,,,
308,peterson,team_lotus,2,13,R,0.0,36,,Gearbox,,,
308,hunt,mclaren,8,14,D,0.0,34,,Disqualified,,,
308,jones,williams,6,15,R,0.0,31,,Fuel system,,,
308,piquet,ensign,21,16,R,0.0,31,,Engine,,,
308,brambilla,surtees,20,17,R,0.0,24,,Fuel system,,,
308,tambay,mclaren,11,18,R,0.0,16,,Accident,,,
308,reutemann,ferrari,12,19,R,0.0,14,,Fuel system,,,
308,lauda,brabham,3,20,R,0.0,11,,Engine,,,
308,jabouille,renault,9,21,R,0.0,5,,Engine,,,
308,mass,ats,22,22,R,0.0,1,,Accident,,,
308,stuck,shadow,24,23,R,0.0,1,,Accident,,,
308,depailler,tyrrell,13,24,R,0.0,0,,Accident,,,
309,peterson,team_lotus,1,1,1,9.0,54,1:41:21.570,Finished,,,
309,depailler,tyrrell,14,2,2,6.0,54,+47.440,Finished,,,
309,gilles_villeneuve,ferrari,11,3,3,4.0,54,+1:39.760,Finished,,,
309,emerson_fittipaldi,fittipaldi,6,4,4,3.0,53,,+1 Lap,,,
309,laffite,ligier,5,5,5,2.0,53,,+1 Lap,,,
309,brambilla,surtees,21,6,6,1.0,53,,+1 Lap,,,
309,watson,brabham,10,7,7,0.0,53,,+1 Lap,,,
309,lunger,mclaren,17,8,8,0.0,52,,+2 Laps,,,
309,arnoux,martini,26,9,9,0.0,52,,+2 Laps,,,
309,regazzoni,shadow,22,10,R,0.0,50,,+7 Laps,,,
309,keke_rosberg,wolf,25,11,R,0.0,49,,+7 Laps,,,
309,daly,ensign,19,12,D,0.0,41,,Disqualified,,,
309,tambay,mclaren,14,13,R,0.0,40,,Accident,,,
309,stuck,shadow,23,14,R,0.0,33,,Accident,,,
309,jabouille,renault,3,15,R,0.0,31,,Gearbox,,,
309,reutemann,ferrari,12,16,D,0.0,28,,Disqualified,,,
309,lauda,brabham,4,17,R,0.0,27,,Accident,,,
309,pironi,tyrrell,9,18,R,0.0,20,,Accident,,,
309,hunt,mclaren,8,19,R,0.0,7,,Accident,,,
309,jones,williams,15,20,R,0.0,7,,Accident,,,
309,patrese,arrows,16,21,R,0.0,7,,Accident,,,
309,ertl,ensign,24,22,R,0.0,7,,Accident,,,
309,rebaque,team_lotus,18,23,R,0.0,4,,Accident,,,
309,piquet,mclaren,20,24,R,0.0,4,,Accident,,,
309,scheckter,wolf,7,25,R,0.0,3,,Accident,,,
309,mario_andretti,team_lotus,2,26,R,0.0,0,,Accident,,,
311,lauda,brabham,4,1,1,9.0,40,1:07:04.540,Finished,,,
311,watson,brabham,7,2,2,6.0,40,+1.480,Finished,,,
311,reutemann,ferrari,11,3,3,4.0,40,+20.470,Finished,,,
311,laffite,ligier,8,4,4,3.0,40,+37.530,Finished,,,
311,tambay,mclaren,19,5,5,2.0,40,+40.390,Finished,,,
311,mario_andretti,team_lotus,1,6,6,1.0,40,+46.330,Finished,,,
311,gilles_villeneuve,ferrari,2,7,7,0.0,40,+48.480,Finished,,,
311,emerson_fittipaldi,fittipaldi,13,8,8,0.0,40,+55.240,Finished,,,
311,piquet,mclaren,24,9,9,0.0,40,+1:06.830,Finished,,,
311,daly,ensign,18,10,10,0.0,40,+1:09.110,Finished,,,
311,depailler,tyrrell,16,11,11,0.0,40,+1:16.570,Finished,,,
311,scheckter,wolf,9,12,12,0.0,39,,+1 Lap,,,
311,jones,williams,6,13,13,0.0,39,,+1 Lap,,,
311,giacomelli,mclaren,20,14,14,0.0,39,,+1 Lap,,,
311,regazzoni,shadow,15,15,R,0.0,33,,+7 Laps,,,
311,patrese,arrows,12,16,R,0.0,28,,Engine,,,
311,hunt,mclaren,10,17,R,0.0,19,,Distributor,,,
311,merzario,merzario,22,18,R,0.0,14,,Engine,,,
311,jabouille,renault,3,19,R,0.0,6,,Engine,,,
311,peterson,team_lotus,5,20,R,0.0,0,,Accident,,,
311,pironi,tyrrell,14,21,R,0.0,0,,Accident,,,
311,stuck,shadow,17,22,R,0.0,0,,Accident,,,
311,lunger,mclaren,21,23,R,0.0,0,,Accident,,,
311,brambilla,surtees,23,24,R,0.0,0,,Accident,,,
313,gilles_villeneuve,ferrari,3,1,1,9.0,70,1:57:49.196,Finished,,,
313,scheckter,wolf,2,2,2,6.0,70,+13.372,Finished,,,
313,reutemann,ferrari,11,3,3,4.0,70,+19.408,Finished,,,
313,patrese,arrows,12,4,4,3.0,70,+24.667,Finished,,,
313,depailler,tyrrell,13,5,5,2.0,70,+28.558,Finished,,,
313,daly,ensign,15,6,6,1.0,70,+54.476,Finished,,,
313,pironi,tyrrell,18,7,7,0.0,70,+1:21.250,Finished,,,
313,tambay,mclaren,17,8,8,0.0,70,+1:26.560,Finished,,,
313,jones,williams,5,9,9,0.0,70,+1:28.942,Finished,,,
313,mario_andretti,team_lotus,9,10,10,0.0,69,,+1 Lap,,,
313,piquet,brabham,14,11,11,0.0,69,,+1 Lap,,,
313,jabouille,renault,22,12,12,0.0,65,,+5 Laps,,,
313,keke_rosberg,ats,21,13,R,0.0,58,,+12 Laps,,,
313,laffite,ligier,10,14,R,0.0,52,,Transmission,,,
313,hunt,mclaren,19,15,R,0.0,51,,Spun off,,,
313,jarier,team_lotus,1,16,R,0.0,49,,Oil leak,,,
313,arnoux,surtees,16,17,R,0.0,37,,Engine,,,
313,rahal,wolf,20,18,R,0.0,16,,Fuel system,,,
313,watson,brabham,4,19,R,0.0,8,,Accident,,,
313,lauda,brabham,7,20,R,0.0,5,,Brakes,,,
313,stuck,shadow,8,21,R,0.0,1,,Accident,,,
313,emerson_fittipaldi,fittipaldi,6,22,R,0.0,0,,Accident,,,
314,laffite,ligier,1,1,1,9.0,53,1:36:03.210,Finished,,,
314,reutemann,team_lotus,3,2,2,6.0,53,+14.940,Finished,,,
314,watson,mclaren,6,3,3,4.0,53,+1:28.810,Finished,,,
314,depailler,ligier,2,4,4,3.0,53,+1:41.720,Finished,,,
314,mario_andretti,team_lotus,7,5,5,2.0,52,,+1 Lap,,,
314,emerson_fittipaldi,fittipaldi,11,6,6,1.0,52,,+1 Lap,,,
314,angelis,shadow,16,7,7,0.0,52,,+1 Lap,,,
314,mass,arrows,14,8,8,0.0,51,,+2 Laps,,,
314,jones,williams,15,9,9,0.0,51,,+2 Laps,,,
314,regazzoni,williams,17,10,10,0.0,51,,+2 Laps,,,
314,daly,ensign,24,11,11,0.0,51,,+2 Laps,,,
314,gilles_villeneuve,ferrari,10,12,R,0.0,48,,Engine,,,
314,rebaque,team_lotus,19,13,R,0.0,46,,Suspension,,,
314,lammers,shadow,21,14,R,0.0,42,,Transmission,,,
314,hunt,wolf,18,15,R,0.0,41,,Electrical,,,
314,jarier,tyrrell,4,16,R,0.0,15,,Engine,,,
314,jabouille,renault,12,17,R,0.0,15,,Engine,,,
314,lauda,brabham-alfa_romeo,23,18,R,0.0,8,,Fuel system,,,
314,arnoux,renault,25,19,R,0.0,6,,Engine,,,
314,scheckter,ferrari,5,20,R,0.0,0,,Collision,,,
314,pironi,tyrrell,8,21,R,0.0,0,,Collision,,,
314,tambay,mclaren,9,22,R,0.0,0,,Collision,,,
314,piquet,brabham-alfa_romeo,20,23,R,0.0,0,,Collision,,,
314,merzario,merzario,22,24,R,0.0,0,,Collision,,,
314,patrese,arrows,13,25,W,0.0,0,,Accident,,,
314,stuck,ats,0,26,W,0.0,0,,Withdrew,,,
315,laffite,ligier,1,1,1,9.0,40,1:40:09.640,Finished,,,
315,depailler,ligier,2,2,2,6.0,40,+5.280,Finished,,,
315,reutemann,team_lotus,3,3,3,4.0,40,+44.140,Finished,,,
315,pironi,tyrrell,8,4,4,3.0,40,+1:25.880,Finished,,,
315,gilles_villeneuve,ferrari,5,5,5,2.0,39,,+1 Lap,,,
315,scheckter,ferrari,6,6,6,1.0,39,,+1 Lap,,,
315,mass,arrows,19,7,7,0.0,39,,+1 Lap,,,
315,watson,mclaren,14,8,8,0.0,39,,+1 Lap,,,
315,patrese,arrows,16,9,9,0.0,39,,+1 Lap,,,
315,jabouille,renault,7,10,10,0.0,39,,+1 Lap,,,
315,emerson_fittipaldi,fittipaldi,9,11,11,0.0,39,,+1 Lap,,,
315,angelis,shadow,20,12,12,0.0,39,,+1 Lap,,,
315,daly,ensign,23,13,13,0.0,39,,+1 Lap,,,
315,lammers,shadow,21,14,14,0.0,39,,+1 Lap,,,
315,regazzoni,williams,17,15,15,0.0,38,,+2 Laps,,,
315,jones,williams,13,16,R,0.0,33,,Fuel system,,,
315,stuck,ats,24,17,R,0.0,31,,Steering,,,
315,arnoux,renault,11,18,R,0.0,28,,Spun off,,,
315,hunt,wolf,10,19,R,0.0,7,,Steering,,,
315,tambay,mclaren,18,20,R,0.0,7,,Collision,,,
315,lauda,brabham-alfa_romeo,12,21,R,0.0,5,,Gearbox,,,
315,piquet,brabham-alfa_romeo,22,22,R,0.0,5,,Accident,,,
315,mario_andretti,team_lotus,4,23,R,0.0,2,,Fuel leak,,,
315,jarier,tyrrell,15,24,R,0.0,0,,Electrical,,,
317,gilles_villeneuve,ferrari,1,1,1,9.0,80,1:50:25.400,Finished,,,
317,scheckter,ferrari,3,2,2,6.0,80,+29.380,Finished,,,
317,jones,williams,10,3,3,4.0,80,+59.690,Finished,,,
317,mario_andretti,team_lotus,6,4,4,3.0,80,+1:04.330,Finished,,,
317,depailler,ligier,4,5,5,2.0,80,+1:23.520,Finished,,,
317,jarier,tyrrell,7,6,6,1.0,79,,+1 Lap,,,
317,angelis,shadow,20,7,7,0.0,78,,+2 Laps,,,
317,piquet,brabham-alfa_romeo,12,8,8,0.0,78,,+2 Laps,,,
317,mass,arrows,13,9,9,0.0,78,,+2 Laps,,,
317,pironi,tyrrell,17,10,D,0.0,72,,Disqualified,,,
317,rebaque,team_lotus,23,11,R,0.0,71,,Accident,,,
317,daly,ensign,24,12,R,0.0,69,,Accident,,,
317,watson,mclaren,18,13,R,0.0,62,,Injection,,,
317,stuck,ats,21,14,D,0.0,49,,Disqualified,,,
317,regazzoni,williams,15,15,R,0.0,48,,Engine,,,
317,lammers,shadow,14,16,R,0.0,47,,Suspension,,,
317,patrese,arrows,9,17,R,0.0,40,,Brakes,,,
317,reutemann,team_lotus,2,18,R,0.0,21,,Transmission,,,
317,emerson_fittipaldi,fittipaldi,16,19,R,0.0,19,,Transmission,,,
317,merzario,merzario,22,20,R,0.0,13,,Engine,,,
317,laffite,ligier,5,21,R,0.0,8,,Brakes,,,
317,hunt,wolf,8,22,R,0.0,0,,Transmission,,,
317,lauda,brabham-alfa_romeo,11,23,R,0.0,0,,Accident,,,
317,tambay,mclaren,19,24,R,0.0,0,,Collision,,,
317,arnoux,renault,0,25,W,0.0,0,,Withdrew,,,
317,jabouille,renault,0,26,W,0.0,0,,Withdrew,,,
319,scheckter,ferrari,7,1,1,9.0,70,1:39:59.530,Finished,,,
319,laffite,ligier,1,2,2,6.0,70,+15.360,Finished,,,
319,pironi,tyrrell,12,3,3,4.0,70,+35.170,Finished,,,
319,reutemann,team_lotus,10,4,4,3.0,70,+46.490,Finished,,,
319,patrese,arrows,16,5,5,2.0,70,+1:04.310,Finished,,,
319,watson,mclaren,19,6,6,1.0,70,+1:05.850,Finished,,,
319,gilles_villeneuve,ferrari,6,7,7,0.0,69,,+1 Lap,,,
319,stuck,ats,20,8,8,0.0,69,,+1 Lap,,,
319,emerson_fittipaldi,fittipaldi,23,9,9,0.0,68,,+2 Laps,,,
319,lammers,shadow,21,10,10,0.0,68,,+2 Laps,,,
319,jarier,tyrrell,11,11,11,0.0,67,,+3 Laps,,,
319,depailler,ligier,2,12,R,0.0,46,,Accident,,,
319,hunt,wolf,9,13,R,0.0,40,,Accident,,,
319,jones,williams,4,14,R,0.0,39,,Electrical,,,
319,mario_andretti,team_lotus,5,15,R,0.0,27,,Brakes,,,
319,piquet,brabham-alfa_romeo,3,16,R,0.0,23,,Engine,,,
319,lauda,brabham-alfa_romeo,13,17,R,0.0,23,,Engine,,,
319,arnoux,renault,18,18,R,0.0,22,,Turbo,,,
319,giacomelli,alfa,14,19,R,0.0,21,,Accident,,,
319,angelis,shadow,24,20,R,0.0,21,,Accident,,,
319,mass,arrows,22,21,R,0.0,17,,Spun off,,,
319,rebaque,team_lotus,15,22,R,0.0,13,,Transmission,,,
319,jabouille,renault,17,23,R,0.0,13,,Turbo,,,
319,regazzoni,williams,8,24,R,0.0,1,,Accident,,,
322,regazzoni,williams,4,1,1,9.0,68,1:26:11.170,Finished,,,
322,arnoux,renault,5,2,2,6.0,68,+24.280,Finished,,,
322,jarier,tyrrell,16,3,3,4.0,67,,+1 Lap,,,
322,watson,mclaren,7,4,4,3.0,67,,+1 Lap,,,
322,scheckter,ferrari,11,5,5,2.0,67,,+1 Lap,,,
322,ickx,ligier,17,6,6,1.0,67,,+1 Lap,,,
322,tambay,mclaren,18,7,7,0.0,66,,Out of fuel,,,
322,reutemann,team_lotus,8,8,8,0.0,66,,+2 Laps,,,
322,rebaque,team_lotus,26,9,9,0.0,66,,+2 Laps,,,
322,pironi,tyrrell,15,10,10,0.0,66,,+2 Laps,,,
322,lammers,shadow,21,11,11,0.0,65,,+3 Laps,,,
322,angelis,shadow,12,12,12,0.0,65,,+3 Laps,,,
322,gaillard,ensign,23,13,13,0.0,65,,+3 Laps,,,
322,gilles_villeneuve,ferrari,13,14,14,0.0,63,,Fuel system,,,
322,patrese,arrows,19,15,R,0.0,45,,Gearbox,,,
322,laffite,ligier,10,16,R,0.0,44,,Engine,,,
322,keke_rosberg,wolf,14,17,R,0.0,44,,Fuel system,,,
322,jones,williams,1,18,R,0.0,38,,Water pump,,,
322,mass,arrows,20,19,R,0.0,37,,Gearbox,,,
322,emerson_fittipaldi,fittipaldi,22,20,R,0.0,25,,Engine,,,
322,jabouille,renault,2,21,R,0.0,21,,Turbo,,,
322,lauda,brabham-alfa_romeo,6,22,R,0.0,12,,Brakes,,,
322,mario_andretti,team_lotus,9,23,R,0.0,3,,Wheel,,,
322,piquet,brabham-alfa_romeo,3,24,R,0.0,1,,Spun off,,,
324,jones,williams,2,1,1,9.0,54,1:27:38.010,Finished,,,
324,gilles_villeneuve,ferrari,5,2,2,6.0,54,+36.050,Finished,,,
324,laffite,ligier,8,3,3,4.0,54,+46.770,Finished,,,
324,scheckter,ferrari,9,4,4,3.0,54,+47.210,Finished,,,
324,regazzoni,williams,6,5,5,2.0,54,+48.920,Finished,,,
324,arnoux,renault,1,6,6,1.0,53,,+1 Lap,,,
324,pironi,tyrrell,10,7,7,0.0,53,,+1 Lap,,,
324,daly,tyrrell,11,8,8,0.0,53,,+1 Lap,,,
324,watson,mclaren,16,9,9,0.0,53,,+1 Lap,,,
324,tambay,mclaren,14,10,10,0.0,53,,+1 Lap,,,
324,lauda,brabham-alfa_romeo,4,11,R,0.0,45,,Engine,,,
324,gaillard,ensign,24,12,R,0.0,42,,Suspension,,,
324,patrese,arrows,13,13,R,0.0,34,,Suspension,,,
324,angelis,shadow,22,14,R,0.0,34,,Engine,,,
324,piquet,brabham-alfa_romeo,7,15,R,0.0,32,,Engine,,,
324,stuck,ats,18,16,R,0.0,28,,Engine,,,
324,ickx,ligier,21,17,R,0.0,26,,Engine,,,
324,reutemann,team_lotus,17,18,R,0.0,22,,Handling,,,
324,jabouille,renault,3,19,R,0.0,16,,Gearbox,,,
324,keke_rosberg,wolf,19,20,R,0.0,15,,Electrical,,,
324,emerson_fittipaldi,fittipaldi,12,21,R,0.0,15,,Brakes,,,
324,lammers,shadow,23,22,R,0.0,3,,Accident,,,
324,mass,arrows,20,23,R,0.0,1,,Engine,,,
324,mario_andretti,team_lotus,15,24,R,0.0,0,,Clutch,,,
327,jones,williams,1,1,1,9.0,72,1:52:06.892,Finished,,,
327,gilles_villeneuve,ferrari,2,2,2,6.0,72,+1.080,Finished,,,
327,regazzoni,williams,3,3,3,4.0,72,+1:13.656,Finished,,,
327,scheckter,ferrari,9,4,4,3.0,71,,+1 Lap,,,
327,pironi,tyrrell,6,5,5,2.0,71,,+1 Lap,,,
327,watson,mclaren,17,6,6,1.0,70,,+2 Laps,,,
327,zunino,brabham-ford,17,7,7,0.0,68,,+4 Laps,,,
327,emerson_fittipaldi,fittipaldi,15,8,8,0.0,67,,+5 Laps,,,
327,lammers,shadow,21,9,9,0.0,67,,+5 Laps,,,
327,mario_andretti,team_lotus,10,10,10,0.0,66,,Out of fuel,,,
327,piquet,brabham-ford,4,11,R,0.0,61,,Gearbox,,,
327,brambilla,alfa,18,12,R,0.0,52,,Fuel system,,,
327,ickx,ligier,16,13,R,0.0,47,,Gearbox,,,
327,jarier,tyrrell,13,14,R,0.0,33,,Engine,,,
327,daly,tyrrell,24,15,R,0.0,28,,Engine,,,
327,rebaque,rebaque,22,16,R,0.0,26,,Chassis,,,
327,jabouille,renault,7,17,R,0.0,24,,Brakes,,,
327,angelis,shadow,23,18,R,0.0,24,,Ignition,,,
327,reutemann,team_lotus,11,19,R,0.0,23,,Suspension,,,
327,patrese,arrows,14,20,R,0.0,20,,Spun off,,,
327,tambay,mclaren,20,21,R,0.0,19,,Engine,,,
327,arnoux,renault,8,22,R,0.0,14,,Accident,,,
327,stuck,ats,12,23,R,0.0,14,,Accident,,,
327,laffite,ligier,5,24,R,0.0,10,,Engine,,,
327,lauda,brabham-ford,0,30,W,0.0,0,,Withdrew,,,
330,arnoux,renault,6,1,1,9.0,40,1:40:01.330,Finished,,,
330,angelis,team_lotus,7,2,2,6.0,40,+21.860,Finished,,,
330,jones,williams,10,3,3,4.0,40,+1:06.110,Finished,,,
330,pironi,ligier,2,4,4,3.0,40,+1:40.130,Finished,,,
330,prost,mclaren,13,5,5,2.0,40,+1:45.410,Finished,,,
330,patrese,arrows,14,6,6,1.0,39,,+1 Lap,,,
330,surer,ats,20,7,7,0.0,39,,+1 Lap,,,
330,zunino,brabham,18,8,8,0.0,39,,+1 Lap,,,
330,keke_rosberg,fittipaldi,15,9,9,0.0,39,,+1 Lap,,,
330,mass,arrows,16,10,10,0.0,39,,+1 Lap,,,
330,watson,mclaren,23,11,11,0.0,39,,+1 Lap,,,
330,jarier,tyrrell,22,12,12,0.0,39,,+1 Lap,,,
330,giacomelli,alfa,17,13,13,0.0,39,,+1 Lap,,,
330,daly,tyrrell,24,14,14,0.0,38,,+2 Laps,,,
330,emerson_fittipaldi,fittipaldi,19,15,15,0.0,38,,+2 Laps,,,
330,gilles_villeneuve,ferrari,3,16,16,0.0,36,,Throttle,,,
330,depailler,alfa,21,17,R,0.0,33,,Electrical,,,
330,jabouille,renault,1,18,R,0.0,25,,Turbo,,,
330,piquet,brabham,9,19,R,0.0,14,,Suspension,,,
330,laffite,ligier,5,20,R,0.0,13,,Electrical,,,
330,regazzoni,ensign,12,21,R,0.0,13,,Engine,,,
330,scheckter,ferrari,8,22,R,0.0,10,,Engine,,,
330,mario_andretti,team_lotus,11,23,R,0.0,1,,Spun off,,,
330,reutemann,williams,4,24,R,0.0,1,,Halfshaft,,,
331,arnoux,renault,2,1,1,9.0,78,1:36:52.540,Finished,,,
331,laffite,ligier,4,2,2,6.0,78,+34.070,Finished,,,
331,pironi,ligier,5,3,3,4.0,78,+52.490,Finished,,,
331,piquet,brabham,3,4,4,3.0,78,+1:01.020,Finished,,,
331,reutemann,williams,6,5,5,2.0,77,,+1 Lap,,,
331,mass,arrows,19,6,6,1.0,77,,+1 Lap,,,
331,jarier,tyrrell,13,7,7,0.0,77,,+1 Lap,,,
331,emerson_fittipaldi,fittipaldi,18,8,8,0.0,77,,+1 Lap,,,
331,regazzoni,ensign,20,9,9,0.0,77,,+1 Lap,,,
331,zunino,brabham,17,10,10,0.0,77,,+1 Lap,,,
331,watson,mclaren,21,11,11,0.0,76,,+2 Laps,,,
331,mario_andretti,team_lotus,15,12,12,0.0,76,,+2 Laps,,,
331,lees,shadow,24,13,13,0.0,70,,Suspension,,,
331,giacomelli,alfa,12,14,R,0.0,69,,Engine,,,
331,jabouille,renault,1,15,R,0.0,61,,Puncture,,,
331,daly,tyrrell,16,16,R,0.0,61,,Puncture,,,
331,keke_rosberg,fittipaldi,23,17,R,0.0,58,,Accident,,,
331,depailler,alfa,7,18,R,0.0,53,,Not classified,,,
331,jones,williams,8,19,R,0.0,34,,Gearbox,,,
331,gilles_villeneuve,ferrari,10,20,R,0.0,31,,Transmission,,,
331,scheckter,ferrari,9,21,R,0.0,14,,Engine,,,
331,patrese,arrows,11,22,R,0.0,10,,Spun off,,,
331,cheever,osella,22,23,R,0.0,8,,Spun off,,,
331,angelis,team_lotus,14,24,R,0.0,1,,Spun off,,,
331,prost,mclaren,0,25,W,0.0,0,,Accident,,,
331,surer,ats,0,26,W,0.0,0,,Accident,,,
333,pironi,ligier,2,1,1,9.0,72,1:38:47.400,Finished,,,
333,jones,williams,1,2,2,6.0,72,+47.370,Finished,,,
333,reutemann,williams,4,3,3,4.0,72,+1:24.120,Finished,,,
333,arnoux,renault,6,4,4,3.0,71,,+1 Lap,,,
333,jarier,tyrrell,9,5,5,2.0,71,,+1 Lap,,,
333,gilles_villeneuve,ferrari,12,6,6,1.0,71,,+1 Lap,,,
333,keke_rosberg,fittipaldi,21,7,7,0.0,71,,+1 Lap,,,
333,scheckter,ferrari,14,8,8,0.0,70,,+2 Laps,,,
333,daly,tyrrell,11,9,9,0.0,70,,+2 Laps,,,
333,angelis,team_lotus,8,10,10,0.0,69,,Spun off,,,
333,laffite,ligier,3,11,11,0.0,68,,+4 Laps,,,
333,lammers,ats,15,12,12,0.0,64,,Engine,,,
333,watson,mclaren,20,13,R,0.0,61,,Not classified,,,
333,patrese,arrows,16,14,R,0.0,58,,Spun off,,,
333,mario_andretti,team_lotus,17,15,R,0.0,41,,Gearbox,,,
333,depailler,alfa,10,16,R,0.0,38,,Exhaust,,,
333,piquet,brabham,7,17,R,0.0,32,,Spun off,,,
333,prost,mclaren,19,18,R,0.0,29,,Transmission,,,
333,emerson_fittipaldi,fittipaldi,24,19,R,0.0,16,,Electrical,,,
333,needell,ensign,23,20,R,0.0,12,,Engine,,,
333,giacomelli,alfa,18,21,R,0.0,11,,Suspension,,,
333,zunino,brabham,22,22,R,0.0,5,,Gearbox,,,
333,mass,arrows,13,23,R,0.0,1,,Spun off,,,
333,jabouille,renault,5,24,R,0.0,1,,Clutch,,,
336,jones,williams,3,1,1,9.0,76,1:34:49.228,Finished,,,
336,piquet,brabham,5,2,2,6.0,76,+11.007,Finished,,,
336,reutemann,williams,4,3,3,4.0,76,+13.285,Finished,,,
336,daly,tyrrell,10,4,4,3.0,75,,+1 Lap,,,
336,jarier,tyrrell,11,5,5,2.0,75,,+1 Lap,,,
336,prost,mclaren,7,6,6,1.0,75,,+1 Lap,,,
336,rebaque,brabham,17,7,7,0.0,74,,+2 Laps,,,
336,watson,mclaren,12,8,8,0.0,74,,Engine,,,
336,patrese,arrows,21,9,9,0.0,73,,+3 Laps,,,
336,scheckter,ferrari,23,10,10,0.0,73,,+3 Laps,,,
336,keegan,williams,18,11,11,0.0,73,,+3 Laps,,,
336,emerson_fittipaldi,fittipaldi,22,12,12,0.0,72,,+4 Laps,,,
336,mass,arrows,24,13,13,0.0,69,,+7 Laps,,,
336,arnoux,renault,16,14,R,0.0,67,,Not classified,,,
336,pironi,ligier,1,15,R,0.0,63,,Tyre,,,
336,surer,ats,15,16,R,0.0,59,,Engine,,,
336,mario_andretti,team_lotus,9,17,R,0.0,57,,Gearbox,,,
336,giacomelli,alfa,6,18,R,0.0,42,,Spun off,,,
336,gilles_villeneuve,ferrari,19,19,R,0.0,35,,Engine,,,
336,laffite,ligier,2,20,R,0.0,30,,Tyre,,,
336,depailler,alfa,8,21,R,0.0,27,,Engine,,,
336,cheever,osella,20,22,R,0.0,17,,Suspension,,,
336,angelis,team_lotus,14,23,R,0.0,16,,Suspension,,,
336,jabouille,renault,13,24,R,0.0,4,,Engine,,,
338,jabouille,renault,2,1,1,9.0,54,1:26:15.730,Finished,,,
338,jones,williams,3,2,2,6.0,54,+0.820,Finished,,,
338,reutemann,williams,4,3,3,4.0,54,+19.360,Finished,,,
338,laffite,ligier,5,4,4,3.0,54,+42.020,Finished,,,
338,piquet,brabham,7,5,5,2.0,54,+1:02.810,Finished,,,
338,angelis,team_lotus,9,6,6,1.0,54,+1:02.810,Finished,,,
338,prost,mclaren,12,7,7,0.0,54,+1:33.410,Finished,,,
338,gilles_villeneuve,ferrari,15,8,8,0.0,53,,+1 Lap,,,
338,arnoux,renault,1,9,9,0.0,53,,+1 Lap,,,
338,rebaque,brabham,14,10,10,0.0,53,,+1 Lap,,,
338,emerson_fittipaldi,fittipaldi,23,11,11,0.0,53,,+1 Lap,,,
338,surer,ats,16,12,12,0.0,53,,+1 Lap,,,
338,scheckter,ferrari,22,13,13,0.0,53,,+1 Lap,,,
338,patrese,arrows,18,14,14,0.0,53,,+1 Lap,,,
338,keegan,williams,20,15,15,0.0,52,,+2 Laps,,,
338,keke_rosberg,fittipaldi,11,16,16,0.0,52,,+2 Laps,,,
338,mansell,team_lotus,24,17,R,0.0,40,,Engine,,,
338,watson,mclaren,21,18,R,0.0,34,,Engine,,,
338,giacomelli,alfa,8,19,R,0.0,28,,Wheel,,,
338,pironi,ligier,13,20,R,0.0,25,,Handling,,,
338,jarier,tyrrell,6,21,R,0.0,25,,Electrical,,,
338,cheever,osella,19,22,R,0.0,23,,Wheel bearing,,,
338,daly,tyrrell,10,23,R,0.0,12,,Brakes,,,
338,mario_andretti,team_lotus,17,24,R,0.0,6,,Engine,,,
340,piquet,brabham,5,1,1,9.0,60,1:38:07.520,Finished,,,
340,jones,williams,6,2,2,6.0,60,+28.930,Finished,,,
340,reutemann,williams,3,3,3,4.0,60,+1:13.670,Finished,,,
340,angelis,team_lotus,18,4,4,3.0,59,,+1 Lap,,,
340,keke_rosberg,fittipaldi,11,5,5,2.0,59,,+1 Lap,,,
340,pironi,ligier,13,6,6,1.0,59,,+1 Lap,,,
340,prost,mclaren,24,7,7,0.0,59,,+1 Lap,,,
340,scheckter,ferrari,16,8,8,0.0,59,,+1 Lap,,,
340,laffite,ligier,20,9,9,0.0,59,,+1 Lap,,,
340,arnoux,renault,1,10,10,0.0,58,,+2 Laps,,,
340,keegan,williams,21,11,11,0.0,58,,+2 Laps,,,
340,cheever,osella,17,12,12,0.0,57,,+3 Laps,,,
340,jarier,tyrrell,12,13,13,0.0,54,,Brakes,,,
340,jabouille,renault,2,14,R,0.0,53,,Gearbox,,,
340,surer,ats,23,15,R,0.0,45,,Engine,,,
340,mario_andretti,team_lotus,10,16,R,0.0,40,,Engine,,,
340,patrese,arrows,7,17,R,0.0,38,,Engine,,,
340,daly,tyrrell,22,18,R,0.0,33,,Accident,,,
340,watson,mclaren,14,19,R,0.0,20,,Wheel bearing,,,
340,rebaque,brabham,9,20,R,0.0,18,,Suspension,,,
340,emerson_fittipaldi,fittipaldi,15,21,R,0.0,17,,Accident,,,
340,gilles_villeneuve,ferrari,8,22,R,0.0,5,,Puncture,,,
340,giacomelli,alfa,4,23,R,0.0,5,,Puncture,,,
340,brambilla,alfa,19,24,R,0.0,4,,Spun off,,,
343,jones,williams,2,1,1,9.0,80,1:50:41.330,Finished,,,
343,reutemann,williams,3,2,2,6.0,80,+9.190,Finished,,,
343,piquet,brabham,4,3,3,4.0,80,+34.920,Finished,,,
343,mario_andretti,alfa,6,4,4,3.0,80,+49.310,Finished,,,
343,cheever,tyrrell,8,5,5,2.0,80,+1:06.700,Finished,,,
343,tambay,theodore,17,6,6,1.0,79,,+1 Lap,,,
343,serra,fittipaldi,18,7,7,0.0,78,,+2 Laps,,,
343,arnoux,renault,20,8,8,0.0,77,,+3 Laps,,,
343,surer,ensign,19,9,R,0.0,70,,Fuel system,,,
343,pironi,ferrari,11,10,R,0.0,67,,Fuel system,,,
343,jarier,ligier,10,11,R,0.0,64,,Fuel pump,,,
343,rebaque,brabham,15,12,R,0.0,49,,Accident,,,
343,giacomelli,alfa,9,13,R,0.0,41,,Collision,,,
343,laffite,ligier,12,14,R,0.0,41,,Collision,,,
343,keke_rosberg,fittipaldi,16,15,R,0.0,41,,Engine,,,
343,lammers,ats,21,16,R,0.0,41,,Collision,,,
343,patrese,arrows,1,17,R,0.0,33,,Fuel system,,,
343,gabbiani,osella,24,18,R,0.0,26,,Accident,,,
343,mansell,team_lotus,7,19,R,0.0,25,,Accident,,,
343,gilles_villeneuve,ferrari,5,20,R,0.0,17,,Halfshaft,,,
343,watson,mclaren,23,21,R,0.0,16,,Brakes,,,
343,angelis,team_lotus,13,22,R,0.0,13,,Accident,,,
343,prost,renault,14,23,R,0.0,0,,Collision,,,
343,cesaris,mclaren,22,24,R,0.0,0,,Collision,,,
346,piquet,brabham,5,1,1,9.0,60,1:51:23.970,Finished,,,
346,patrese,arrows,9,2,2,6.0,60,+4.580,Finished,,,
346,reutemann,williams,2,3,3,4.0,60,+6.340,Finished,,,
346,rebaque,brabham,13,4,4,3.0,60,+22.890,Finished,,,
346,pironi,ferrari,6,5,5,2.0,60,+25.870,Finished,,,
346,cesaris,mclaren,14,6,6,1.0,60,+1:06.610,Finished,,,
346,gilles_villeneuve,ferrari,1,7,7,0.0,60,+1:41.970,Finished,,,
346,arnoux,renault,3,8,8,0.0,59,,+1 Lap,,,
346,surer,ensign,21,9,9,0.0,59,,+1 Lap,,,
346,watson,mclaren,7,10,10,0.0,58,,+2 Laps,,,
346,tambay,theodore,16,11,11,0.0,58,,+2 Laps,,,
346,jones,williams,8,12,12,0.0,58,,+2 Laps,,,
346,borgudd,ats,24,13,13,0.0,57,,+3 Laps,,,
346,jabouille,ligier,18,14,R,0.0,45,,Not classified,,,
346,salazar,march,23,15,R,0.0,38,,Spun off,,,
346,alboreto,tyrrell,17,16,R,0.0,31,,Collision,,,
346,gabbiani,osella,20,17,R,0.0,31,,Collision,,,
346,giacomelli,alfa,11,18,R,0.0,28,,Collision,,,
346,cheever,tyrrell,19,19,R,0.0,28,,Collision,,,
346,mario_andretti,alfa,12,20,R,0.0,26,,Gearbox,,,
346,keke_rosberg,fittipaldi,15,21,R,0.0,14,,Engine,,,
346,laffite,ligier,10,22,R,0.0,7,,Suspension,,,
346,prost,renault,4,23,R,0.0,3,,Gearbox,,,
346,guerra,osella,22,24,R,0.0,0,,Accident,,,
346,lammers,ats,0,27,R,0.0,0,,Retired,,,
346,angelis,team_lotus,0,31,W,0.0,0,,Withdrew,,,
346,mansell,team_lotus,0,32,W,0.0,0,,Withdrew,,,
347,reutemann,williams,1,1,1,9.0,54,1:16:31.610,Finished,,,
347,laffite,ligier,9,2,2,6.0,54,+36.060,Finished,,,
347,mansell,team_lotus,10,3,3,4.0,54,+43.690,Finished,,,
347,gilles_villeneuve,ferrari,7,4,4,3.0,54,+47.640,Finished,,,
347,angelis,team_lotus,14,5,5,2.0,54,+49.200,Finished,,,
347,cheever,tyrrell,8,6,6,1.0,54,+52.510,Finished,,,
347,watson,mclaren,5,7,7,0.0,54,+1:01.660,Finished,,,
347,pironi,ferrari,3,8,8,0.0,54,+1:32.040,Finished,,,
347,giacomelli,alfa,17,9,9,0.0,54,+1:35.580,Finished,,,
347,mario_andretti,alfa,18,10,10,0.0,53,,+1 Lap,,,
347,surer,ensign,15,11,11,0.0,52,,+2 Laps,,,
347,alboreto,tyrrell,19,12,12,0.0,52,,+2 Laps,,,
347,ghinzani,osella,24,13,13,0.0,50,,+4 Laps,,,
347,rebaque,brabham,21,14,R,0.0,39,,Accident,,,
347,jabouille,ligier,16,15,R,0.0,35,,Transmission,,,
347,serra,fittipaldi,20,16,R,0.0,29,,Engine,,,
347,gabbiani,osella,22,17,R,0.0,22,,Engine,,,
347,jones,williams,6,18,R,0.0,19,,Accident,,,
347,cesaris,mclaren,23,19,R,0.0,11,,Gearbox,,,
347,piquet,brabham,2,20,R,0.0,10,,Accident,,,
347,keke_rosberg,fittipaldi,11,21,R,0.0,10,,Gearbox,,,
347,prost,renault,12,22,R,0.0,2,,Clutch,,,
347,patrese,arrows,4,23,R,0.0,0,,Collision,,,
347,stohr,arrows,13,24,R,0.0,0,,Collision,,,
348,gilles_villeneuve,ferrari,2,1,1,9.0,76,1:54:23.380,Finished,,,
348,jones,williams,7,2,2,6.0,76,+39.910,Finished,,,
348,laffite,ligier,8,3,3,4.0,76,+1:29.240,Finished,,,
348,pironi,ferrari,17,4,4,3.0,75,,+1 Lap,,,
348,cheever,tyrrell,15,5,5,2.0,74,,+2 Laps,,,
348,surer,ensign,19,6,6,1.0,74,,+2 Laps,,,
348,tambay,theodore,16,7,7,0.0,72,,+4 Laps,,,
348,piquet,brabham,1,8,R,0.0,53,,Spun off,,,
348,watson,mclaren,10,9,R,0.0,52,,Engine,,,
348,alboreto,tyrrell,20,10,R,0.0,50,,Collision,,,
348,giacomelli,alfa,18,11,R,0.0,50,,Collision,,,
348,prost,renault,9,12,R,0.0,45,,Engine,,,
348,reutemann,williams,4,13,R,0.0,33,,Gearbox,,,
348,angelis,team_lotus,6,14,R,0.0,32,,Engine,,,
348,arnoux,renault,13,15,R,0.0,32,,Spun off,,,
348,patrese,arrows,5,16,R,0.0,29,,Gearbox,,,
348,mansell,team_lotus,3,17,R,0.0,15,,Suspension,,,
348,stohr,arrows,14,18,R,0.0,14,,Fuel system,,,
348,cesaris,mclaren,11,19,R,0.0,0,,Collision,,,
348,mario_andretti,alfa,12,20,R,0.0,0,,Collision,,,
349,gilles_villeneuve,ferrari,7,1,1,9.0,80,1:46:35.010,Finished,,,
349,laffite,ligier,1,2,2,6.0,80,+0.220,Finished,,,
349,watson,mclaren,4,3,3,4.0,80,+0.580,Finished,,,
349,reutemann,williams,3,4,4,3.0,80,+1.010,Finished,,,
349,angelis,team_lotus,10,5,5,2.0,80,+1.240,Finished,,,
349,mansell,team_lotus,11,6,6,1.0,80,+28.580,Finished,,,
349,jones,williams,2,7,7,0.0,80,+56.580,Finished,,,
349,mario_andretti,alfa,8,8,8,0.0,80,+1:00.800,Finished,,,
349,arnoux,renault,17,9,9,0.0,80,+1:07.080,Finished,,,
349,giacomelli,alfa,6,10,10,0.0,80,+1:13.650,Finished,,,
349,serra,fittipaldi,21,11,11,0.0,79,,+1 Lap,,,
349,keke_rosberg,fittipaldi,15,12,12,0.0,78,,+2 Laps,,,
349,tambay,theodore,16,13,13,0.0,78,,+2 Laps,,,
349,salazar,ensign,24,14,14,0.0,77,,+3 Laps,,,
349,pironi,ferrari,13,15,15,0.0,76,,+4 Laps,,,
349,daly,march,22,16,16,0.0,75,,+5 Laps,,,
349,cheever,tyrrell,20,17,R,0.0,62,,Not classified,,,
349,jabouille,ligier,19,18,R,0.0,51,,Brakes,,,
349,rebaque,brabham,18,19,R,0.0,46,,Gearbox,,,
349,stohr,arrows,23,20,R,0.0,43,,Ignition,,,
349,piquet,brabham,9,21,R,0.0,43,,Accident,,,
349,prost,renault,5,22,R,0.0,28,,Spun off,,,
349,patrese,arrows,12,23,R,0.0,21,,Brakes,,,
349,cesaris,mclaren,14,24,R,0.0,9,,Accident,,,
350,prost,renault,3,1,1,9.0,80,1:35:48.130,Finished,,,
350,watson,mclaren,2,2,2,6.0,80,+2.290,Finished,,,
350,piquet,brabham,4,3,3,4.0,80,+24.220,Finished,,,
350,arnoux,renault,1,4,4,3.0,80,+42.300,Finished,,,
350,pironi,ferrari,14,5,5,2.0,79,,+1 Lap,,,
350,angelis,team_lotus,8,6,6,1.0,79,,+1 Lap,,,
350,mansell,team_lotus,13,7,7,0.0,79,,+1 Lap,,,
350,mario_andretti,alfa,10,8,8,0.0,79,,+1 Lap,,,
350,rebaque,brabham,15,9,9,0.0,78,,+2 Laps,,,
350,reutemann,williams,7,10,10,0.0,78,,+2 Laps,,,
350,cesaris,mclaren,5,11,11,0.0,78,,+2 Laps,,,
350,surer,theodore,21,12,12,0.0,78,,+2 Laps,,,
350,cheever,tyrrell,19,13,13,0.0,77,,+3 Laps,,,
350,patrese,arrows,18,14,14,0.0,77,,+3 Laps,,,
350,giacomelli,alfa,12,15,15,0.0,77,,+3 Laps,,,
350,alboreto,tyrrell,23,16,16,0.0,77,,+3 Laps,,,
350,jones,williams,9,17,17,0.0,76,,Collision,,,
350,laffite,ligier,6,18,R,0.0,57,,Suspension,,,
350,daly,march,20,19,R,0.0,55,,Engine,,,
350,gilles_villeneuve,ferrari,11,20,R,0.0,41,,Electrical,,,
350,tambay,ligier,16,21,R,0.0,30,,Wheel bearing,,,
350,keke_rosberg,fittipaldi,17,22,R,0.0,11,,Suspension,,,
350,salazar,ensign,22,23,R,0.0,6,,Suspension,,,
350,serra,fittipaldi,24,24,W,0.0,0,,Withdrew,,,
353,laffite,ligier,4,1,1,9.0,53,1:27:36.470,Finished,,,
353,arnoux,renault,1,2,2,6.0,53,+5.170,Finished,,,
353,piquet,brabham,7,3,3,4.0,53,+7.340,Finished,,,
353,jones,williams,6,4,4,3.0,53,+12.040,Finished,,,
353,reutemann,williams,5,5,5,2.0,53,+31.850,Finished,,,
353,watson,mclaren,12,6,6,1.0,53,+1:31.140,Finished,,,
353,angelis,team_lotus,9,7,7,0.0,52,,+1 Lap,,,
353,cesaris,mclaren,18,8,8,0.0,52,,+1 Lap,,,
353,pironi,ferrari,8,9,9,0.0,52,,+1 Lap,,,
353,jarier,osella,14,10,10,0.0,51,,+2 Laps,,,
353,daly,march,19,11,11,0.0,47,,+6 Laps,,,
353,mario_andretti,alfa,13,12,R,0.0,46,,Engine,,,
353,borgudd,ats,21,13,R,0.0,44,,Brakes,,,
353,patrese,arrows,10,14,R,0.0,43,,Engine,,,
353,salazar,ensign,20,15,R,0.0,43,,Oil pressure,,,
353,alboreto,tyrrell,22,16,R,0.0,40,,Gearbox,,,
353,giacomelli,alfa,16,17,R,0.0,35,,Heat shield fire,,,
353,rebaque,brabham,15,18,R,0.0,32,,Clutch,,,
353,stohr,arrows,24,19,R,0.0,27,,Overheating,,,
353,prost,renault,2,20,R,0.0,26,,Suspension,,,
353,tambay,ligier,17,21,R,0.0,26,,Engine,,,
353,mansell,team_lotus,11,22,R,0.0,23,,Engine,,,
353,gilles_villeneuve,ferrari,3,23,R,0.0,11,,Accident,,,
353,surer,theodore,23,24,R,0.0,0,,Distributor,,,
354,prost,renault,1,1,1,9.0,72,1:40:22.430,Finished,,,
354,piquet,brabham,3,2,2,6.0,72,+8.240,Finished,,,
354,jones,williams,4,3,3,4.0,72,+35.500,Finished,,,
354,rebaque,brabham,15,4,4,3.0,71,,+1 Lap,,,
354,angelis,team_lotus,9,5,5,2.0,71,,+1 Lap,,,
354,salazar,ensign,24,6,6,1.0,70,,+2 Laps,,,
354,stohr,arrows,21,7,7,0.0,69,,+3 Laps,,,
354,surer,theodore,20,8,8,0.0,69,,+3 Laps,,,
354,alboreto,tyrrell,25,9,9,0.0,68,,Engine,,,
354,borgudd,ats,23,10,10,0.0,68,,+4 Laps,,,
354,mario_andretti,alfa,7,11,R,0.0,62,,Accident,,,
354,watson,mclaren,8,12,R,0.0,50,,Ignition,,,
354,cheever,tyrrell,22,13,R,0.0,46,,Suspension,,,
354,jarier,osella,18,14,R,0.0,29,,Transmission,,,
354,arnoux,renault,2,15,R,0.0,21,,Engine,,,
354,giacomelli,alfa,14,16,R,0.0,19,,Tyre,,,
354,laffite,ligier,6,17,R,0.0,18,,Collision,,,
354,reutemann,williams,5,18,R,0.0,18,,Collision,,,
354,patrese,arrows,10,19,R,0.0,16,,Suspension,,,
354,daly,march,19,20,R,0.0,5,,Suspension,,,
354,pironi,ferrari,12,21,R,0.0,4,,Collision,,,
354,mansell,team_lotus,17,22,R,0.0,1,,Engine,,,
354,tambay,ligier,11,23,R,0.0,1,,Collision,,,
354,gilles_villeneuve,ferrari,16,24,R,0.0,0,,Collision,,,
354,cesaris,mclaren,0,25,W,0.0,0,,Withdrew,,,
358,prost,renault,5,1,1,9.0,77,1:32:08.401,Finished,,,
358,reutemann,williams,8,2,2,6.0,77,+14.946,Finished,,,
358,arnoux,renault,1,3,3,4.0,77,+27.900,Finished,,,
358,lauda,mclaren,13,4,4,3.0,77,+32.113,Finished,,,
358,keke_rosberg,williams,7,5,5,2.0,77,+43.139,Finished,,,
358,watson,mclaren,9,6,6,1.0,77,+50.993,Finished,,,
358,alboreto,tyrrell,10,7,7,0.0,76,,+1 Lap,,,
358,angelis,team_lotus,15,8,8,0.0,76,,+1 Lap,,,
358,salazar,ats,12,9,9,0.0,75,,+2 Laps,,,
358,manfred_winkelhock,ats,20,10,10,0.0,75,,+2 Laps,,,
358,giacomelli,alfa,19,11,11,0.0,74,,+3 Laps,,,
358,mass,march,22,12,12,0.0,74,,+3 Laps,,,
358,cesaris,alfa,16,13,13,0.0,73,,+4 Laps,,,
358,daly,theodore,24,14,14,0.0,73,,+4 Laps,,,
358,boesel,march,21,15,15,0.0,72,,+5 Laps,,,
358,borgudd,tyrrell,23,16,16,0.0,72,,+5 Laps,,,
358,serra,fittipaldi,25,17,17,0.0,72,,+5 Laps,,,
358,pironi,ferrari,6,18,18,0.0,71,,+6 Laps,,,
358,laffite,ligier,11,19,R,0.0,54,,Fuel system,,,
358,warwick,toleman,14,20,R,0.0,43,,Accident,,,
358,patrese,brabham,4,21,R,0.0,18,,Turbo,,,
358,cheever,ligier,17,22,R,0.0,11,,Fuel system,,,
358,gilles_villeneuve,ferrari,3,23,R,0.0,6,,Turbo,,,
358,piquet,brabham,2,24,R,0.0,3,,Spun off,,,
358,mansell,team_lotus,18,25,R,0.0,0,,Electrical,,,
358,jarier,osella,26,26,R,0.0,0,,Collision,,,
360,lauda,mclaren,2,1,1,9.0,75,1:58:25.318,Finished,,,
360,keke_rosberg,williams,8,2,2,6.0,75,+14.660,Finished,,,
360,patrese,brabham,18,3,3,4.0,75,+1:19.143,Finished,,,
360,alboreto,tyrrell,12,4,4,3.0,75,+1:20.947,Finished,,,
360,angelis,team_lotus,16,5,5,2.0,74,,+1 Lap,,,
360,watson,mclaren,11,6,6,1.0,74,,+1 Lap,,,
360,mansell,team_lotus,17,7,7,0.0,73,,+2 Laps,,,
360,mass,march,21,8,8,0.0,73,,+2 Laps,,,
360,boesel,march,23,9,9,0.0,70,,+5 Laps,,,
360,borgudd,tyrrell,24,10,10,0.0,68,,+7 Laps,,,
360,gilles_villeneuve,ferrari,7,11,D,0.0,75,,Disqualified,,,
360,cheever,ligier,13,12,R,0.0,59,,Gearbox,,,
360,cesaris,alfa,1,13,R,0.0,33,,Spun off,,,
360,henton,arrows,20,14,R,0.0,32,,Spun off,,,
360,guerrero,ensign,19,15,R,0.0,27,,Spun off,,,
360,laffite,ligier,15,16,R,0.0,26,,Spun off,,,
360,jarier,osella,10,17,R,0.0,26,,Transmission,,,
360,piquet,brabham,6,18,R,0.0,25,,Spun off,,,
360,daly,theodore,22,19,R,0.0,23,,Spun off,,,
360,mario_andretti,williams,14,20,R,0.0,19,,Collision,,,
360,prost,renault,4,21,R,0.0,10,,Spun off,,,
360,pironi,ferrari,9,22,R,0.0,6,,Spun off,,,
360,arnoux,renault,3,23,R,0.0,5,,Collision,,,
360,giacomelli,alfa,5,24,R,0.0,5,,Collision,,,
360,salazar,ats,26,25,R,0.0,3,,Collision,,,
360,manfred_winkelhock,ats,25,26,R,0.0,1,,Collision,,,
363,patrese,brabham,2,1,1,9.0,76,1:54:11.259,Finished,,,
363,pironi,ferrari,5,2,2,6.0,75,,Out of fuel,,,
363,cesaris,alfa,7,3,3,4.0,75,,Out of fuel,,,
363,mansell,team_lotus,11,4,4,3.0,75,,+1 Lap,,,
363,angelis,team_lotus,15,5,5,2.0,75,,+1 Lap,,,
363,daly,williams,8,6,6,1.0,74,,Gearbox,,,
363,prost,renault,4,7,7,0.0,73,,Spun off,,,
363,henton,tyrrell,17,8,8,0.0,72,,+4 Laps,,,
363,surer,arrows,19,9,9,0.0,70,,+6 Laps,,,
363,alboreto,tyrrell,9,10,10,0.0,69,,Suspension,,,
363,keke_rosberg,williams,6,11,R,0.0,64,,Collision,,,
363,lauda,mclaren,12,12,R,0.0,56,,Engine,,,
363,piquet,brabham,13,13,R,0.0,49,,Turbo,,,
363,watson,mclaren,10,14,R,0.0,35,,Electrical,,,
363,manfred_winkelhock,ats,14,15,R,0.0,31,,Differential,,,
363,laffite,ligier,18,16,R,0.0,29,,Handling,,,
363,cheever,ligier,16,17,R,0.0,27,,Oil leak,,,
363,salazar,ats,20,18,R,0.0,22,,Mechanical,,,
363,arnoux,renault,1,19,R,0.0,14,,Spun off,,,
363,giacomelli,alfa,3,20,R,0.0,4,,Halfshaft,,,
365,piquet,brabham,4,1,1,9.0,70,1:46:39.577,Finished,,,
365,patrese,brabham,8,2,2,6.0,70,+13.799,Finished,,,
365,watson,mclaren,6,3,3,4.0,70,+1:01.836,Finished,,,
365,angelis,team_lotus,10,4,4,3.0,69,,+1 Lap,,,
365,surer,arrows,16,5,5,2.0,69,,+1 Lap,,,
365,cesaris,alfa,9,6,6,1.0,68,,Out of fuel,,,
365,daly,williams,13,7,7,0.0,68,,Out of fuel,,,
365,baldi,arrows,17,8,8,0.0,68,,+2 Laps,,,
365,pironi,ferrari,1,9,9,0.0,67,,+3 Laps,,,
365,cheever,ligier,12,10,10,0.0,66,,Out of fuel,,,
365,mass,march,22,11,11,0.0,66,,+4 Laps,,,
365,henton,tyrrell,26,12,R,0.0,59,,Not classified,,,
365,keke_rosberg,williams,7,13,R,0.0,52,,Gearbox,,,
365,boesel,march,21,14,R,0.0,47,,Engine,,,
365,alboreto,tyrrell,15,15,R,0.0,41,,Engine,,,
365,prost,renault,3,16,R,0.0,30,,Engine,,,
365,arnoux,renault,2,17,R,0.0,28,,Spun off,,,
365,salazar,ats,24,18,R,0.0,20,,Engine,,,
365,lauda,mclaren,11,19,R,0.0,17,,Clutch,,,
365,laffite,ligier,19,20,R,0.0,8,,Fuel system,,,
365,guerrero,ensign,20,21,R,0.0,7,,Clutch,,,
365,giacomelli,alfa,5,22,R,0.0,2,,Collision,,,
365,mansell,team_lotus,14,23,R,0.0,2,,Collision,,,
365,jarier,osella,18,24,W,0.0,0,,Withdrew,,,
365,paletti,osella,23,25,R,0.0,0,,Fatal accident,,,
365,lees,theodore,25,26,R,0.0,0,,Collision,,,
368,arnoux,renault,1,1,1,9.0,54,1:33:33.217,Finished,,,
368,prost,renault,2,2,2,6.0,54,+17.308,Finished,,,
368,pironi,ferrari,3,3,3,4.0,54,+42.128,Finished,,,
368,tambay,ferrari,5,4,4,3.0,54,+1:16.241,Finished,,,
368,keke_rosberg,williams,10,5,5,2.0,54,+1:30.994,Finished,,,
368,alboreto,tyrrell,15,6,6,1.0,54,+1:32.339,Finished,,,
368,daly,williams,11,7,7,0.0,53,,+1 Lap,,,
368,lauda,mclaren,9,8,8,0.0,53,,+1 Lap,,,
368,giacomelli,alfa,8,9,9,0.0,53,,+1 Lap,,,
368,henton,tyrrell,23,10,10,0.0,53,,+1 Lap,,,
368,manfred_winkelhock,ats,18,11,11,0.0,52,,+2 Laps,,,
368,lees,team_lotus,24,12,12,0.0,52,,+2 Laps,,,
368,surer,arrows,20,13,13,0.0,52,,+2 Laps,,,
368,laffite,ligier,16,14,14,0.0,51,,+3 Laps,,,
368,warwick,toleman,14,15,15,0.0,50,,+4 Laps,,,
368,cheever,ligier,19,16,16,0.0,49,,+5 Laps,,,
368,cesaris,alfa,7,17,R,0.0,25,,Spun off,,,
368,piquet,brabham,6,18,R,0.0,23,,Engine,,,
368,angelis,team_lotus,13,19,R,0.0,17,,Fuel system,,,
368,watson,mclaren,12,20,R,0.0,13,,Electrical,,,
368,mass,march,26,21,R,0.0,10,,Spun off,,,
368,baldi,arrows,25,22,R,0.0,10,,Collision,,,
368,patrese,brabham,4,23,R,0.0,8,,Engine,,,
368,salazar,ats,22,24,R,0.0,2,,Spun off,,,
368,jarier,osella,17,25,R,0.0,0,,Halfshaft,,,
368,fabi,toleman,21,26,R,0.0,0,,Electrical,,,
370,angelis,team_lotus,7,1,1,9.0,53,1:25:02.212,Finished,,,
370,keke_rosberg,williams,6,2,2,6.0,53,+0.050,Finished,,,
370,laffite,ligier,14,3,3,4.0,52,,+1 Lap,,,
370,tambay,ferrari,4,4,4,3.0,52,,+1 Lap,,,
370,lauda,mclaren,10,5,5,2.0,52,,+1 Lap,,,
370,baldi,arrows,23,6,6,1.0,52,,+1 Lap,,,
370,serra,fittipaldi,20,7,7,0.0,51,,+2 Laps,,,
370,prost,renault,3,8,8,0.0,48,,Injection,,,
370,watson,mclaren,18,9,9,0.0,44,,Engine,,,
370,henton,tyrrell,19,10,R,0.0,32,,Engine,,,
370,piquet,brabham,1,11,R,0.0,31,,Electrical,,,
370,byrne,theodore,26,12,R,0.0,28,,Spun off,,,
370,surer,arrows,21,13,R,0.0,28,,Engine,,,
370,patrese,brabham,2,14,R,0.0,27,,Engine,,,
370,cheever,ligier,22,15,R,0.0,22,,Engine,,,
370,mansell,team_lotus,12,16,R,0.0,17,,Engine,,,
370,arnoux,renault,5,17,R,0.0,16,,Injection,,,
370,manfred_winkelhock,ats,25,18,R,0.0,15,,Spun off,,,
370,warwick,toleman,15,19,R,0.0,7,,Suspension,,,
370,fabi,toleman,17,20,R,0.0,7,,Transmission,,,
370,guerrero,ensign,16,21,R,0.0,6,,Spun off,,,
370,alboreto,tyrrell,8,22,R,0.0,1,,Spun off,,,
370,keegan,march,24,23,R,0.0,1,,Steering,,,
370,daly,williams,9,24,R,0.0,0,,Collision,,,
370,cesaris,alfa,11,25,R,0.0,0,,Collision,,,
370,giacomelli,alfa,13,26,R,0.0,0,,Collision,,,
373,alboreto,tyrrell,3,1,1,9.0,75,1:41:56.888,Finished,,,
373,watson,mclaren,9,2,2,6.0,75,+27.292,Finished,,,
373,cheever,ligier,4,3,3,4.0,75,+56.450,Finished,,,
373,prost,renault,1,4,4,3.0,75,+1:08.648,Finished,,,
373,keke_rosberg,williams,6,5,5,2.0,75,+1:11.375,Finished,,,
373,daly,williams,14,6,6,1.0,74,,+1 Lap,,,
373,surer,arrows,17,7,7,0.0,74,,+1 Lap,,,
373,henton,tyrrell,19,8,8,0.0,74,,+1 Lap,,,
373,cesaris,alfa,18,9,9,0.0,73,,+2 Laps,,,
373,giacomelli,alfa,16,10,10,0.0,73,,+2 Laps,,,
373,baldi,arrows,23,11,11,0.0,73,,+2 Laps,,,
373,keegan,march,25,12,12,0.0,73,,+2 Laps,,,
373,boesel,march,24,13,13,0.0,69,,+6 Laps,,,
373,manfred_winkelhock,ats,22,14,R,0.0,62,,Not classified,,,
373,lauda,mclaren,13,15,R,0.0,53,,Engine,,,
373,byrne,theodore,26,16,R,0.0,39,,Spun off,,,
373,warwick,toleman,10,17,R,0.0,32,,Spark plugs,,,
373,angelis,team_lotus,20,18,R,0.0,28,,Engine,,,
373,mario_andretti,ferrari,7,19,R,0.0,26,,Suspension,,,
373,piquet,brabham,12,20,R,0.0,26,,Spark plugs,,,
373,arnoux,renault,2,21,R,0.0,20,,Engine,,,
373,patrese,brabham,5,22,R,0.0,17,,Clutch,,,
373,mansell,team_lotus,21,23,R,0.0,8,,Collision,,,
373,laffite,ligier,11,24,R,0.0,5,,Ignition,,,
373,tambay,ferrari,8,25,W,0.0,0,,Withdrew,,,
373,guerrero,ensign,15,26,W,0.0,0,,Engine,,,
373,jarier,osella,27,27,W,0.0,0,,Accident,,,
377,tambay,ferrari,3,1,1,9.0,60,1:37:52.460,Finished,,,
377,prost,renault,4,2,2,6.0,60,+48.781,Finished,,,
377,arnoux,ferrari,1,3,3,4.0,59,,+1 Lap,,,
377,keke_rosberg,williams,11,4,4,3.0,59,,+1 Lap,,,
377,watson,mclaren,24,5,5,2.0,59,,+1 Lap,,,
377,surer,arrows,12,6,6,1.0,59,,+1 Lap,,,
377,laffite,williams,16,7,7,0.0,59,,+1 Lap,,,
377,serra,arrows,20,8,8,0.0,58,,+2 Laps,,,
377,boesel,ligier,25,9,9,0.0,58,,+2 Laps,,,
377,baldi,alfa,10,10,10,0.0,57,,Engine,,,
377,manfred_winkelhock,ats,7,11,11,0.0,57,,+3 Laps,,,
377,mansell,team_lotus,15,12,12,0.0,56,,Spun off,,,
377,patrese,brabham,5,13,R,0.0,54,,Spun off,,,
377,cesaris,alfa,8,14,R,0.0,45,,Ignition,,,
377,angelis,team_lotus,9,15,R,0.0,43,,Handling,,,
377,piquet,brabham,2,16,R,0.0,41,,Engine,,,
377,jarier,ligier,19,17,R,0.0,39,,Radiator,,,
377,sullivan,tyrrell,22,18,R,0.0,37,,Collision,,,
377,warwick,toleman,14,19,R,0.0,27,,Spun off,,,
377,corrado_fabi,osella,26,20,R,0.0,20,,Spun off,,,
377,giacomelli,toleman,17,21,R,0.0,20,,Suspension,,,
377,lauda,mclaren,18,22,R,0.0,11,,Spun off,,,
377,cecotto,theodore,23,23,R,0.0,11,,Spun off,,,
377,alboreto,tyrrell,13,24,R,0.0,10,,Collision,,,
377,guerrero,theodore,21,25,R,0.0,3,,Spun off,,,
377,cheever,renault,6,26,R,0.0,1,,Turbo,,,
379,prost,renault,1,1,1,9.0,40,1:27:11.502,Finished,,,
379,tambay,ferrari,2,2,2,6.0,40,+23.182,Finished,,,
379,cheever,renault,8,3,3,4.0,40,+39.869,Finished,,,
379,piquet,brabham,4,4,4,3.0,40,+42.295,Finished,,,
379,keke_rosberg,williams,9,5,5,2.0,40,+50.480,Finished,,,
379,laffite,williams,11,6,6,1.0,40,+1:33.107,Finished,,,
379,warwick,toleman,22,7,7,0.0,40,+1:58.539,Finished,,,
379,giacomelli,toleman,16,8,8,0.0,40,+2:38.273,Finished,,,
379,angelis,team_lotus,13,9,9,0.0,39,,+1 Lap,,,
379,cecotto,theodore,25,10,10,0.0,39,,+1 Lap,,,
379,surer,arrows,10,11,11,0.0,39,,+1 Lap,,,
379,sullivan,tyrrell,23,12,12,0.0,39,,+1 Lap,,,
379,boesel,ligier,26,13,13,0.0,39,,+1 Lap,,,
379,alboreto,tyrrell,17,14,14,0.0,38,,+2 Laps,,,
379,lauda,mclaren,15,15,R,0.0,33,,Gearbox,,,
379,mansell,team_lotus,19,16,R,0.0,30,,Gearbox,,,
379,cesaris,alfa,3,17,R,0.0,25,,Injection,,,
379,guerrero,theodore,14,18,R,0.0,23,,Engine,,,
379,arnoux,ferrari,5,19,R,0.0,22,,Engine,,,
379,corrado_fabi,osella,24,20,R,0.0,19,,Wheel,,,
379,manfred_winkelhock,ats,7,21,R,0.0,18,,Wheel,,,
379,watson,mclaren,20,22,R,0.0,8,,Collision,,,
379,jarier,ligier,21,23,R,0.0,8,,Collision,,,
379,boutsen,arrows,18,24,R,0.0,4,,Suspension,,,
379,baldi,alfa,12,25,R,0.0,3,,Throttle,,,
379,patrese,brabham,6,26,R,0.0,0,,Engine,,,
382,prost,renault,3,1,1,9.0,67,1:24:39.780,Finished,,,
382,piquet,brabham,6,2,2,6.0,67,+19.161,Finished,,,
382,tambay,ferrari,2,3,3,4.0,67,+26.246,Finished,,,
382,mansell,team_lotus,18,4,4,3.0,67,+38.952,Finished,,,
382,arnoux,ferrari,1,5,5,2.0,67,+58.874,Finished,,,
382,lauda,mclaren,15,6,6,1.0,66,,+1 Lap,,,
382,baldi,alfa,11,7,7,0.0,66,,+1 Lap,,,
382,cesaris,alfa,9,8,8,0.0,66,,+1 Lap,,,
382,watson,mclaren,24,9,9,0.0,66,,+1 Lap,,,
382,jarier,ligier,25,10,10,0.0,65,,+2 Laps,,,
382,keke_rosberg,williams,13,11,11,0.0,65,,+2 Laps,,,
382,laffite,williams,20,12,12,0.0,65,,+2 Laps,,,
382,alboreto,tyrrell,16,13,13,0.0,65,,+2 Laps,,,
382,sullivan,tyrrell,23,14,14,0.0,65,,+2 Laps,,,
382,boutsen,arrows,17,15,15,0.0,65,,+2 Laps,,,
382,guerrero,theodore,21,16,16,0.0,64,,+3 Laps,,,
382,surer,arrows,19,17,17,0.0,64,,+3 Laps,,,
382,manfred_winkelhock,ats,8,18,R,0.0,49,,Engine,,,
382,boesel,ligier,22,19,R,0.0,48,,Suspension,,,
382,ghinzani,osella,26,20,R,0.0,46,,Fuel system,,,
382,warwick,toleman,10,21,R,0.0,27,,Gearbox,,,
382,patrese,brabham,5,22,R,0.0,9,,Turbo,,,
382,johansson,spirit,15,23,R,0.0,5,,Fuel system,,,
382,cheever,renault,7,24,R,0.0,3,,Engine,,,
382,giacomelli,toleman,12,25,R,0.0,3,,Turbo,,,
382,angelis,team_lotus,4,26,R,0.0,1,,Turbo,,,
384,prost,renault,5,1,1,9.0,53,1:24:32.745,Finished,,,
384,arnoux,ferrari,2,2,2,6.0,53,+6.835,Finished,,,
384,piquet,brabham,4,3,3,4.0,53,+27.659,Finished,,,
384,cheever,renault,8,4,4,3.0,53,+28.395,Finished,,,
384,mansell,team_lotus,3,5,5,2.0,52,,+1 Lap,,,
384,lauda,mclaren,14,6,6,1.0,51,,+2 Laps,,,
384,jarier,ligier,20,7,7,0.0,51,,+2 Laps,,,
384,keke_rosberg,williams,15,8,8,0.0,51,,+2 Laps,,,
384,watson,mclaren,17,9,9,0.0,51,,+2 Laps,,,
384,corrado_fabi,osella,26,10,10,0.0,50,,+3 Laps,,,
384,ghinzani,osella,25,11,11,0.0,49,,+4 Laps,,,
384,johansson,spirit,16,12,12,0.0,48,,+5 Laps,,,
384,boutsen,arrows,19,13,13,0.0,48,,+5 Laps,,,
384,manfred_winkelhock,ats,13,14,R,0.0,33,,Water leak,,,
384,cesaris,alfa,11,15,R,0.0,31,,Out of fuel,,,
384,tambay,ferrari,1,16,R,0.0,30,,Ignition,,,
384,patrese,brabham,6,17,R,0.0,29,,Engine,,,
384,guerrero,theodore,21,18,R,0.0,25,,Gearbox,,,
384,laffite,williams,24,19,R,0.0,21,,Vibrations,,,
384,baldi,alfa,9,20,R,0.0,13,,Oil leak,,,
384,alboreto,tyrrell,18,21,R,0.0,8,,Collision,,,
384,warwick,toleman,10,22,R,0.0,2,,Turbo,,,
384,giacomelli,toleman,7,23,R,0.0,1,,Radiator,,,
384,angelis,team_lotus,12,24,R,0.0,0,,Collision,,,
384,surer,arrows,22,25,R,0.0,0,,Collision,,,
384,sullivan,tyrrell,23,26,R,0.0,0,,Collision,,,
386,piquet,brabham,4,1,1,9.0,52,1:23:10.880,Finished,,,
386,arnoux,ferrari,3,2,2,6.0,52,+10.212,Finished,,,
386,cheever,renault,7,3,3,4.0,52,+18.612,Finished,,,
386,tambay,ferrari,2,4,4,3.0,52,+29.023,Finished,,,
386,angelis,team_lotus,8,5,5,2.0,52,+53.680,Finished,,,
386,warwick,toleman,12,6,6,1.0,52,+1:13.348,Finished,,,
386,giacomelli,toleman,14,7,7,0.0,52,+1:33.922,Finished,,,
386,mansell,team_lotus,11,8,8,0.0,52,+1:36.035,Finished,,,
386,jarier,ligier,19,9,9,0.0,51,,+1 Lap,,,
386,surer,arrows,20,10,10,0.0,51,,+1 Lap,,,
386,keke_rosberg,williams,16,11,11,0.0,51,,+1 Lap,,,
386,cecotto,theodore,26,12,12,0.0,50,,+2 Laps,,,
386,guerrero,theodore,21,13,13,0.0,50,,+2 Laps,,,
386,corrado_fabi,osella,25,14,R,0.0,45,,Engine,,,
386,sullivan,tyrrell,22,15,R,0.0,44,,Fuel system,,,
386,boutsen,arrows,18,16,R,0.0,41,,Engine,,,
386,manfred_winkelhock,ats,9,17,R,0.0,35,,Exhaust,,,
386,alboreto,tyrrell,24,18,R,0.0,28,,Clutch,,,
386,prost,renault,5,19,R,0.0,26,,Turbo,,,
386,lauda,mclaren,13,20,R,0.0,24,,Electrical,,,
386,watson,mclaren,15,21,R,0.0,13,,Electrical,,,
386,ghinzani,osella,23,22,R,0.0,10,,Gearbox,,,
386,baldi,alfa,10,23,R,0.0,4,,Turbo,,,
386,johansson,spirit,17,24,R,0.0,4,,Distributor,,,
386,patrese,brabham,1,25,R,0.0,2,,Engine,,,
386,cesaris,alfa,6,26,R,0.0,2,,Collision,,,
388,patrese,brabham,3,1,1,9.0,77,1:33:25.708,Finished,,,
388,cesaris,alfa,9,2,2,6.0,77,+9.319,Finished,,,
388,piquet,brabham,2,3,3,4.0,77,+21.969,Finished,,,
388,warwick,toleman,13,4,4,3.0,76,,+1 Lap,,,
388,keke_rosberg,williams,6,5,5,2.0,76,,+1 Lap,,,
388,cheever,renault,14,6,6,1.0,76,,+1 Lap,,,
388,sullivan,tyrrell,19,7,7,0.0,75,,+2 Laps,,,
388,surer,arrows,22,8,8,0.0,75,,+2 Laps,,,
388,boutsen,arrows,20,9,9,0.0,74,,+3 Laps,,,
388,jarier,ligier,21,10,10,0.0,73,,+4 Laps,,,
388,lauda,mclaren,12,11,11,0.0,71,,Electrical,,,
388,acheson,ram,24,12,12,0.0,71,,+6 Laps,,,
388,mansell,team_lotus,7,13,R,0.0,68,,Not classified,,,
388,boesel,ligier,23,14,R,0.0,66,,Not classified,,,
388,alboreto,tyrrell,18,15,R,0.0,60,,Engine,,,
388,tambay,ferrari,1,16,R,0.0,56,,Turbo,,,
388,giacomelli,toleman,16,17,R,0.0,56,,Turbo,,,
388,prost,renault,5,18,R,0.0,35,,Turbo,,,
388,corrado_fabi,osella,25,19,R,0.0,28,,Engine,,,
388,angelis,team_lotus,11,20,R,0.0,20,,Engine,,,
388,watson,mclaren,15,21,D,0.0,18,,Disqualified,,,
388,arnoux,ferrari,4,22,R,0.0,9,,Engine,,,
388,baldi,alfa,17,23,R,0.0,5,,Engine,,,
388,manfred_winkelhock,ats,8,24,R,0.0,1,,Engine,,,
388,laffite,williams,10,25,R,0.0,1,,Spun off,,,
388,ghinzani,osella,26,26,R,0.0,1,,Engine,,,
391,alboreto,ferrari,1,1,1,9.0,70,1:36:32.048,Finished,,,
391,warwick,renault,4,2,2,6.0,70,+42.386,Finished,,,
391,arnoux,ferrari,2,3,3,4.0,70,+1:09.803,Finished,,,
391,keke_rosberg,williams,3,4,4,3.0,69,,Out of fuel,,,
391,angelis,team_lotus,5,5,5,2.0,69,,+1 Lap,,,
391,senna,toleman,19,6,6,1.0,68,,+2 Laps,,,
391,tambay,renault,12,7,7,0.0,68,,+2 Laps,,,
391,surer,arrows,24,8,8,0.0,68,,+2 Laps,,,
391,piquet,brabham,9,9,9,0.0,66,,Engine,,,
391,palmer,ram,26,10,10,0.0,64,,+2 Laps,,,
391,bellof,tyrrell,21,11,D,0.0,69,,Disqualified,,,
391,baldi,spirit,25,12,R,0.0,53,,Suspension,,,
391,brundle,tyrrell,22,13,D,0.0,51,,Disqualified,,,
391,cesaris,ligier,13,14,R,0.0,42,,Accident,,,
391,fabi,brabham,18,15,R,0.0,42,,Spun off,,,
391,manfred_winkelhock,ats,6,16,R,0.0,39,,Exhaust,,,
391,lauda,mclaren,14,17,R,0.0,35,,Water pump,,,
391,cheever,alfa,11,18,R,0.0,28,,Engine,,,
391,laffite,williams,15,19,R,0.0,15,,Electrical,,,
391,hesnault,ligier,23,20,R,0.0,15,,Radiator,,,
391,boutsen,arrows,17,21,R,0.0,15,,Engine,,,
391,ghinzani,osella,20,22,R,0.0,14,,Transmission,,,
391,mansell,team_lotus,10,23,R,0.0,14,,Clutch,,,
391,prost,mclaren,8,24,R,0.0,5,,Distributor,,,
391,patrese,alfa,7,25,R,0.0,2,,Ignition,,,
391,cecotto,toleman,16,26,R,0.0,1,,Clutch,,,
394,prost,mclaren,1,1,1,4.5,31,1:01:07.740,Finished,,,
394,senna,toleman,13,2,2,3.0,31,+7.446,Finished,,,
394,arnoux,ferrari,3,3,3,2.0,31,+29.077,Finished,,,
394,keke_rosberg,williams,10,4,4,1.5,31,+35.246,Finished,,,
394,angelis,team_lotus,11,5,5,1.0,31,+44.439,Finished,,,
394,alboreto,ferrari,4,6,6,0.5,30,,+1 Lap,,,
394,ghinzani,osella,19,7,7,0.0,30,,+1 Lap,,,
394,laffite,williams,16,8,8,0.0,30,,+1 Lap,,,
394,bellof,tyrrell,20,9,D,0.0,31,,Disqualified,,,
394,patrese,alfa,14,10,R,0.0,24,,Steering,,,
394,lauda,mclaren,8,11,R,0.0,23,,Spun off,,,
394,manfred_winkelhock,ats,12,12,R,0.0,22,,Spun off,,,
394,mansell,team_lotus,2,13,R,0.0,15,,Spun off,,,
394,piquet,brabham,9,14,R,0.0,14,,Electrical,,,
394,hesnault,ligier,17,15,R,0.0,12,,Electrical,,,
394,corrado_fabi,brabham,15,16,R,0.0,9,,Electrical,,,
394,cecotto,toleman,18,17,R,0.0,1,,Spun off,,,
394,warwick,renault,5,18,R,0.0,0,,Collision,,,
394,tambay,renault,6,19,R,0.0,0,,Collision,,,
394,cesaris,ligier,7,20,R,0.0,0,,Accident,,,
396,piquet,brabham,1,1,1,9.0,63,1:55:41.842,Finished,,,
396,angelis,team_lotus,5,2,2,6.0,63,+32.638,Finished,,,
396,fabi,brabham,23,3,3,4.0,63,+1:26.528,Finished,,,
396,prost,mclaren,2,4,4,3.0,63,+1:55.258,Finished,,,
396,laffite,williams,19,5,5,2.0,62,,+1 Lap,,,
396,brundle,tyrrell,11,6,D,0.0,63,,Disqualified,,,
396,alboreto,ferrari,4,7,R,0.0,49,,Engine,,,
396,keke_rosberg,williams,21,8,R,0.0,47,,Turbo,,,
396,warwick,renault,6,9,R,0.0,40,,Gearbox,,,
396,bellof,tyrrell,16,10,R,0.0,33,,Accident,,,
396,tambay,renault,9,11,R,0.0,33,,Transmission,,,
396,alliot,ram,20,12,R,0.0,33,,Brakes,,,
396,lauda,mclaren,10,13,R,0.0,33,,Electrical,,,
396,mansell,team_lotus,3,14,R,0.0,27,,Gearbox,,,
396,boutsen,arrows,13,15,R,0.0,27,,Engine,,,
396,cesaris,ligier,12,16,R,0.0,24,,Overheating,,,
396,cecotto,toleman,17,17,R,0.0,23,,Clutch,,,
396,cheever,alfa,8,18,R,0.0,21,,Engine,,,
396,senna,toleman,7,19,R,0.0,21,,Accident,,,
396,patrese,alfa,25,20,R,0.0,20,,Spun off,,,
396,hesnault,ligier,18,21,R,0.0,3,,Accident,,,
396,ghinzani,osella,26,22,R,0.0,3,,Accident,,,
396,arnoux,ferrari,15,23,R,0.0,2,,Accident,,,
396,palmer,ram,24,24,R,0.0,2,,Tyre,,,
396,manfred_winkelhock,ats,14,25,R,0.0,0,,Engine,,,
396,surer,arrows,22,26,R,0.0,0,,Accident,,,
399,prost,mclaren,1,1,1,9.0,44,1:24:43.210,Finished,,,
399,lauda,mclaren,7,2,2,6.0,44,+3.149,Finished,,,
399,warwick,renault,3,3,3,4.0,44,+36.423,Finished,,,
399,mansell,team_lotus,16,4,4,3.0,44,+51.663,Finished,,,
399,tambay,renault,4,5,5,2.0,44,+1:11.949,Finished,,,
399,arnoux,ferrari,10,6,6,1.0,43,,+1 Lap,,,
399,cesaris,ligier,11,7,7,0.0,43,,+1 Lap,,,
399,hesnault,ligier,17,8,8,0.0,43,,+1 Lap,,,
399,rothengatter,spirit,24,9,9,0.0,40,,+4 Laps,,,
399,johansson,tyrrell,26,10,D,0.0,42,,Disqualified,,,
399,manfred_winkelhock,ats,13,11,R,0.0,31,,Gearbox,,,
399,cheever,alfa,18,12,R,0.0,29,,Engine,,,
399,fabi,brabham,8,13,R,0.0,28,,Turbo,,,
399,piquet,brabham,5,14,R,0.0,23,,Gearbox,,,
399,patrese,alfa,20,15,R,0.0,16,,Fuel system,,,
399,ghinzani,osella,21,16,R,0.0,14,,Electrical,,,
399,gartner,osella,23,17,R,0.0,13,,Turbo,,,
399,alboreto,ferrari,6,18,R,0.0,13,,Engine,,,
399,palmer,ram,25,19,R,0.0,11,,Turbo,,,
399,keke_rosberg,williams,19,20,R,0.0,10,,Electrical,,,
399,laffite,williams,12,21,R,0.0,10,,Engine,,,
399,boutsen,arrows,15,22,R,0.0,8,,Engine,,,
399,angelis,team_lotus,2,23,R,0.0,8,,Turbo,,,
399,alliot,ram,22,24,R,0.0,7,,Overheating,,,
399,senna,toleman,9,25,R,0.0,4,,Accident,,,
399,surer,arrows,14,26,R,0.0,1,,Turbo,,,
402,lauda,mclaren,4,1,1,9.0,51,1:20:29.065,Finished,,,
402,alboreto,ferrari,11,2,2,6.0,51,+24.249,Finished,,,
402,patrese,alfa,9,3,3,4.0,50,,+1 Lap,,,
402,johansson,toleman,17,4,4,3.0,49,,+2 Laps,,,
402,gartner,osella,24,5,5,0.0,49,,+2 Laps,,,
402,berger,ats,20,6,6,0.0,49,,+2 Laps,,,
402,ghinzani,osella,22,7,7,0.0,48,,Out of fuel,,,
402,rothengatter,spirit,25,8,8,0.0,48,,+3 Laps,,,
402,cheever,alfa,10,9,9,0.0,45,,Out of fuel,,,
402,boutsen,arrows,19,10,10,0.0,45,,+6 Laps,,,
402,tambay,renault,8,11,R,0.0,43,,Throttle,,,
402,fabi,brabham,5,12,R,0.0,43,,Engine,,,
402,surer,arrows,15,13,R,0.0,43,,Engine,,,
402,warwick,renault,12,14,R,0.0,31,,Oil pressure,,,
402,palmer,ram,26,15,R,0.0,20,,Oil pressure,,,
402,piquet,brabham,1,16,R,0.0,15,,Engine,,,
402,angelis,team_lotus,3,17,R,0.0,14,,Gearbox,,,
402,mansell,team_lotus,7,18,R,0.0,13,,Spun off,,,
402,laffite,williams,13,19,R,0.0,10,,Turbo,,,
402,keke_rosberg,williams,6,20,R,0.0,8,,Turbo,,,
402,cesaris,ligier,16,21,R,0.0,7,,Engine,,,
402,hesnault,ligier,18,22,R,0.0,7,,Spun off,,,
402,alliot,ram,23,23,R,0.0,6,,Electrical,,,
402,arnoux,ferrari,14,24,R,0.0,5,,Gearbox,,,
402,prost,mclaren,2,25,R,0.0,3,,Engine,,,
402,manfred_winkelhock,ats,21,26,W,0.0,0,,Withdrew,,,
405,prost,mclaren,6,1,1,9.0,61,1:41:26.115,Finished,,,
405,alboreto,ferrari,1,2,2,6.0,61,+3.259,Finished,,,
405,angelis,team_lotus,3,3,3,4.0,60,,+1 Lap,,,
405,arnoux,ferrari,7,4,4,3.0,59,,+2 Laps,,,
405,tambay,renault,11,5,5,2.0,59,,+2 Laps,,,
405,laffite,ligier,15,6,6,1.0,59,,+2 Laps,,,
405,johansson,tyrrell,23,7,7,0.0,58,,+3 Laps,,,
405,brundle,tyrrell,21,8,8,0.0,58,,+3 Laps,,,
405,alliot,ram,20,9,9,0.0,58,,+3 Laps,,,
405,warwick,renault,10,10,10,0.0,57,,+4 Laps,,,
405,boutsen,arrows,12,11,11,0.0,57,,+4 Laps,,,
405,ghinzani,osella,22,12,12,0.0,57,,+4 Laps,,,
405,manfred_winkelhock,ram,16,13,13,0.0,57,,+4 Laps,,,
405,berger,arrows,19,14,R,0.0,51,,Suspension,,,
405,senna,team_lotus,4,15,R,0.0,48,,Electrical,,,
405,cheever,alfa,18,16,R,0.0,42,,Engine,,,
405,martini,minardi,25,17,R,0.0,41,,Engine,,,
405,lauda,mclaren,9,18,R,0.0,27,,Fuel system,,,
405,cesaris,ligier,13,19,R,0.0,26,,Accident,,,
405,patrese,alfa,14,20,R,0.0,20,,Puncture,,,
405,keke_rosberg,williams,2,21,R,0.0,10,,Turbo,,,
405,hesnault,brabham,17,22,R,0.0,9,,Accident,,,
405,mansell,williams,5,23,R,0.0,8,,Exhaust,,,
405,baldi,spirit,24,24,R,0.0,7,,Turbo,,,
405,piquet,brabham,8,25,R,0.0,2,,Transmission,,,
409,alboreto,ferrari,3,1,1,9.0,70,1:46:01.813,Finished,,,
409,johansson,ferrari,4,2,2,6.0,70,+1.957,Finished,,,
409,prost,mclaren,5,3,3,4.0,70,+4.341,Finished,,,
409,keke_rosberg,williams,8,4,4,3.0,70,+27.821,Finished,,,
409,angelis,team_lotus,1,5,5,2.0,70,+43.349,Finished,,,
409,mansell,williams,16,6,6,1.0,70,+1:17.878,Finished,,,
409,tambay,renault,10,7,7,0.0,69,,+1 Lap,,,
409,laffite,ligier,19,8,8,0.0,69,,+1 Lap,,,
409,boutsen,arrows,7,9,9,0.0,68,,+2 Laps,,,
409,patrese,alfa,13,10,10,0.0,68,,+2 Laps,,,
409,bellof,tyrrell,23,11,11,0.0,68,,+2 Laps,,,
409,brundle,tyrrell,24,12,12,0.0,68,,+2 Laps,,,
409,berger,arrows,12,13,13,0.0,67,,+3 Laps,,,
409,cesaris,ligier,15,14,14,0.0,67,,+3 Laps,,,
409,surer,brabham,20,15,15,0.0,67,,+3 Laps,,,
409,senna,team_lotus,2,16,16,0.0,65,,+5 Laps,,,
409,cheever,alfa,11,17,17,0.0,64,,+6 Laps,,,
409,martini,minardi,25,18,R,0.0,57,,Accident,,,
409,lauda,mclaren,17,19,R,0.0,37,,Engine,,,
409,ghinzani,osella,22,20,R,0.0,35,,Engine,,,
409,alliot,ram,21,21,R,0.0,28,,Accident,,,
409,warwick,renault,6,22,R,0.0,25,,Accident,,,
409,manfred_winkelhock,ram,14,23,R,0.0,5,,Accident,,,
409,fabi,toleman,18,24,R,0.0,3,,Turbo,,,
409,piquet,brabham,9,25,R,0.0,0,,Transmission,,,
412,prost,mclaren,3,1,1,9.0,65,1:18:10.436,Finished,,,
412,alboreto,ferrari,6,2,2,6.0,64,,+1 Lap,,,
412,laffite,ligier,16,3,3,4.0,64,,+1 Lap,,,
412,piquet,brabham,2,4,4,3.0,64,,+1 Lap,,,
412,warwick,renault,12,5,5,2.0,64,,+1 Lap,,,
412,surer,brabham,15,6,6,1.0,63,,+2 Laps,,,
412,brundle,tyrrell,20,7,7,0.0,63,,+2 Laps,,,
412,berger,arrows,17,8,8,0.0,63,,+2 Laps,,,
412,patrese,alfa,14,9,9,0.0,62,,+3 Laps,,,
412,senna,team_lotus,4,10,10,0.0,60,,Fuel system,,,
412,bellof,tyrrell,26,11,11,0.0,59,,+6 Laps,,,
412,lauda,mclaren,10,12,R,0.0,57,,Electrical,,,
412,boutsen,arrows,19,13,R,0.0,57,,Spun off,,,
412,cesaris,ligier,7,14,R,0.0,41,,Clutch,,,
412,martini,minardi,23,15,R,0.0,38,,Transmission,,,
412,angelis,team_lotus,8,16,R,0.0,37,,Not classified,,,
412,manfred_winkelhock,ram,18,17,R,0.0,28,,Turbo,,,
412,keke_rosberg,williams,1,18,R,0.0,21,,Exhaust,,,
412,mansell,williams,5,19,R,0.0,17,,Clutch,,,
412,cheever,alfa,22,20,R,0.0,17,,Turbo,,,
412,palmer,zakspeed,24,21,R,0.0,6,,Engine,,,
412,fabi,toleman,9,22,R,0.0,4,,Transmission,,,
412,johansson,ferrari,11,23,R,0.0,1,,Accident,,,
412,tambay,renault,13,24,R,0.0,0,,Spun off,,,
412,alliot,ram,21,25,R,0.0,0,,Accident,,,
412,ghinzani,osella,25,26,R,0.0,0,,Accident,,,
413,alboreto,ferrari,8,1,1,9.0,67,1:35:31.337,Finished,,,
413,prost,mclaren,3,2,2,6.0,67,+11.661,Finished,,,
413,laffite,ligier,13,3,3,4.0,67,+51.154,Finished,,,
413,boutsen,arrows,15,4,4,3.0,67,+55.279,Finished,,,
413,lauda,mclaren,12,5,5,2.0,67,+1:13.972,Finished,,,
413,mansell,williams,10,6,6,1.0,67,+1:16.820,Finished,,,
413,berger,arrows,17,7,7,0.0,66,,+1 Lap,,,
413,bellof,tyrrell,19,8,8,0.0,66,,+1 Lap,,,
413,johansson,ferrari,2,9,9,0.0,66,,+1 Lap,,,
413,brundle,tyrrell,26,10,10,0.0,63,,+4 Laps,,,
413,martini,minardi,27,11,11,0.0,62,,Engine,,,
413,keke_rosberg,williams,4,12,12,0.0,61,,Brakes,,,
413,cheever,alfa,18,13,R,0.0,45,,Turbo,,,
413,angelis,team_lotus,7,14,R,0.0,40,,Engine,,,
413,rothengatter,osella,25,15,R,0.0,32,,Gearbox,,,
413,fabi,toleman,1,16,R,0.0,29,,Clutch,,,
413,senna,team_lotus,5,17,R,0.0,27,,CV joint,,,
413,warwick,renault,20,18,R,0.0,25,,Ignition,,,
413,piquet,brabham,6,19,R,0.0,23,,Turbo,,,
413,tambay,renault,16,20,R,0.0,19,,Spun off,,,
413,surer,brabham,11,21,R,0.0,15,,Engine,,,
413,manfred_winkelhock,ram,22,22,R,0.0,8,,Engine,,,
413,patrese,alfa,9,23,R,0.0,8,,Gearbox,,,
413,hesnault,renault,23,24,R,0.0,8,,Clutch,,,
413,alliot,ram,21,25,R,0.0,8,,Oil pressure,,,
413,palmer,zakspeed,24,26,R,0.0,7,,Alternator,,,
413,cesaris,ligier,14,27,R,0.0,0,,Collision,,,
415,lauda,mclaren,10,1,1,9.0,70,1:32:29.263,Finished,,,
415,prost,mclaren,3,2,2,6.0,70,+0.232,Finished,,,
415,senna,team_lotus,4,3,3,4.0,70,+48.491,Finished,,,
415,alboreto,ferrari,16,4,4,3.0,70,+48.837,Finished,,,
415,angelis,team_lotus,11,5,5,2.0,69,,+1 Lap,,,
415,mansell,williams,7,6,6,1.0,69,,+1 Lap,,,
415,brundle,tyrrell,21,7,7,0.0,69,,+1 Lap,,,
415,piquet,brabham,1,8,8,0.0,69,,+1 Lap,,,
415,berger,arrows,14,9,9,0.0,68,,+2 Laps,,,
415,surer,brabham,9,10,10,0.0,65,,Exhaust,,,
415,rothengatter,osella,26,11,R,0.0,56,,Not classified,,,
415,boutsen,arrows,8,12,R,0.0,54,,Suspension,,,
415,alliot,ram,25,13,R,0.0,52,,Engine,,,
415,bellof,tyrrell,22,14,R,0.0,39,,Engine,,,
415,warwick,renault,12,15,R,0.0,27,,Gearbox,,,
415,cesaris,ligier,18,16,R,0.0,25,,Turbo,,,
415,tambay,renault,6,17,R,0.0,22,,Transmission,,,
415,keke_rosberg,williams,2,18,R,0.0,20,,Engine,,,
415,fabi,toleman,5,19,R,0.0,18,,Wheel bearing,,,
415,laffite,ligier,13,20,R,0.0,17,,Electrical,,,
415,palmer,zakspeed,23,21,R,0.0,13,,Oil pressure,,,
415,ghinzani,toleman,15,22,R,0.0,12,,Engine,,,
415,johansson,ferrari,17,23,R,0.0,9,,Engine,,,
415,martini,minardi,24,24,R,0.0,1,,Accident,,,
415,cheever,alfa,20,25,R,0.0,1,,Turbo,,,
415,patrese,alfa,19,26,R,0.0,1,,Turbo,,,
416,prost,mclaren,5,1,1,9.0,51,1:17:59.451,Finished,,,
416,piquet,brabham,4,2,2,6.0,51,+51.635,Finished,,,
416,senna,team_lotus,1,3,3,4.0,51,+1:00.390,Finished,,,
416,surer,brabham,9,4,4,3.0,51,+1:00.609,Finished,,,
416,johansson,ferrari,10,5,5,2.0,50,,+1 Lap,,,
416,angelis,team_lotus,6,6,6,1.0,50,,+1 Lap,,,
416,tambay,renault,8,7,7,0.0,50,,+1 Lap,,,
416,brundle,tyrrell,18,8,8,0.0,50,,+1 Lap,,,
416,boutsen,arrows,14,9,9,0.0,50,,+1 Lap,,,
416,streiff,ligier,19,10,10,0.0,49,,+2 Laps,,,
416,mansell,williams,3,11,11,0.0,47,,Engine,,,
416,fabi,toleman,15,12,12,0.0,47,,+4 Laps,,,
416,alboreto,ferrari,7,13,13,0.0,45,,Engine,,,
416,keke_rosberg,williams,2,14,R,0.0,44,,Engine,,,
416,laffite,ligier,20,15,R,0.0,40,,Engine,,,
416,lauda,mclaren,16,16,R,0.0,33,,Transmission,,,
416,patrese,alfa,13,17,R,0.0,31,,Exhaust,,,
416,rothengatter,osella,22,18,R,0.0,26,,Engine,,,
416,alliot,ram,26,19,R,0.0,19,,Turbo,,,
416,berger,arrows,11,20,R,0.0,13,,Engine,,,
416,warwick,renault,6,21,R,0.0,9,,Transmission,,,
416,jones,lola,25,22,R,0.0,6,,Engine,,,
416,cheever,alfa,17,23,R,0.0,3,,Engine,,,
416,acheson,ram,24,24,R,0.0,2,,Clutch,,,
416,martini,minardi,23,25,R,0.0,0,,Fuel pump,,,
416,ghinzani,toleman,0,26,W,0.0,0,,Withdrew,,,
418,mansell,williams,3,1,1,9.0,75,1:32:58.109,Finished,,,
418,senna,team_lotus,1,2,2,6.0,75,+21.396,Finished,,,
418,keke_rosberg,williams,4,3,3,4.0,75,+58.533,Finished,,,
418,prost,mclaren,6,4,4,3.0,75,+1:06.121,Finished,,,
418,angelis,team_lotus,9,5,5,2.0,74,,+1 Lap,,,
418,boutsen,arrows,12,6,6,1.0,73,,+2 Laps,,,
418,watson,mclaren,21,7,7,0.0,73,,+2 Laps,,,
418,streiff,ligier,5,8,8,0.0,73,,+2 Laps,,,
418,patrese,alfa,11,9,9,0.0,73,,+2 Laps,,,
418,berger,arrows,19,10,10,0.0,73,,+2 Laps,,,
418,cheever,alfa,18,11,11,0.0,73,,+2 Laps,,,
418,tambay,renault,17,12,12,0.0,72,,+3 Laps,,,
418,surer,brabham,7,13,13,0.0,62,,Turbo,,,
418,johansson,ferrari,13,14,R,0.0,59,,Electrical,,,
418,laffite,ligier,18,15,R,0.0,58,,Engine,,,
418,danner,zakspeed,25,16,R,0.0,55,,Engine,,,
418,capelli,tyrrell,24,17,R,0.0,44,,Accident,,,
418,brundle,tyrrell,16,18,R,0.0,40,,Water leak,,,
418,fabi,toleman,20,19,R,0.0,33,,Engine,,,
418,alliot,ram,23,20,R,0.0,31,,Engine,,,
418,ghinzani,toleman,14,21,R,0.0,16,,Engine,,,
418,jones,lola,22,22,R,0.0,13,,Radiator,,,
418,alboreto,ferrari,15,23,R,0.0,13,,Turbo,,,
418,piquet,brabham,2,24,R,0.0,6,,Accident,,,
418,warwick,renault,8,25,R,0.0,4,,Injection,,,
418,martini,minardi,26,26,R,0.0,3,,Accident,,,
419,mansell,williams,1,1,1,9.0,75,1:28:22.866,Finished,,,
419,keke_rosberg,williams,3,2,2,6.0,75,+7.572,Finished,,,
419,prost,mclaren,9,3,3,4.0,74,,+1 Lap,,,
419,johansson,ferrari,16,4,4,3.0,74,,+1 Lap,,,
419,berger,arrows,11,5,5,2.0,74,,+1 Lap,,,
419,boutsen,arrows,10,6,6,1.0,74,,+1 Lap,,,
419,brundle,tyrrell,17,7,7,0.0,73,,+2 Laps,,,
419,angelis,team_lotus,6,8,R,0.0,52,,Engine,,,
419,martini,minardi,20,9,R,0.0,45,,Radiator,,,
419,lauda,mclaren,8,10,R,0.0,37,,Turbo,,,
419,streiff,tyrrell,19,11,R,0.0,16,,Accident,,,
419,senna,team_lotus,4,12,R,0.0,8,,Engine,,,
419,alboreto,ferrari,15,13,R,0.0,8,,Turbo,,,
419,piquet,brabham,2,14,R,0.0,6,,Engine,,,
419,ghinzani,toleman,13,15,R,0.0,4,,Engine,,,
419,fabi,toleman,7,16,R,0.0,3,,Engine,,,
419,surer,brabham,5,17,R,0.0,3,,Engine,,,
419,rothengatter,osella,21,18,R,0.0,1,,Electrical,,,
419,patrese,alfa,12,19,R,0.0,0,,Accident,,,
419,cheever,alfa,14,20,R,0.0,0,,Accident,,,
419,jones,lola,18,21,W,0.0,0,,Driver unwell,,,
420,keke_rosberg,williams,3,1,1,9.0,82,2:00:40.473,Finished,,,
420,laffite,ligier,20,2,2,6.0,82,+43.130,Finished,,,
420,streiff,ligier,18,3,3,4.0,82,+1:28.536,Finished,,,
420,capelli,tyrrell,22,4,4,3.0,81,,+1 Lap,,,
420,johansson,ferrari,15,5,5,2.0,81,,+1 Lap,,,
420,berger,arrows,7,6,6,1.0,81,,+1 Lap,,,
420,rothengatter,osella,25,7,7,0.0,78,,+4 Laps,,,
420,martini,minardi,23,8,8,0.0,78,,+4 Laps,,,
420,senna,team_lotus,1,9,R,0.0,62,,Engine,,,
420,alboreto,ferrari,5,10,R,0.0,61,,Transmission,,,
420,lauda,mclaren,16,11,R,0.0,57,,Accident,,,
420,warwick,renault,12,12,R,0.0,57,,Transmission,,,
420,brundle,tyrrell,17,13,R,0.0,49,,Not classified,,,
420,surer,brabham,6,14,R,0.0,42,,Engine,,,
420,patrese,alfa,14,15,R,0.0,42,,Exhaust,,,
420,fabi,toleman,24,16,R,0.0,40,,Engine,,,
420,boutsen,arrows,11,17,R,0.0,37,,Oil leak,,,
420,ghinzani,toleman,21,18,R,0.0,28,,Clutch,,,
420,prost,mclaren,4,19,R,0.0,26,,Engine,,,
420,tambay,renault,8,20,R,0.0,20,,Transmission,,,
420,jones,lola,19,21,R,0.0,20,,Electrical,,,
420,angelis,team_lotus,10,22,D,0.0,18,,Disqualified,,,
420,piquet,brabham,9,23,R,0.0,14,,Heat shield fire,,,
420,cheever,alfa,13,24,R,0.0,5,,Engine,,,
420,mansell,williams,2,25,R,0.0,1,,Transmission,,,
421,piquet,williams,2,1,1,9.0,61,1:39:32.583,Finished,,,
421,senna,team_lotus,1,2,2,6.0,61,+34.827,Finished,,,
421,laffite,ligier,5,3,3,4.0,61,+59.759,Finished,,,
421,arnoux,ligier,4,4,4,3.0,61,+1:28.429,Finished,,,
421,brundle,tyrrell,17,5,5,2.0,60,,+1 Lap,,,
421,berger,benetton,16,6,6,1.0,59,,+2 Laps,,,
421,streiff,tyrrell,18,7,7,0.0,59,,+2 Laps,,,
421,angelis,brabham,14,8,8,0.0,58,,+3 Laps,,,
421,dumfries,team_lotus,11,9,9,0.0,58,,+3 Laps,,,
421,fabi,benetton,12,10,10,0.0,56,,+5 Laps,,,
421,boutsen,arrows,15,11,R,0.0,37,,Exhaust,,,
421,alboreto,ferrari,6,12,R,0.0,35,,Fuel system,,,
421,prost,mclaren,9,13,R,0.0,30,,Engine,,,
421,danner,osella,24,14,R,0.0,29,,Engine,,,
421,johansson,ferrari,8,15,R,0.0,26,,Brakes,,,
421,tambay,lola,13,16,R,0.0,24,,Battery,,,
421,patrese,brabham,10,17,R,0.0,21,,Water leak,,,
421,palmer,zakspeed,21,18,R,0.0,20,,Engine,,,
421,surer,arrows,20,19,R,0.0,19,,Engine,,,
421,nannini,minardi,25,20,R,0.0,18,,Clutch,,,
421,cesaris,minardi,22,21,R,0.0,16,,Turbo,,,
421,ghinzani,osella,23,22,R,0.0,16,,Engine,,,
421,keke_rosberg,mclaren,7,23,R,0.0,6,,Engine,,,
421,jones,lola,19,24,R,0.0,5,,Injection,,,
421,mansell,williams,3,25,R,0.0,0,,Spun off,,,
422,senna,team_lotus,1,1,1,9.0,72,1:48:47.735,Finished,,,
422,mansell,williams,3,2,2,6.0,72,+0.014,Finished,,,
422,prost,mclaren,4,3,3,4.0,72,+21.552,Finished,,,
422,keke_rosberg,mclaren,5,4,4,3.0,71,,+1 Lap,,,
422,fabi,benetton,9,5,5,2.0,71,,+1 Lap,,,
422,berger,benetton,7,6,6,1.0,71,,+1 Lap,,,
422,boutsen,arrows,19,7,7,0.0,68,,+4 Laps,,,
422,tambay,lola,18,8,8,0.0,66,,+6 Laps,,,
422,dumfries,team_lotus,10,9,R,0.0,52,,Gearbox,,,
422,brundle,tyrrell,12,10,R,0.0,41,,Engine,,,
422,laffite,ligier,8,11,R,0.0,40,,Halfshaft,,,
422,surer,arrows,22,12,R,0.0,39,,Fuel system,,,
422,piquet,williams,2,13,R,0.0,39,,Engine,,,
422,angelis,brabham,15,14,R,0.0,29,,Gearbox,,,
422,arnoux,ligier,6,15,R,0.0,29,,Halfshaft,,,
422,alboreto,ferrari,13,16,R,0.0,22,,Wheel bearing,,,
422,streiff,tyrrell,20,17,R,0.0,22,,Engine,,,
422,danner,osella,23,18,R,0.0,14,,Engine,,,
422,johansson,ferrari,11,19,R,0.0,11,,Brakes,,,
422,ghinzani,osella,21,20,R,0.0,10,,Engine,,,
422,patrese,brabham,14,21,R,0.0,8,,Gearbox,,,
422,cesaris,minardi,24,22,R,0.0,1,,Differential,,,
422,palmer,zakspeed,16,23,R,0.0,0,,Collision,,,
422,jones,lola,17,24,R,0.0,0,,Collision,,,
422,nannini,minardi,25,25,R,0.0,0,,Differential,,,
423,prost,mclaren,4,1,1,9.0,60,1:32:28.408,Finished,,,
423,piquet,williams,2,2,2,6.0,60,+7.645,Finished,,,
423,berger,benetton,9,3,3,4.0,59,,+1 Lap,,,
423,johansson,ferrari,7,4,4,3.0,59,,+1 Lap,,,
423,keke_rosberg,mclaren,6,5,5,2.0,58,,Out of fuel,,,
423,patrese,brabham,16,6,6,1.0,58,,Out of fuel,,,
423,boutsen,arrows,12,7,7,0.0,58,,+2 Laps,,,
423,brundle,tyrrell,13,8,8,0.0,58,,+2 Laps,,,
423,surer,arrows,15,9,9,0.0,57,,+3 Laps,,,
423,alboreto,ferrari,5,10,10,0.0,56,,Turbo,,,
423,ghinzani,osella,26,11,R,0.0,52,,Out of fuel,,,
423,arnoux,ligier,8,12,R,0.0,46,,Wheel,,,
423,streiff,tyrrell,22,13,R,0.0,41,,Transmission,,,
423,fabi,benetton,10,14,R,0.0,39,,Engine,,,
423,palmer,zakspeed,20,15,R,0.0,38,,Brakes,,,
423,danner,osella,25,16,R,0.0,31,,Electrical,,,
423,jones,lola,21,17,R,0.0,28,,Overheating,,,
423,cesaris,minardi,23,18,R,0.0,20,,Engine,,,
423,angelis,brabham,19,19,R,0.0,19,,Engine,,,
423,laffite,ligier,14,20,R,0.0,14,,Transmission,,,
423,senna,team_lotus,1,21,R,0.0,11,,Wheel bearing,,,
423,mansell,williams,3,22,R,0.0,8,,Engine,,,
423,dumfries,team_lotus,17,23,R,0.0,8,,Wheel bearing,,,
423,rothengatter,zakspeed,24,24,R,0.0,7,,Turbo,,,
423,tambay,lola,11,25,R,0.0,5,,Engine,,,
423,nannini,minardi,18,26,R,0.0,0,,Accident,,,
424,prost,mclaren,1,1,1,9.0,78,1:55:41.060,Finished,,,
424,keke_rosberg,mclaren,9,2,2,6.0,78,+25.022,Finished,,,
424,senna,team_lotus,3,3,3,4.0,78,+53.646,Finished,,,
424,mansell,williams,2,4,4,3.0,78,+1:11.402,Finished,,,
424,arnoux,ligier,12,5,5,2.0,77,,+1 Lap,,,
424,laffite,ligier,7,6,6,1.0,77,,+1 Lap,,,
424,piquet,williams,11,7,7,0.0,77,,+1 Lap,,,
424,boutsen,arrows,14,8,8,0.0,75,,+3 Laps,,,
424,surer,arrows,17,9,9,0.0,75,,+3 Laps,,,
424,johansson,ferrari,15,10,10,0.0,75,,+3 Laps,,,
424,streiff,tyrrell,13,11,11,0.0,74,,+4 Laps,,,
424,palmer,zakspeed,19,12,12,0.0,74,,+4 Laps,,,
424,brundle,tyrrell,10,13,R,0.0,67,,Accident,,,
424,tambay,lola,8,14,R,0.0,67,,Accident,,,
424,berger,benetton,5,15,R,0.0,42,,Steering,,,
424,patrese,brabham,6,16,R,0.0,38,,Fuel pump,,,
424,alboreto,ferrari,4,17,R,0.0,38,,Turbo,,,
424,angelis,brabham,20,18,R,0.0,31,,Engine,,,
424,fabi,benetton,16,19,R,0.0,17,,Brakes,,,
424,jones,lola,18,20,R,0.0,2,,Accident,,,
426,mansell,williams,1,1,1,9.0,69,1:42:26.415,Finished,,,
426,prost,mclaren,4,2,2,6.0,69,+20.659,Finished,,,
426,piquet,williams,3,3,3,4.0,69,+36.262,Finished,,,
426,keke_rosberg,mclaren,6,4,4,3.0,69,+1:35.673,Finished,,,
426,senna,team_lotus,2,5,5,2.0,68,,+1 Lap,,,
426,arnoux,ligier,5,6,6,1.0,68,,+1 Lap,,,
426,laffite,ligier,8,7,7,0.0,68,,+1 Lap,,,
426,alboreto,ferrari,11,8,8,0.0,68,,+1 Lap,,,
426,brundle,tyrrell,19,9,9,0.0,67,,+2 Laps,,,
426,jones,lola,13,10,10,0.0,66,,+3 Laps,,,
426,streiff,tyrrell,17,11,11,0.0,65,,+4 Laps,,,
426,rothengatter,zakspeed,24,12,12,0.0,63,,+6 Laps,,,
426,patrese,brabham,9,13,R,0.0,44,,Turbo,,,
426,ghinzani,osella,23,14,R,0.0,43,,Gearbox,,,
426,cesaris,minardi,21,15,R,0.0,40,,Gearbox,,,
426,boutsen,arrows,12,16,R,0.0,38,,Electrical,,,
426,berger,benetton,7,17,R,0.0,34,,Turbo,,,
426,johansson,ferrari,18,18,R,0.0,29,,Accident,,,
426,dumfries,team_lotus,16,19,R,0.0,28,,Accident,,,
426,palmer,zakspeed,22,20,R,0.0,24,,Engine,,,
426,warwick,brabham,10,21,R,0.0,20,,Engine,,,
426,nannini,minardi,20,22,R,0.0,17,,Turbo,,,
426,fabi,benetton,15,23,R,0.0,13,,Battery,,,
426,danner,osella,25,24,R,0.0,6,,Turbo,,,
426,tambay,lola,14,25,R,0.0,0,,Accident,,,
427,senna,team_lotus,1,1,1,9.0,63,1:51:12.847,Finished,,,
427,laffite,ligier,6,2,2,6.0,63,+31.017,Finished,,,
427,prost,mclaren,7,3,3,4.0,63,+31.824,Finished,,,
427,alboreto,ferrari,11,4,4,3.0,63,+1:30.936,Finished,,,
427,mansell,williams,2,5,5,2.0,62,,+1 Lap,,,
427,patrese,brabham,8,6,6,1.0,62,,+1 Lap,,,
427,dumfries,team_lotus,14,7,7,0.0,61,,+2 Laps,,,
427,palmer,zakspeed,20,8,8,0.0,61,,+2 Laps,,,
427,streiff,tyrrell,18,9,9,0.0,61,,+2 Laps,,,
427,warwick,brabham,15,10,10,0.0,60,,+3 Laps,,,
427,danner,arrows,19,11,R,0.0,51,,Electrical,,,
427,arnoux,ligier,4,12,R,0.0,46,,Accident,,,
427,boutsen,arrows,13,13,R,0.0,44,,Accident,,,
427,cesaris,minardi,23,14,R,0.0,43,,Gearbox,,,
427,piquet,williams,3,15,R,0.0,41,,Accident,,,
427,johansson,ferrari,5,16,R,0.0,40,,Electrical,,,
427,fabi,benetton,17,17,R,0.0,38,,Gearbox,,,
427,cheever,lola,10,18,R,0.0,37,,Steering,,,
427,jones,lola,21,19,R,0.0,33,,Steering,,,
427,berg,osella,25,20,R,0.0,28,,Electrical,,,
427,brundle,tyrrell,16,21,R,0.0,15,,Electrical,,,
427,ghinzani,osella,22,22,R,0.0,14,,Turbo,,,
427,keke_rosberg,mclaren,9,23,R,0.0,12,,Transmission,,,
427,berger,benetton,12,24,R,0.0,8,,Engine,,,
427,nannini,minardi,24,25,R,0.0,3,,Turbo,,,
427,rothengatter,zakspeed,26,26,R,0.0,0,,Electrical,,,
428,mansell,williams,2,1,1,9.0,80,1:37:19.272,Finished,,,
428,prost,mclaren,5,2,2,6.0,80,+17.128,Finished,,,
428,piquet,williams,3,3,3,4.0,80,+37.545,Finished,,,
428,keke_rosberg,mclaren,7,4,4,3.0,80,+48.703,Finished,,,
428,arnoux,ligier,4,5,5,2.0,79,,+1 Lap,,,
428,laffite,ligier,11,6,6,1.0,79,,+1 Lap,,,
428,patrese,brabham,16,7,7,0.0,78,,+2 Laps,,,
428,alboreto,ferrari,9,8,8,0.0,78,,+2 Laps,,,
428,warwick,brabham,14,9,9,0.0,77,,+3 Laps,,,
428,brundle,tyrrell,15,10,10,0.0,77,,+3 Laps,,,
428,danner,arrows,18,11,11,0.0,76,,+4 Laps,,,
428,boutsen,arrows,21,12,R,0.0,67,,Not classified,,,
428,tambay,lola,13,13,R,0.0,64,,Brakes,,,
428,dumfries,team_lotus,12,14,R,0.0,56,,Engine,,,
428,palmer,zakspeed,22,15,R,0.0,46,,Engine,,,
428,streiff,tyrrell,17,16,R,0.0,43,,Heat shield fire,,,
428,rothengatter,zakspeed,24,17,R,0.0,32,,Accident,,,
428,berg,osella,26,18,R,0.0,25,,Turbo,,,
428,berger,benetton,8,19,R,0.0,22,,Gearbox,,,
428,fabi,benetton,6,20,R,0.0,7,,Engine,,,
428,johansson,ferrari,10,21,R,0.0,5,,Turbo,,,
428,senna,team_lotus,1,22,R,0.0,3,,Accident,,,
428,ghinzani,osella,25,23,R,0.0,3,,Accident,,,
428,nannini,minardi,19,24,R,0.0,3,,Accident,,,
428,cesaris,minardi,23,25,R,0.0,3,,Turbo,,,
428,jones,lola,20,26,R,0.0,2,,Accident,,,
430,piquet,williams,5,1,1,9.0,44,1:22:08.263,Finished,,,
430,senna,team_lotus,3,2,2,6.0,44,+15.437,Finished,,,
430,mansell,williams,6,3,3,4.0,44,+44.580,Finished,,,
430,arnoux,ligier,8,4,4,3.0,44,+1:15.176,Finished,,,
430,keke_rosberg,mclaren,1,5,5,2.0,43,,Out of fuel,,,
430,prost,mclaren,2,6,6,1.0,43,,Out of fuel,,,
430,warwick,brabham,20,7,7,0.0,43,,+1 Lap,,,
430,tambay,lola,13,8,8,0.0,43,,+1 Lap,,,
430,jones,lola,19,9,9,0.0,42,,+2 Laps,,,
430,berger,benetton,4,10,10,0.0,42,,+2 Laps,,,
430,johansson,ferrari,11,11,11,0.0,41,,Broken wing,,,
430,berg,osella,26,12,12,0.0,40,,+4 Laps,,,
430,danner,arrows,17,13,R,0.0,38,,Turbo,,,
430,rothengatter,zakspeed,24,14,R,0.0,38,,Gearbox,,,
430,palmer,zakspeed,16,15,R,0.0,37,,Engine,,,
430,brundle,tyrrell,15,16,R,0.0,34,,Electrical,,,
430,patrese,brabham,7,17,R,0.0,22,,Turbo,,,
430,cesaris,minardi,23,18,R,0.0,20,,Gearbox,,,
430,nannini,minardi,22,19,R,0.0,19,,Overheating,,,
430,dumfries,team_lotus,12,20,R,0.0,17,,Radiator,,,
430,boutsen,arrows,21,21,R,0.0,13,,Turbo,,,
430,alliot,ligier,14,22,R,0.0,11,,Engine,,,
430,ghinzani,osella,25,23,R,0.0,10,,Clutch,,,
430,streiff,tyrrell,18,24,R,0.0,7,,Engine,,,
430,alboreto,ferrari,10,25,R,0.0,6,,Transmission,,,
430,fabi,benetton,9,26,R,0.0,0,,Accident,,,
433,piquet,williams,6,1,1,9.0,51,1:17:42.889,Finished,,,
433,mansell,williams,3,2,2,6.0,51,+9.828,Finished,,,
433,johansson,ferrari,12,3,3,4.0,51,+22.915,Finished,,,
433,keke_rosberg,mclaren,8,4,4,3.0,51,+53.809,Finished,,,
433,berger,benetton,4,5,5,2.0,50,,+1 Lap,,,
433,jones,lola,18,6,6,1.0,49,,+2 Laps,,,
433,boutsen,arrows,13,7,7,0.0,49,,+2 Laps,,,
433,danner,arrows,16,8,8,0.0,49,,+2 Laps,,,
433,streiff,tyrrell,23,9,9,0.0,49,,+2 Laps,,,
433,brundle,tyrrell,20,10,10,0.0,49,,+2 Laps,,,
433,caffi,osella,27,11,R,0.0,45,,Not classified,,,
433,fabi,benetton,1,12,R,0.0,44,,Puncture,,,
433,alboreto,ferrari,9,13,R,0.0,33,,Engine,,,
433,cesaris,minardi,21,14,R,0.0,33,,Engine,,,
433,capelli,ags,25,15,R,0.0,31,,Puncture,,,
433,arnoux,ligier,11,16,R,0.0,30,,Gearbox,,,
433,palmer,zakspeed,22,17,R,0.0,27,,Engine,,,
433,prost,mclaren,2,18,D,0.0,27,,Disqualified,,,
433,alliot,ligier,14,19,R,0.0,22,,Engine,,,
433,dumfries,team_lotus,17,20,R,0.0,18,,Gearbox,,,
433,warwick,brabham,7,21,R,0.0,16,,Spun off,,,
433,nannini,minardi,19,22,R,0.0,15,,Electrical,,,
433,ghinzani,osella,26,23,R,0.0,12,,Suspension,,,
433,tambay,lola,15,24,R,0.0,2,,Accident,,,
433,patrese,brabham,10,25,R,0.0,2,,Accident,,,
433,rothengatter,zakspeed,24,26,R,0.0,1,,Engine,,,
433,senna,team_lotus,5,27,R,0.0,0,,Transmission,,,
434,mansell,williams,2,1,1,9.0,70,1:37:21.900,Finished,,,
434,prost,mclaren,3,2,2,6.0,70,+18.772,Finished,,,
434,piquet,williams,6,3,3,4.0,70,+49.274,Finished,,,
434,senna,team_lotus,1,4,4,3.0,69,,Out of fuel,,,
434,alboreto,ferrari,13,5,5,2.0,69,,+1 Lap,,,
434,johansson,ferrari,8,6,6,1.0,69,,+1 Lap,,,
434,arnoux,ligier,10,7,7,0.0,69,,+1 Lap,,,
434,fabi,benetton,5,8,8,0.0,68,,+2 Laps,,,
434,dumfries,team_lotus,15,9,9,0.0,68,,+2 Laps,,,
434,boutsen,arrows,21,10,10,0.0,67,,+3 Laps,,,
434,danner,arrows,22,11,11,0.0,67,,+3 Laps,,,
434,palmer,zakspeed,20,12,12,0.0,67,,+3 Laps,,,
434,berg,osella,27,13,13,0.0,63,,+7 Laps,,,
434,patrese,brabham,9,14,R,0.0,62,,Engine,,,
434,tambay,lola,14,15,R,0.0,62,,Not classified,,,
434,nannini,minardi,18,16,R,0.0,60,,Not classified,,,
434,berger,benetton,4,17,R,0.0,44,,Spun off,,,
434,cesaris,minardi,16,18,R,0.0,43,,Spun off,,,
434,keke_rosberg,mclaren,7,19,R,0.0,41,,Electrical,,,
434,warwick,brabham,12,20,R,0.0,41,,Electrical,,,
434,alliot,ligier,11,21,R,0.0,39,,Engine,,,
434,streiff,tyrrell,23,22,R,0.0,28,,Engine,,,
434,brundle,tyrrell,19,23,R,0.0,18,,Engine,,,
434,jones,lola,17,24,R,0.0,10,,Brakes,,,
434,rothengatter,zakspeed,26,25,R,0.0,9,,Transmission,,,
434,ghinzani,osella,24,26,R,0.0,8,,Engine,,,
434,capelli,ags,25,27,R,0.0,6,,Transmission,,,
436,prost,mclaren,4,1,1,9.0,82,1:54:20.388,Finished,,,
436,piquet,williams,2,2,2,6.0,82,+4.205,Finished,,,
436,johansson,ferrari,12,3,3,4.0,81,,+1 Lap,,,
436,brundle,tyrrell,16,4,4,3.0,81,,+1 Lap,,,
436,streiff,tyrrell,10,5,5,2.0,80,,Out of fuel,,,
436,dumfries,team_lotus,14,6,6,1.0,80,,+2 Laps,,,
436,arnoux,ligier,5,7,7,0.0,79,,+3 Laps,,,
436,alliot,ligier,8,8,8,0.0,79,,+3 Laps,,,
436,palmer,zakspeed,21,9,9,0.0,77,,+5 Laps,,,
436,fabi,benetton,13,10,10,0.0,77,,+5 Laps,,,
436,tambay,lola,17,11,R,0.0,70,,Not classified,,,
436,mansell,williams,1,12,R,0.0,63,,Tyre,,,
436,patrese,brabham,19,13,R,0.0,63,,Electrical,,,
436,keke_rosberg,mclaren,7,14,R,0.0,62,,Tyre,,,
436,berg,osella,26,15,R,0.0,61,,Not classified,,,
436,warwick,brabham,20,16,R,0.0,57,,Brakes,,,
436,danner,arrows,24,17,R,0.0,52,,Engine,,,
436,boutsen,arrows,22,18,R,0.0,50,,Engine,,,
436,senna,team_lotus,3,19,R,0.0,43,,Engine,,,
436,cesaris,minardi,11,20,R,0.0,40,,Mechanical,,,
436,berger,benetton,6,21,R,0.0,40,,Engine,,,
436,rothengatter,zakspeed,23,22,R,0.0,29,,Suspension,,,
436,jones,lola,15,23,R,0.0,16,,Engine,,,
436,nannini,minardi,18,24,R,0.0,10,,Accident,,,
436,ghinzani,osella,25,25,R,0.0,2,,Transmission,,,
436,alboreto,ferrari,9,26,R,0.0,0,,Accident,,,
437,prost,mclaren,5,1,1,9.0,61,1:39:45.141,Finished,,,
437,piquet,williams,2,2,2,6.0,61,+40.547,Finished,,,
437,johansson,mclaren,10,3,3,4.0,61,+56.758,Finished,,,
437,berger,ferrari,7,4,4,3.0,61,+1:39.235,Finished,,,
437,boutsen,benetton,6,5,5,2.0,60,,+1 Lap,,,
437,mansell,williams,1,6,6,1.0,60,,+1 Lap,,,
437,satoru_nakajima,team_lotus,12,7,7,0.0,59,,+2 Laps,,,
437,alboreto,ferrari,9,8,8,0.0,58,,Spun off,,,
437,danner,zakspeed,17,9,9,0.0,58,,+3 Laps,,,
437,palmer,tyrrell,18,10,10,0.0,58,,+3 Laps,,,
437,streiff,tyrrell,20,11,11,0.0,57,,+4 Laps,,,
437,fabre,ags,22,12,12,0.0,55,,+6 Laps,,,
437,cheever,arrows,14,13,R,0.0,52,,Overheating,,,
437,senna,team_lotus,3,14,R,0.0,50,,Engine,,,
437,patrese,brabham,11,15,R,0.0,48,,Electrical,,,
437,cesaris,brabham,13,16,R,0.0,21,,Differential,,,
437,warwick,arrows,8,17,R,0.0,20,,Engine,,,
437,caffi,osella,21,18,W,0.0,20,,Withdrew,,,
437,nannini,minardi,15,19,R,0.0,17,,Suspension,,,
437,brundle,zakspeed,19,20,R,0.0,15,,Turbo,,,
437,fabi,benetton,4,21,R,0.0,9,,Turbo,,,
437,campos,minardi,16,22,D,0.0,3,,Disqualified,,,
437,capelli,march,23,23,W,0.0,0,,Withdrew,,,
440,senna,team_lotus,2,1,1,9.0,78,1:57:54.085,Finished,,,
440,piquet,williams,3,2,2,6.0,78,+33.212,Finished,,,
440,alboreto,ferrari,5,3,3,4.0,78,+1:12.839,Finished,,,
440,berger,ferrari,8,4,4,3.0,77,,+1 Lap,,,
440,palmer,tyrrell,15,5,5,2.0,76,,+2 Laps,,,
440,capelli,march,19,6,6,1.0,76,,+2 Laps,,,
440,brundle,zakspeed,14,7,7,0.0,76,,+2 Laps,,,
440,fabi,benetton,12,8,8,0.0,76,,+2 Laps,,,
440,prost,mclaren,4,9,9,0.0,75,,Engine,,,
440,satoru_nakajima,team_lotus,17,10,10,0.0,75,,+3 Laps,,,
440,arnoux,ligier,22,11,11,0.0,74,,+4 Laps,,,
440,ghinzani,ligier,20,12,12,0.0,74,,+4 Laps,,,
440,fabre,ags,24,13,13,0.0,71,,+7 Laps,,,
440,cheever,arrows,6,14,R,0.0,59,,Overheating,,,
440,warwick,arrows,11,15,R,0.0,58,,Gearbox,,,
440,johansson,mclaren,7,16,R,0.0,57,,Engine,,,
440,alliot,larrousse,18,17,R,0.0,42,,Engine,,,
440,patrese,brabham,10,18,R,0.0,41,,Electrical,,,
440,caffi,osella,16,19,R,0.0,39,,Electrical,,,
440,cesaris,brabham,21,20,R,0.0,38,,Suspension,,,
440,mansell,williams,1,21,R,0.0,29,,Turbo,,,
440,nannini,minardi,13,22,R,0.0,21,,Electrical,,,
440,streiff,tyrrell,23,23,R,0.0,9,,Accident,,,
440,boutsen,benetton,9,24,R,0.0,5,,Transmission,,,
440,campos,minardi,0,25,W,0.0,0,,Withdrew,,,
440,danner,zakspeed,0,26,D,0.0,0,,Excluded,,,
441,senna,team_lotus,2,1,1,9.0,63,1:50:16.358,Finished,,,
441,piquet,williams,3,2,2,6.0,63,+33.819,Finished,,,
441,prost,mclaren,5,3,3,4.0,63,+45.327,Finished,,,
441,berger,ferrari,12,4,4,3.0,63,+1:02.601,Finished,,,
441,mansell,williams,1,5,5,2.0,62,,+1 Lap,,,
441,cheever,arrows,6,6,6,1.0,60,,+3 Laps,,,
441,johansson,mclaren,11,7,7,0.0,60,,+3 Laps,,,
441,danner,zakspeed,16,8,8,0.0,60,,+3 Laps,,,
441,patrese,brabham,9,9,9,0.0,60,,+3 Laps,,,
441,arnoux,ligier,21,10,10,0.0,60,,+3 Laps,,,
441,palmer,tyrrell,13,11,11,0.0,60,,+3 Laps,,,
441,fabre,ags,26,12,12,0.0,58,,+5 Laps,,,
441,boutsen,benetton,4,13,R,0.0,52,,Brakes,,,
441,ghinzani,ligier,23,14,R,0.0,51,,Clutch,,,
441,streiff,tyrrell,14,15,R,0.0,44,,Wheel,,,
441,alliot,larrousse,20,16,R,0.0,38,,Accident,,,
441,alboreto,ferrari,7,17,R,0.0,25,,Gearbox,,,
441,nannini,minardi,18,18,R,0.0,22,,Gearbox,,,
441,brundle,zakspeed,15,19,R,0.0,16,,Turbo,,,
441,warwick,arrows,10,20,R,0.0,12,,Accident,,,
441,capelli,march,22,21,R,0.0,9,,Electrical,,,
441,fabi,benetton,8,22,R,0.0,6,,Accident,,,
441,caffi,osella,19,23,R,0.0,3,,Transmission,,,
441,cesaris,brabham,17,24,R,0.0,2,,Gearbox,,,
441,campos,minardi,25,25,R,0.0,1,,Accident,,,
441,satoru_nakajima,team_lotus,24,26,R,0.0,0,,Accident,,,
443,mansell,williams,2,1,1,9.0,65,1:19:11.780,Finished,,,
443,piquet,williams,1,2,2,6.0,65,+1.918,Finished,,,
443,senna,team_lotus,3,3,3,4.0,64,,+1 Lap,,,
443,satoru_nakajima,team_lotus,12,4,4,3.0,63,,+2 Laps,,,
443,warwick,arrows,13,5,5,2.0,63,,+2 Laps,,,
443,fabi,benetton,6,6,6,1.0,63,,+2 Laps,,,
443,boutsen,benetton,5,7,7,0.0,62,,+3 Laps,,,
443,palmer,tyrrell,23,8,8,0.0,60,,+5 Laps,,,
443,fabre,ags,25,9,9,0.0,59,,+6 Laps,,,
443,streiff,tyrrell,22,10,R,0.0,57,,Engine,,,
443,brundle,zakspeed,17,11,R,0.0,54,,Not classified,,,
443,prost,mclaren,4,12,R,0.0,53,,Engine,,,
443,alboreto,ferrari,7,13,R,0.0,52,,Suspension,,,
443,cheever,arrows,14,14,R,0.0,45,,Engine,,,
443,campos,minardi,19,15,R,0.0,34,,Fuel system,,,
443,caffi,osella,20,16,R,0.0,32,,Engine,,,
443,danner,zakspeed,18,17,R,0.0,32,,Gearbox,,,
443,patrese,brabham,11,18,R,0.0,28,,Turbo,,,
443,johansson,mclaren,10,19,R,0.0,18,,Engine,,,
443,nannini,minardi,15,20,R,0.0,10,,Engine,,,
443,cesaris,brabham,9,21,R,0.0,8,,Turbo,,,
443,berger,ferrari,8,22,R,0.0,7,,Accident,,,
443,alliot,larrousse,21,23,R,0.0,7,,Gearbox,,,
443,arnoux,ligier,16,24,R,0.0,3,,Electrical,,,
443,capelli,march,24,25,R,0.0,3,,Accident,,,
443,ghinzani,ligier,19,26,D,0.0,0,,Excluded,,,
445,piquet,williams,3,1,1,9.0,76,1:59:26.793,Finished,,,
445,senna,team_lotus,6,2,2,6.0,76,+37.727,Finished,,,
445,prost,mclaren,4,3,3,4.0,76,+1:27.456,Finished,,,
445,boutsen,benetton,7,4,4,3.0,75,,+1 Lap,,,
445,patrese,brabham,10,5,5,2.0,75,,+1 Lap,,,
445,warwick,arrows,9,6,6,1.0,74,,+2 Laps,,,
445,palmer,tyrrell,16,7,7,0.0,74,,+2 Laps,,,
445,cheever,arrows,11,8,8,0.0,74,,+2 Laps,,,
445,streiff,tyrrell,14,9,9,0.0,74,,+2 Laps,,,
445,capelli,march,18,10,10,0.0,74,,+2 Laps,,,
445,nannini,minardi,20,11,11,0.0,73,,+3 Laps,,,
445,ghinzani,ligier,25,12,12,0.0,73,,+3 Laps,,,
445,fabre,ags,26,13,13,0.0,71,,+5 Laps,,,
445,mansell,williams,1,14,14,0.0,70,,Wheel,,,
445,caffi,osella,21,15,R,0.0,64,,Fuel system,,,
445,arnoux,ligier,19,16,R,0.0,57,,Electrical,,,
445,alliot,larrousse,15,17,R,0.0,48,,Accident,,,
445,brundle,zakspeed,22,18,R,0.0,45,,Turbo,,,
445,alboreto,ferrari,5,19,R,0.0,43,,Engine,,,
445,cesaris,brabham,13,20,R,0.0,43,,Gearbox,,,
445,johansson,mclaren,8,21,R,0.0,14,,Gearbox,,,
445,fabi,benetton,12,22,R,0.0,14,,Gearbox,,,
445,campos,minardi,24,23,R,0.0,14,,Spun off,,,
445,berger,ferrari,2,24,R,0.0,13,,Differential,,,
445,danner,zakspeed,23,25,R,0.0,3,,Engine,,,
445,satoru_nakajima,team_lotus,17,26,R,0.0,1,,Driveshaft,,,
448,prost,mclaren,3,1,1,9.0,70,1:37:03.906,Finished,,,
448,berger,ferrari,1,2,2,6.0,70,+20.493,Finished,,,
448,piquet,williams,4,3,3,4.0,70,+1:03.295,Finished,,,
448,fabi,benetton,10,4,4,3.0,69,,Out of fuel,,,
448,johansson,mclaren,8,5,5,2.0,69,,+1 Lap,,,
448,cheever,arrows,11,6,6,1.0,68,,+2 Laps,,,
448,senna,team_lotus,5,7,7,0.0,68,,+2 Laps,,,
448,satoru_nakajima,team_lotus,15,8,8,0.0,68,,+2 Laps,,,
448,capelli,march,22,9,9,0.0,67,,+3 Laps,,,
448,palmer,tyrrell,24,10,10,0.0,67,,+3 Laps,,,
448,nannini,minardi,14,11,11,0.0,66,,Out of fuel,,,
448,streiff,tyrrell,21,12,12,0.0,66,,+4 Laps,,,
448,warwick,arrows,12,13,13,0.0,66,,+4 Laps,,,
448,boutsen,benetton,9,14,14,0.0,64,,+6 Laps,,,
448,cesaris,brabham,13,15,R,0.0,54,,Injection,,,
448,alboreto,ferrari,6,16,R,0.0,38,,Gearbox,,,
448,brundle,zakspeed,17,17,R,0.0,35,,Gearbox,,,
448,forini,osella,26,18,R,0.0,32,,Suspension,,,
448,alliot,larrousse,19,19,R,0.0,31,,Engine,,,
448,arnoux,ligier,18,20,R,0.0,29,,Radiator,,,
448,caffi,osella,25,21,R,0.0,27,,Turbo,,,
448,ghinzani,ligier,23,22,R,0.0,24,,Ignition,,,
448,campos,minardi,20,23,R,0.0,24,,Accident,,,
448,mansell,williams,2,24,R,0.0,13,,Electrical,,,
448,patrese,brabham,7,25,R,0.0,13,,Engine,,,
448,danner,zakspeed,16,26,R,0.0,0,,Accident,,,
452,berger,ferrari,1,1,1,9.0,82,1:52:56.144,Finished,,,
452,alboreto,ferrari,6,2,2,6.0,82,+1:07.884,Finished,,,
452,boutsen,benetton,5,3,3,4.0,81,,+1 Lap,,,
452,palmer,tyrrell,19,4,4,3.0,80,,+2 Laps,,,
452,dalmas,larrousse,21,5,5,0.0,79,,+3 Laps,,,
452,moreno,ags,25,6,6,1.0,79,,+3 Laps,,,
452,danner,zakspeed,24,7,7,0.0,79,,+3 Laps,,,
452,cesaris,brabham,10,8,8,0.0,78,,Spun off,,,
452,patrese,williams,7,9,9,0.0,76,,Oil leak,,,
452,senna,team_lotus,4,10,D,0.0,82,,Disqualified,,,
452,piquet,williams,3,11,R,0.0,58,,Brakes,,,
452,capelli,march,23,12,R,0.0,58,,Spun off,,,
452,prost,mclaren,2,13,R,0.0,53,,Brakes,,,
452,cheever,arrows,11,14,R,0.0,53,,Overheating,,,
452,johansson,mclaren,8,15,R,0.0,48,,Brakes,,,
452,fabi,benetton,9,16,R,0.0,46,,Brakes,,,
452,campos,minardi,26,17,R,0.0,46,,Transmission,,,
452,alliot,larrousse,17,18,R,0.0,45,,Electrical,,,
452,arnoux,ligier,20,19,R,0.0,41,,Ignition,,,
452,modena,brabham,15,20,R,0.0,31,,Physical,,,
452,ghinzani,ligier,22,21,R,0.0,26,,Ignition,,,
452,satoru_nakajima,team_lotus,14,22,R,0.0,22,,Hydraulics,,,
452,warwick,arrows,12,23,R,0.0,19,,Transmission,,,
452,brundle,zakspeed,16,24,R,0.0,18,,Engine,,,
452,streiff,tyrrell,18,25,R,0.0,6,,Spun off,,,
452,nannini,minardi,13,26,R,0.0,0,,Accident,,,
454,senna,mclaren,1,1,1,9.0,60,1:32:41.264,Finished,,,
454,prost,mclaren,2,2,2,6.0,60,+2.334,Finished,,,
454,piquet,team_lotus,3,3,3,4.0,59,,+1 Lap,,,
454,boutsen,benetton,8,4,4,3.0,59,,+1 Lap,,,
454,berger,ferrari,5,5,5,2.0,59,,+1 Lap,,,
454,nannini,benetton,4,6,6,1.0,59,,+1 Lap,,,
454,cheever,arrows,7,7,7,0.0,59,,+1 Lap,,,
454,satoru_nakajima,team_lotus,12,8,8,0.0,59,,+1 Lap,,,
454,warwick,arrows,14,9,9,0.0,58,,+2 Laps,,,
454,streiff,ags,13,10,10,0.0,58,,+2 Laps,,,
454,sala,minardi,18,11,11,0.0,58,,+2 Laps,,,
454,dalmas,larrousse,19,12,12,0.0,58,,+2 Laps,,,
454,patrese,williams,6,13,13,0.0,58,,+2 Laps,,,
454,palmer,tyrrell,23,14,14,0.0,58,,+2 Laps,,,
454,gugelmin,march,20,15,15,0.0,58,,+2 Laps,,,
454,campos,minardi,22,16,16,0.0,57,,+3 Laps,,,
454,alliot,larrousse,15,17,17,0.0,57,,+3 Laps,,,
454,alboreto,ferrari,10,18,18,0.0,54,,Engine,,,
454,modena,eurobrun,26,19,R,0.0,52,,Not classified,,,
454,bailey,tyrrell,21,20,R,0.0,48,,Gearbox,,,
454,mansell,williams,11,21,R,0.0,42,,Engine,,,
454,tarquini,coloni,17,22,R,0.0,40,,Fuel system,,,
454,caffi,dallara,24,23,R,0.0,38,,Gearbox,,,
454,ghinzani,zakspeed,25,24,R,0.0,36,,Gearbox,,,
454,capelli,march,9,25,R,0.0,2,,Gearbox,,,
454,cesaris,rial,16,26,R,0.0,1,,Suspension,,,
454,larini,osella,0,27,D,0.0,0,,Excluded,,,
455,prost,mclaren,2,1,1,9.0,78,1:57:17.077,Finished,,,
455,berger,ferrari,3,2,2,6.0,78,+20.453,Finished,,,
455,alboreto,ferrari,4,3,3,4.0,78,+41.229,Finished,,,
455,warwick,arrows,7,4,4,3.0,77,,+1 Lap,,,
455,palmer,tyrrell,10,5,5,2.0,77,,+1 Lap,,,
455,patrese,williams,8,6,6,1.0,77,,+1 Lap,,,
455,dalmas,larrousse,21,7,7,0.0,77,,+1 Lap,,,
455,boutsen,benetton,16,8,8,0.0,76,,+2 Laps,,,
455,larini,osella,25,9,9,0.0,75,,+3 Laps,,,
455,capelli,march,22,10,10,0.0,72,,+6 Laps,,,
455,senna,mclaren,1,11,R,0.0,66,,Spun off,,,
455,alliot,larrousse,13,12,R,0.0,50,,Collision,,,
455,gugelmin,march,14,13,R,0.0,45,,Fuel system,,,
455,ghinzani,zakspeed,23,14,R,0.0,43,,Gearbox,,,
455,nannini,benetton,6,15,R,0.0,38,,Gearbox,,,
455,sala,minardi,15,16,R,0.0,36,,Halfshaft,,,
455,mansell,williams,5,17,R,0.0,32,,Collision,,,
455,cesaris,rial,19,18,R,0.0,28,,Engine,,,
455,arnoux,ligier,20,19,R,0.0,17,,Engine,,,
455,larrauri,eurobrun,18,20,R,0.0,14,,Brakes,,,
455,cheever,arrows,9,21,R,0.0,8,,Engine,,,
455,johansson,ligier,26,22,R,0.0,6,,Engine,,,
455,tarquini,coloni,24,23,R,0.0,5,,Suspension,,,
455,piquet,team_lotus,11,24,R,0.0,1,,Collision,,,
455,caffi,dallara,17,25,R,0.0,0,,Spun off,,,
455,streiff,ags,12,26,R,0.0,0,,Throttle,,,
455,modena,eurobrun,0,31,D,0.0,0,,Excluded,,,
456,prost,mclaren,2,1,1,9.0,67,1:30:15.737,Finished,,,
456,senna,mclaren,1,2,2,6.0,67,+7.104,Finished,,,
456,berger,ferrari,3,3,3,4.0,67,+57.314,Finished,,,
456,alboreto,ferrari,5,4,4,3.0,66,,+1 Lap,,,
456,warwick,arrows,9,5,5,2.0,66,,+1 Lap,,,
456,cheever,arrows,7,6,6,1.0,66,,+1 Lap,,,
456,nannini,benetton,8,7,7,0.0,65,,+2 Laps,,,
456,boutsen,benetton,11,8,8,0.0,64,,+3 Laps,,,
456,dalmas,larrousse,22,9,9,0.0,64,,+3 Laps,,,
456,johansson,ligier,24,10,10,0.0,63,,+4 Laps,,,
456,sala,minardi,25,11,11,0.0,63,,+4 Laps,,,
456,streiff,ags,19,12,12,0.0,63,,+4 Laps,,,
456,larrauri,eurobrun,26,13,13,0.0,63,,+4 Laps,,,
456,tarquini,coloni,21,14,14,0.0,62,,+5 Laps,,,
456,ghinzani,zakspeed,18,15,15,0.0,61,,+6 Laps,,,
456,capelli,march,10,16,16,0.0,61,,+6 Laps,,,
456,piquet,team_lotus,4,17,R,0.0,58,,Engine,,,
456,cesaris,rial,12,18,R,0.0,52,,Gearbox,,,
456,satoru_nakajima,team_lotus,6,19,R,0.0,27,,Engine,,,
456,mansell,williams,14,20,R,0.0,20,,Engine,,,
456,schneider,zakspeed,15,21,R,0.0,16,,Engine,,,
456,patrese,williams,17,22,R,0.0,16,,Engine,,,
456,arnoux,ligier,20,23,R,0.0,13,,Accident,,,
456,caffi,dallara,23,24,R,0.0,13,,Brakes,,,
456,gugelmin,march,16,25,R,0.0,10,,Electrical,,,
456,alliot,larrousse,13,26,R,0.0,0,,Suspension,,,
456,modena,eurobrun,0,31,D,0.0,0,,Excluded,,,
458,senna,mclaren,1,1,1,9.0,63,1:54:56.035,Finished,,,
458,prost,mclaren,4,2,2,6.0,63,+38.713,Finished,,,
458,boutsen,benetton,5,3,3,4.0,62,,+1 Lap,,,
458,cesaris,rial,12,4,4,3.0,62,,+1 Lap,,,
458,palmer,tyrrell,17,5,5,2.0,62,,+1 Lap,,,
458,martini,minardi,16,6,6,1.0,62,,+1 Lap,,,
458,dalmas,larrousse,24,7,7,0.0,61,,+2 Laps,,,
458,caffi,dallara,21,8,8,0.0,61,,+2 Laps,,,
458,bailey,tyrrell,22,9,9,0.0,59,,Spun off,,,
458,sala,minardi,25,10,R,0.0,54,,Gearbox,,,
458,alliot,larrousse,14,11,R,0.0,46,,Halfshaft,,,
458,modena,eurobrun,19,12,R,0.0,46,,Spun off,,,
458,alboreto,ferrari,3,13,R,0.0,45,,Collision,,,
458,arnoux,ligier,20,14,R,0.0,45,,Overheating,,,
458,gugelmin,march,13,15,R,0.0,34,,Engine,,,
458,patrese,williams,10,16,R,0.0,26,,Electrical,,,
458,piquet,team_lotus,8,17,R,0.0,26,,Spun off,,,
458,larrauri,eurobrun,23,18,R,0.0,26,,Gearbox,,,
458,warwick,arrows,9,19,R,0.0,24,,Spun off,,,
458,mansell,williams,6,20,R,0.0,18,,Engine,,,
458,streiff,ags,11,21,R,0.0,15,,Suspension,,,
458,nannini,benetton,7,22,R,0.0,14,,Suspension,,,
458,cheever,arrows,15,23,R,0.0,14,,Electrical,,,
458,larini,osella,26,24,R,0.0,7,,Engine,,,
458,berger,ferrari,2,25,R,0.0,6,,Puncture,,,
458,johansson,ligier,18,26,R,0.0,2,,Overheating,,,
458,capelli,march,0,27,W,0.0,0,,Injured,,,
461,senna,mclaren,1,1,1,9.0,44,1:32:54.188,Finished,,,
461,prost,mclaren,2,2,2,6.0,44,+13.609,Finished,,,
461,berger,ferrari,3,3,3,4.0,44,+52.095,Finished,,,
461,alboreto,ferrari,4,4,4,3.0,44,+1:40.912,Finished,,,
461,capelli,march,7,5,5,2.0,44,+1:49.606,Finished,,,
461,boutsen,benetton,9,6,6,1.0,43,,+1 Lap,,,
461,warwick,arrows,12,7,7,0.0,43,,+1 Lap,,,
461,gugelmin,march,10,8,8,0.0,43,,+1 Lap,,,
461,satoru_nakajima,team_lotus,8,9,9,0.0,43,,+1 Lap,,,
461,cheever,arrows,15,10,10,0.0,43,,+1 Lap,,,
461,palmer,tyrrell,24,11,11,0.0,43,,+1 Lap,,,
461,schneider,zakspeed,22,12,12,0.0,43,,+1 Lap,,,
461,cesaris,rial,14,13,13,0.0,42,,+2 Laps,,,
461,ghinzani,zakspeed,23,14,14,0.0,42,,+2 Laps,,,
461,caffi,dallara,19,15,15,0.0,42,,+2 Laps,,,
461,larrauri,eurobrun,26,16,16,0.0,42,,+2 Laps,,,
461,arnoux,ligier,17,17,17,0.0,41,,+3 Laps,,,
461,nannini,benetton,6,18,18,0.0,40,,+4 Laps,,,
461,dalmas,larrousse,21,19,19,0.0,39,,Clutch,,,
461,streiff,ags,16,20,R,0.0,38,,Throttle,,,
461,patrese,williams,13,21,R,0.0,34,,Spun off,,,
461,larini,osella,18,22,R,0.0,27,,Engine,,,
461,mansell,williams,11,23,R,0.0,16,,Spun off,,,
461,modena,eurobrun,25,24,R,0.0,15,,Engine,,,
461,alliot,larrousse,20,25,R,0.0,8,,Spun off,,,
461,piquet,team_lotus,5,26,R,0.0,1,,Spun off,,,
464,berger,ferrari,3,1,1,9.0,51,1:17:39.744,Finished,,,
464,alboreto,ferrari,4,2,2,6.0,51,+0.502,Finished,,,
464,cheever,arrows,5,3,3,4.0,51,+35.532,Finished,,,
464,warwick,arrows,6,4,4,3.0,51,+36.114,Finished,,,
464,capelli,march,11,5,5,2.0,51,+52.522,Finished,,,
464,boutsen,benetton,8,6,6,1.0,51,+59.878,Finished,,,
464,patrese,williams,10,7,7,0.0,51,+1:14.743,Finished,,,
464,gugelmin,march,13,8,8,0.0,51,+1:32.566,Finished,,,
464,nannini,benetton,9,9,9,0.0,50,,+1 Lap,,,
464,senna,mclaren,1,10,10,0.0,49,,Collision,,,
464,schlesser,williams,22,11,11,0.0,49,,+2 Laps,,,
464,bailey,tyrrell,26,12,12,0.0,49,,+2 Laps,,,
464,arnoux,ligier,24,13,13,0.0,49,,+2 Laps,,,
464,prost,mclaren,2,14,R,0.0,34,,Engine,,,
464,alliot,larrousse,20,15,R,0.0,33,,Engine,,,
464,streiff,ags,23,16,R,0.0,31,,Clutch,,,
464,schneider,zakspeed,15,17,R,0.0,28,,Engine,,,
464,cesaris,rial,18,18,R,0.0,27,,Chassis,,,
464,ghinzani,zakspeed,16,19,R,0.0,25,,Engine,,,
464,caffi,dallara,21,20,R,0.0,24,,Engine,,,
464,dalmas,larrousse,25,21,R,0.0,17,,Radiator,,,
464,martini,minardi,14,22,R,0.0,15,,Engine,,,
464,satoru_nakajima,team_lotus,12,23,R,0.0,14,,Engine,,,
464,sala,minardi,19,24,R,0.0,12,,Gearbox,,,
464,piquet,team_lotus,7,25,R,0.0,11,,Clutch,,,
464,larini,osella,17,26,R,0.0,2,,Engine,,,
465,prost,mclaren,1,1,1,9.0,70,1:37:40.958,Finished,,,
465,capelli,march,3,2,2,6.0,70,+9.553,Finished,,,
465,boutsen,benetton,13,3,3,4.0,70,+44.619,Finished,,,
465,warwick,arrows,10,4,4,3.0,70,+1:07.419,Finished,,,
465,alboreto,ferrari,7,5,5,2.0,70,+1:11.884,Finished,,,
465,senna,mclaren,2,6,6,1.0,70,+1:18.269,Finished,,,
465,caffi,dallara,17,7,7,0.0,69,,+1 Lap,,,
465,sala,minardi,19,8,8,0.0,68,,+2 Laps,,,
465,streiff,ags,21,9,9,0.0,68,,+2 Laps,,,
465,arnoux,ligier,23,10,10,0.0,68,,+2 Laps,,,
465,tarquini,coloni,26,11,11,0.0,65,,+5 Laps,,,
465,larini,osella,25,12,12,0.0,63,,+7 Laps,,,
465,gugelmin,march,5,13,R,0.0,59,,Engine,,,
465,mansell,williams,6,14,R,0.0,54,,Spun off,,,
465,palmer,tyrrell,22,15,R,0.0,53,,Overheating,,,
465,nannini,benetton,9,16,R,0.0,52,,Handling,,,
465,berger,ferrari,4,17,R,0.0,35,,Spun off,,,
465,piquet,team_lotus,8,18,R,0.0,34,,Clutch,,,
465,patrese,williams,11,19,R,0.0,29,,Radiator,,,
465,martini,minardi,14,20,R,0.0,27,,Engine,,,
465,dalmas,larrousse,15,21,R,0.0,20,,Alternator,,,
465,satoru_nakajima,team_lotus,16,22,R,0.0,16,,Spun off,,,
465,cesaris,rial,12,23,R,0.0,11,,Halfshaft,,,
465,cheever,arrows,18,24,R,0.0,10,,Turbo,,,
465,alliot,larrousse,20,25,R,0.0,7,,Engine,,,
465,johansson,ligier,24,26,R,0.0,4,,Engine,,,
466,prost,mclaren,2,1,1,9.0,72,1:48:43.851,Finished,,,
466,mansell,williams,3,2,2,6.0,72,+26.232,Finished,,,
466,nannini,benetton,5,3,3,4.0,72,+35.446,Finished,,,
466,senna,mclaren,1,4,4,3.0,72,+46.710,Finished,,,
466,patrese,williams,7,5,5,2.0,72,+47.430,Finished,,,
466,berger,ferrari,8,6,6,1.0,72,+51.813,Finished,,,
466,gugelmin,march,11,7,7,0.0,72,+1:15.964,Finished,,,
466,piquet,team_lotus,9,8,8,0.0,72,+1:17.309,Finished,,,
466,boutsen,benetton,4,9,9,0.0,72,+1:17.655,Finished,,,
466,caffi,dallara,18,10,10,0.0,71,,+1 Lap,,,
466,dalmas,larrousse,16,11,11,0.0,71,,+1 Lap,,,
466,sala,minardi,24,12,12,0.0,70,,+2 Laps,,,
466,modena,eurobrun,26,13,13,0.0,70,,+2 Laps,,,
466,alliot,larrousse,12,14,14,0.0,69,,+3 Laps,,,
466,johansson,ligier,21,15,R,0.0,62,,Wheel,,,
466,cheever,arrows,25,16,R,0.0,60,,Chassis,,,
466,capelli,march,6,17,R,0.0,45,,Engine,,,
466,warwick,arrows,17,18,R,0.0,41,,Chassis,,,
466,cesaris,rial,23,19,R,0.0,37,,Engine,,,
466,streiff,ags,13,20,R,0.0,16,,Engine,,,
466,alboreto,ferrari,10,21,R,0.0,15,,Engine,,,
466,martini,minardi,20,22,R,0.0,15,,Gearbox,,,
466,satoru_nakajima,team_lotus,15,23,R,0.0,14,,Spun off,,,
466,larini,osella,14,24,R,0.0,9,,Suspension,,,
466,palmer,tyrrell,22,25,R,0.0,4,,Chassis,,,
466,arnoux,ligier,19,26,R,0.0,0,,Throttle,,,
468,prost,mclaren,2,1,1,9.0,82,1:53:14.676,Finished,,,
468,senna,mclaren,1,2,2,6.0,82,+36.387,Finished,,,
468,piquet,team_lotus,5,3,3,4.0,82,+47.546,Finished,,,
468,patrese,williams,6,4,4,3.0,82,+1:20.088,Finished,,,
468,boutsen,benetton,10,5,5,2.0,81,,+1 Lap,,,
468,capelli,march,9,6,6,1.0,81,,+1 Lap,,,
468,martini,minardi,14,7,7,0.0,80,,+2 Laps,,,
468,cesaris,rial,15,8,8,0.0,77,,Out of fuel,,,
468,johansson,ligier,22,9,9,0.0,76,,Out of fuel,,,
468,alliot,larrousse,24,10,10,0.0,75,,Out of fuel,,,
468,streiff,ags,16,11,11,0.0,73,,Electrical,,,
468,ghinzani,zakspeed,26,12,R,0.0,69,,Fuel system,,,
468,mansell,williams,3,13,R,0.0,65,,Spun off,,,
468,nannini,benetton,8,14,R,0.0,63,,Spun off,,,
468,modena,eurobrun,20,15,R,0.0,63,,Halfshaft,,,
468,warwick,arrows,7,16,R,0.0,52,,Engine,,,
468,cheever,arrows,18,17,R,0.0,51,,Engine,,,
468,gugelmin,march,19,18,R,0.0,46,,Collision,,,
468,satoru_nakajima,team_lotus,13,19,R,0.0,45,,Collision,,,
468,sala,minardi,21,20,R,0.0,41,,Engine,,,
468,caffi,dallara,11,21,R,0.0,32,,Clutch,,,
468,berger,ferrari,4,22,R,0.0,25,,Collision,,,
468,arnoux,ligier,23,23,R,0.0,24,,Collision,,,
468,palmer,tyrrell,17,24,R,0.0,16,,Transmission,,,
468,larrauri,eurobrun,25,25,R,0.0,12,,Halfshaft,,,
468,alboreto,ferrari,12,26,R,0.0,0,,Collision,,,
470,senna,mclaren,1,1,1,9.0,58,1:26:51.245,Finished,,,
470,prost,mclaren,2,2,2,6.0,58,+40.225,Finished,,,
470,nannini,benetton,7,3,3,4.0,57,,+1 Lap,,,
470,boutsen,williams,6,4,4,3.0,57,,+1 Lap,,,
470,warwick,arrows,12,5,5,2.0,57,,+1 Lap,,,
470,palmer,tyrrell,25,6,6,1.0,57,,+1 Lap,,,
470,caffi,dallara,9,7,7,0.0,57,,+1 Lap,,,
470,tarquini,ags,18,8,8,0.0,57,,+1 Lap,,,
470,cheever,arrows,21,9,9,0.0,56,,+2 Laps,,,
470,cesaris,dallara,16,10,10,0.0,56,,+2 Laps,,,
470,herbert,benetton,23,11,11,0.0,56,,+2 Laps,,,
470,larini,osella,14,12,12,0.0,52,,Spun off,,,
470,brundle,brabham,22,13,R,0.0,51,,Fuel system,,,
470,satoru_nakajima,team_lotus,24,14,R,0.0,46,,Not classified,,,
470,sala,minardi,15,15,R,0.0,43,,Spun off,,,
470,gugelmin,march,19,16,R,0.0,39,,Transmission,,,
470,piquet,team_lotus,8,17,R,0.0,29,,Engine,,,
470,mansell,ferrari,3,18,R,0.0,23,,Gearbox,,,
470,patrese,williams,4,19,R,0.0,21,,Engine,,,
470,modena,brabham,17,20,R,0.0,19,,Spun off,,,
470,martini,minardi,11,21,R,0.0,6,,Gearbox,,,
470,grouillard,ligier,10,22,D,0.0,4,,Disqualified,,,
470,berger,ferrari,5,23,R,0.0,3,,Accident,,,
470,capelli,march,13,24,R,0.0,1,,Spun off,,,
470,alliot,larrousse,20,25,R,0.0,0,,Electrical,,,
470,dalmas,larrousse,26,26,R,0.0,0,,Electrical,,,
473,prost,mclaren,2,1,1,9.0,75,2:01:33.133,Finished,,,
473,patrese,williams,14,2,2,6.0,75,+39.696,Finished,,,
473,cheever,arrows,17,3,3,4.0,75,+43.210,Finished,,,
473,danner,rial,26,4,4,3.0,74,,+1 Lap,,,
473,herbert,benetton,25,5,5,2.0,74,,+1 Lap,,,
473,boutsen,williams,16,6,6,1.0,74,,+1 Lap,,,
473,tarquini,ags,24,7,7,0.0,73,,Engine,,,
473,cesaris,dallara,13,8,8,0.0,70,,+5 Laps,,,
473,palmer,tyrrell,21,9,9,0.0,69,,Fuel system,,,
473,berger,ferrari,8,10,R,0.0,61,,Alternator,,,
473,caffi,dallara,6,11,R,0.0,52,,Collision,,,
473,piquet,team_lotus,22,12,R,0.0,52,,Spun off,,,
473,johansson,onyx,19,13,R,0.0,50,,Suspension,,,
473,sala,minardi,20,14,R,0.0,46,,Engine,,,
473,senna,mclaren,1,15,R,0.0,44,,Electrical,,,
473,brundle,brabham,5,16,R,0.0,43,,Brakes,,,
473,modena,brabham,7,17,R,0.0,37,,Brakes,,,
473,mansell,ferrari,4,18,R,0.0,31,,Alternator,,,
473,martini,minardi,15,19,R,0.0,26,,Engine,,,
473,satoru_nakajima,team_lotus,23,20,R,0.0,24,,Throttle,,,
473,capelli,march,11,21,R,0.0,22,,Transmission,,,
473,gugelmin,march,18,22,R,0.0,20,,Brakes,,,
473,alboreto,tyrrell,9,23,R,0.0,17,,Gearbox,,,
473,nannini,benetton,3,24,R,0.0,10,,Physical,,,
473,warwick,arrows,10,25,R,0.0,7,,Collision,,,
473,alliot,larrousse,12,26,R,0.0,3,,Spun off,,,
477,senna,mclaren,1,1,1,9.0,45,1:21:43.302,Finished,,,
477,prost,mclaren,2,2,2,6.0,45,+18.151,Finished,,,
477,mansell,ferrari,3,3,3,4.0,45,+1:23.254,Finished,,,
477,patrese,williams,5,4,4,3.0,44,,+1 Lap,,,
477,piquet,team_lotus,8,5,5,2.0,44,,+1 Lap,,,
477,warwick,arrows,17,6,6,1.0,44,,+1 Lap,,,
477,cesaris,dallara,21,7,7,0.0,44,,+1 Lap,,,
477,brundle,brabham,12,8,8,0.0,44,,+1 Lap,,,
477,martini,minardi,13,9,9,0.0,44,,+1 Lap,,,
477,alesi,tyrrell,10,10,10,0.0,43,,+2 Laps,,,
477,arnoux,ligier,23,11,11,0.0,42,,+3 Laps,,,
477,cheever,arrows,25,12,12,0.0,40,,Fuel system,,,
477,modena,brabham,16,13,R,0.0,37,,Engine,,,
477,satoru_nakajima,team_lotus,18,14,R,0.0,36,,Spun off,,,
477,capelli,march,22,15,R,0.0,32,,Electrical,,,
477,gugelmin,march,14,16,R,0.0,28,,Gearbox,,,
477,pirro,benetton,9,17,R,0.0,26,,Spun off,,,
477,alliot,larrousse,15,18,R,0.0,20,,Oil leak,,,
477,palmer,tyrrell,19,19,R,0.0,16,,Engine,,,
477,berger,ferrari,4,20,R,0.0,13,,Spun off,,,
477,johansson,onyx,24,21,R,0.0,8,,Overheating,,,
477,nannini,benetton,7,22,R,0.0,6,,Electrical,,,
477,boutsen,williams,6,23,R,0.0,4,,Collision,,,
477,caffi,dallara,20,24,R,0.0,2,,Engine,,,
477,alboreto,larrousse,26,25,R,0.0,1,,Electrical,,,
477,grouillard,ligier,11,26,R,0.0,0,,Gearbox,,,
477,weidler,rial,0,30,D,0.0,0,,Disqualified,,,
480,prost,mclaren,4,1,1,9.0,53,1:19:27.550,Finished,,,
480,berger,ferrari,2,2,2,6.0,53,+7.326,Finished,,,
480,boutsen,williams,6,3,3,4.0,53,+14.975,Finished,,,
480,patrese,williams,5,4,4,3.0,53,+38.722,Finished,,,
480,alesi,tyrrell,10,5,5,2.0,52,,+1 Lap,,,
480,brundle,brabham,12,6,6,1.0,52,,+1 Lap,,,
480,martini,minardi,15,7,7,0.0,52,,+1 Lap,,,
480,sala,minardi,26,8,8,0.0,51,,+2 Laps,,,
480,arnoux,ligier,23,9,9,0.0,51,,+2 Laps,,,
480,satoru_nakajima,team_lotus,19,10,10,0.0,51,,Suspension,,,
480,caffi,dallara,20,11,11,0.0,47,,Engine,,,
480,cesaris,dallara,17,12,R,0.0,45,,Engine,,,
480,senna,mclaren,1,13,R,0.0,44,,Engine,,,
480,mansell,ferrari,3,14,R,0.0,41,,Gearbox,,,
480,gachot,onyx,22,15,R,0.0,38,,Radiator,,,
480,nannini,benetton,8,16,R,0.0,33,,Brakes,,,
480,capelli,march,18,17,R,0.0,30,,Engine,,,
480,grouillard,ligier,21,18,R,0.0,30,,Exhaust,,,
480,piquet,team_lotus,11,19,R,0.0,23,,Spun off,,,
480,palmer,tyrrell,14,20,R,0.0,18,,Engine,,,
480,warwick,arrows,16,21,R,0.0,18,,Fuel system,,,
480,larini,osella,24,22,R,0.0,16,,Gearbox,,,
480,alboreto,larrousse,13,23,R,0.0,14,,Electrical,,,
480,gugelmin,march,25,24,R,0.0,14,,Throttle,,,
480,alliot,larrousse,7,25,R,0.0,1,,Spun off,,,
480,pirro,benetton,9,26,R,0.0,0,,Transmission,,,
480,modena,brabham,0,27,D,0.0,0,,Disqualified,,,
483,nannini,benetton,6,1,1,9.0,53,1:35:06.277,Finished,,,
483,patrese,williams,5,2,2,6.0,53,+11.904,Finished,,,
483,boutsen,williams,7,3,3,4.0,53,+13.446,Finished,,,
483,piquet,team_lotus,11,4,4,3.0,53,+1:44.225,Finished,,,
483,brundle,brabham,13,5,5,2.0,52,,+1 Lap,,,
483,warwick,arrows,25,6,6,1.0,52,,+1 Lap,,,
483,gugelmin,march,20,7,7,0.0,52,,+1 Lap,,,
483,cheever,arrows,24,8,8,0.0,52,,+1 Lap,,,
483,caffi,dallara,15,9,9,0.0,52,,+1 Lap,,,
483,cesaris,dallara,16,10,10,0.0,51,,+2 Laps,,,
483,senna,mclaren,1,11,D,0.0,53,,Disqualified,,,
483,prost,mclaren,2,12,R,0.0,46,,Collision,,,
483,modena,brabham,9,13,R,0.0,46,,Engine,,,
483,mansell,ferrari,4,14,R,0.0,43,,Engine,,,
483,satoru_nakajima,team_lotus,12,15,R,0.0,41,,Engine,,,
483,alesi,tyrrell,18,16,R,0.0,37,,Gearbox,,,
483,alliot,larrousse,8,17,R,0.0,36,,Engine,,,
483,berger,ferrari,3,18,R,0.0,34,,Gearbox,,,
483,pirro,benetton,22,19,R,0.0,33,,Collision,,,
483,grouillard,ligier,23,20,R,0.0,31,,Engine,,,
483,capelli,march,17,21,R,0.0,27,,Suspension,,,
483,larini,osella,10,22,R,0.0,21,,Brakes,,,
483,palmer,tyrrell,26,23,R,0.0,20,,Fuel leak,,,
483,schneider,zakspeed,21,24,R,0.0,1,,Gearbox,,,
483,sala,minardi,14,25,R,0.0,0,,Collision,,,
483,barilla,minardi,19,26,R,0.0,0,,Clutch,,,
487,patrese,williams,3,1,1,9.0,61,1:30:55.478,Finished,,,
487,berger,mclaren,2,2,2,6.0,61,+5.117,Finished,,,
487,nannini,benetton,9,3,3,4.0,61,+6.240,Finished,,,
487,prost,ferrari,6,4,4,3.0,61,+6.843,Finished,,,
487,piquet,benetton,8,5,5,2.0,61,+53.112,Finished,,,
487,alesi,tyrrell,7,6,6,1.0,60,,+1 Lap,,,
487,warwick,team_lotus,10,7,7,0.0,60,,+1 Lap,,,
487,donnelly,team_lotus,11,8,8,0.0,60,,+1 Lap,,,
487,alliot,ligier,16,9,9,0.0,60,,+1 Lap,,,
487,larini,ligier,20,10,10,0.0,59,,+2 Laps,,,
487,barilla,minardi,26,11,11,0.0,59,,+2 Laps,,,
487,lehto,onyx,25,12,12,0.0,59,,+2 Laps,,,
487,bernard,larrousse,13,13,13,0.0,56,,Clutch,,,
487,grouillard,osella,22,14,R,0.0,52,,Wheel,,,
487,mansell,ferrari,5,15,R,0.0,38,,Engine,,,
487,foitek,onyx,23,16,R,0.0,35,,Engine,,,
487,modena,brabham,14,17,R,0.0,31,,Brakes,,,
487,cesaris,dallara,17,18,R,0.0,29,,Wheel,,,
487,gugelmin,leyton,12,19,R,0.0,24,,Electrical,,,
487,boutsen,williams,4,20,R,0.0,17,,Engine,,,
487,suzuki,larrousse,15,21,R,0.0,17,,Clutch,,,
487,senna,mclaren,1,22,R,0.0,3,,Wheel,,,
487,pirro,dallara,21,23,R,0.0,2,,Spun off,,,
487,capelli,leyton,18,24,R,0.0,0,,Collision,,,
487,satoru_nakajima,tyrrell,19,25,R,0.0,0,,Collision,,,
487,moreno,eurobrun,24,26,R,0.0,0,,Throttle,,,
487,martini,minardi,0,27,W,0.0,0,,Accident,,,
489,senna,mclaren,1,1,1,9.0,70,1:42:56.400,Finished,,,
489,piquet,benetton,5,2,2,6.0,70,+10.497,Finished,,,
489,mansell,ferrari,7,3,3,4.0,70,+13.385,Finished,,,
489,berger,mclaren,2,4,4,3.0,70,+14.854,Finished,,,
489,prost,ferrari,3,5,5,2.0,70,+15.820,Finished,,,
489,warwick,team_lotus,11,6,6,1.0,68,,+2 Laps,,,
489,modena,brabham,10,7,7,0.0,68,,+2 Laps,,,
489,caffi,arrows,26,8,8,0.0,68,,+2 Laps,,,
489,bernard,larrousse,23,9,9,0.0,67,,+3 Laps,,,
489,capelli,leyton,24,10,10,0.0,67,,+3 Laps,,,
489,satoru_nakajima,tyrrell,13,11,11,0.0,67,,+3 Laps,,,
489,suzuki,larrousse,18,12,12,0.0,66,,+4 Laps,,,
489,grouillard,osella,15,13,13,0.0,65,,+5 Laps,,,
489,donnelly,team_lotus,12,14,R,0.0,57,,Engine,,,
489,foitek,onyx,21,15,R,0.0,53,,Engine,,,
489,cesaris,dallara,25,16,R,0.0,50,,Gearbox,,,
489,lehto,onyx,22,17,R,0.0,46,,Engine,,,
489,patrese,williams,9,18,R,0.0,44,,Brakes,,,
489,alliot,ligier,17,19,R,0.0,34,,Engine,,,
489,alesi,tyrrell,8,20,R,0.0,26,,Spun off,,,
489,nannini,benetton,4,21,R,0.0,21,,Spun off,,,
489,boutsen,williams,6,22,R,0.0,19,,Collision,,,
489,larini,ligier,20,23,R,0.0,18,,Collision,,,
489,pirro,dallara,19,24,R,0.0,11,,Collision,,,
489,alboreto,arrows,14,25,R,0.0,11,,Collision,,,
489,martini,minardi,16,26,R,0.0,0,,Spun off,,,
490,prost,ferrari,13,1,1,9.0,69,1:32:35.783,Finished,,,
490,mansell,ferrari,4,2,2,6.0,69,+25.351,Finished,,,
490,berger,mclaren,1,3,3,4.0,69,+25.530,Finished,,,
490,nannini,benetton,14,4,4,3.0,69,+41.099,Finished,,,
490,boutsen,williams,5,5,5,2.0,69,+46.669,Finished,,,
490,piquet,benetton,8,6,6,1.0,69,+46.943,Finished,,,
490,alesi,tyrrell,6,7,7,0.0,69,+49.077,Finished,,,
490,donnelly,team_lotus,12,8,8,0.0,69,+1:06.142,Finished,,,
490,patrese,williams,2,9,9,0.0,69,+1:09.918,Finished,,,
490,warwick,team_lotus,11,10,10,0.0,68,,+1 Lap,,,
490,modena,brabham,10,11,11,0.0,68,,+1 Lap,,,
490,martini,minardi,7,12,12,0.0,68,,+1 Lap,,,
490,cesaris,dallara,15,13,13,0.0,68,,+1 Lap,,,
490,barilla,minardi,16,14,14,0.0,67,,+2 Laps,,,
490,foitek,onyx,23,15,15,0.0,67,,+2 Laps,,,
490,larini,ligier,24,16,16,0.0,67,,+2 Laps,,,
490,alboreto,arrows,17,17,17,0.0,66,,+3 Laps,,,
490,alliot,ligier,22,18,18,0.0,66,,+3 Laps,,,
490,grouillard,osella,20,19,19,0.0,65,,+4 Laps,,,
490,senna,mclaren,3,20,20,0.0,63,,Tyre,,,
490,lehto,onyx,26,21,R,0.0,26,,Engine,,,
490,bernard,larrousse,25,22,R,0.0,12,,Brakes,,,
490,suzuki,larrousse,19,23,R,0.0,11,,Collision,,,
490,satoru_nakajima,tyrrell,9,24,R,0.0,11,,Collision,,,
490,brabham,brabham,21,25,R,0.0,11,,Electrical,,,
490,pirro,dallara,18,26,R,0.0,10,,Engine,,,
490,moreno,eurobrun,0,27,D,0.0,0,,Disqualified,,,
493,senna,mclaren,1,1,1,9.0,45,1:20:47.164,Finished,,,
493,nannini,benetton,9,2,2,6.0,45,+6.520,Finished,,,
493,berger,mclaren,2,3,3,4.0,45,+8.553,Finished,,,
493,prost,ferrari,3,4,4,3.0,45,+45.270,Finished,,,
493,patrese,williams,5,5,5,2.0,45,+48.028,Finished,,,
493,boutsen,williams,6,6,6,1.0,45,+1:21.491,Finished,,,
493,capelli,leyton,10,7,7,0.0,44,,+1 Lap,,,
493,warwick,team_lotus,16,8,8,0.0,44,,+1 Lap,,,
493,caffi,arrows,18,9,9,0.0,44,,+1 Lap,,,
493,larini,ligier,22,10,10,0.0,43,,+2 Laps,,,
493,alesi,tyrrell,8,11,11,0.0,40,,Transmission,,,
493,lehto,onyx,25,12,R,0.0,39,,Not classified,,,
493,bernard,larrousse,12,13,R,0.0,35,,Fuel pump,,,
493,suzuki,larrousse,11,14,R,0.0,33,,Clutch,,,
493,satoru_nakajima,tyrrell,13,15,R,0.0,24,,Engine,,,
493,piquet,benetton,7,16,R,0.0,23,,Engine,,,
493,martini,minardi,15,17,R,0.0,20,,Engine,,,
493,foitek,onyx,26,18,R,0.0,19,,Spun off,,,
493,mansell,ferrari,4,19,R,0.0,15,,Broken wing,,,
493,gugelmin,leyton,14,20,R,0.0,12,,Engine,,,
493,brabham,brabham,21,21,R,0.0,12,,Engine,,,
493,alboreto,arrows,19,22,R,0.0,10,,Engine,,,
493,donnelly,team_lotus,20,23,R,0.0,1,,Clutch,,,
493,modena,brabham,17,24,R,0.0,0,,Clutch,,,
493,pirro,dallara,23,25,R,0.0,0,,Collision,,,
493,alliot,ligier,24,26,D,0.0,0,,Disqualified,,,
495,senna,mclaren,1,1,1,9.0,44,1:26:31.997,Finished,,,
495,prost,ferrari,3,2,2,6.0,44,+3.550,Finished,,,
495,berger,mclaren,2,3,3,4.0,44,+28.462,Finished,,,
495,nannini,benetton,6,4,4,3.0,44,+49.337,Finished,,,
495,piquet,benetton,8,5,5,2.0,44,+1:29.650,Finished,,,
495,gugelmin,leyton,14,6,6,1.0,44,+1:48.851,Finished,,,
495,capelli,leyton,12,7,7,0.0,43,,+1 Lap,,,
495,alesi,tyrrell,9,8,8,0.0,43,,+1 Lap,,,
495,bernard,larrousse,15,9,9,0.0,43,,+1 Lap,,,
495,caffi,arrows,19,10,10,0.0,43,,+1 Lap,,,
495,warwick,team_lotus,18,11,11,0.0,43,,+1 Lap,,,
495,donnelly,team_lotus,22,12,12,0.0,43,,+1 Lap,,,
495,alboreto,arrows,26,13,13,0.0,43,,+1 Lap,,,
495,larini,ligier,21,14,14,0.0,42,,+2 Laps,,,
495,martini,minardi,16,15,15,0.0,42,,+2 Laps,,,
495,grouillard,osella,23,16,16,0.0,42,,+2 Laps,,,
495,modena,brabham,13,17,17,0.0,39,,Engine,,,
495,brabham,brabham,24,18,R,0.0,36,,Electrical,,,
495,cesaris,dallara,20,19,R,0.0,27,,Engine,,,
495,boutsen,williams,4,20,R,0.0,21,,Transmission,,,
495,mansell,ferrari,5,21,R,0.0,19,,Handling,,,
495,patrese,williams,7,22,R,0.0,18,,Gearbox,,,
495,pirro,dallara,17,23,R,0.0,5,,Water leak,,,
495,satoru_nakajima,tyrrell,10,24,R,0.0,4,,Engine,,,
495,suzuki,larrousse,11,25,R,0.0,0,,Accident,,,
495,barilla,minardi,25,26,R,0.0,0,,Accident,,,
497,mansell,ferrari,1,1,1,9.0,61,1:22:11.014,Finished,,,
497,senna,mclaren,3,2,2,6.0,61,+2.808,Finished,,,
497,prost,ferrari,2,3,3,4.0,61,+4.189,Finished,,,
497,berger,mclaren,4,4,4,3.0,61,+5.896,Finished,,,
497,piquet,benetton,6,5,5,2.0,61,+57.418,Finished,,,
497,nannini,benetton,9,6,6,1.0,61,+58.249,Finished,,,
497,patrese,williams,5,7,7,0.0,60,,+1 Lap,,,
497,alesi,tyrrell,8,8,8,0.0,60,,+1 Lap,,,
497,alboreto,arrows,19,9,9,0.0,60,,+1 Lap,,,
497,larini,ligier,22,10,10,0.0,59,,+2 Laps,,,
497,martini,minardi,16,11,11,0.0,59,,+2 Laps,,,
497,gugelmin,leyton,14,12,12,0.0,59,,+2 Laps,,,
497,caffi,arrows,17,13,13,0.0,58,,Accident,,,
497,suzuki,larrousse,11,14,14,0.0,58,,Accident,,,
497,pirro,dallara,13,15,15,0.0,58,,+3 Laps,,,
497,alliot,ligier,20,16,R,0.0,52,,Accident,,,
497,brabham,brabham,25,17,R,0.0,52,,Gearbox,,,
497,capelli,leyton,12,18,R,0.0,51,,Engine,,,
497,boutsen,williams,7,19,R,0.0,30,,Engine,,,
497,bernard,larrousse,10,20,R,0.0,24,,Gearbox,,,
497,modena,brabham,23,21,R,0.0,21,,Gearbox,,,
497,donnelly,team_lotus,15,22,R,0.0,14,,Alternator,,,
497,warwick,team_lotus,21,23,R,0.0,5,,Throttle,,,
497,dalmas,ags,24,24,R,0.0,3,,Halfshaft,,,
497,cesaris,dallara,18,25,R,0.0,0,,Spun off,,,
497,satoru_nakajima,tyrrell,0,26,W,0.0,0,,Withdrew,,,
501,senna,mclaren,1,1,1,10.0,81,2:00:47.828,Finished,,,
501,prost,ferrari,2,2,2,6.0,81,+16.322,Finished,,,
501,piquet,benetton,5,3,3,4.0,81,+1:17.376,Finished,,,
501,modena,tyrrell,11,4,4,3.0,81,+1:25.409,Finished,,,
501,satoru_nakajima,tyrrell,16,5,5,2.0,80,,+1 Lap,,,
501,suzuki,larrousse,21,6,6,1.0,79,,+2 Laps,,,
501,larini,lambo,17,7,7,0.0,78,,+3 Laps,,,
501,tarquini,ags,22,8,8,0.0,77,,+4 Laps,,,
501,martini,minardi,15,9,9,0.0,75,,Engine,,,
501,gachot,jordan,14,10,10,0.0,75,,Engine,,,
501,brundle,brabham,12,11,11,0.0,73,,+8 Laps,,,
501,alesi,ferrari,6,12,12,0.0,72,,Gearbox,,,
501,hakkinen,team_lotus,13,13,13,0.0,59,,Engine,,,
501,patrese,williams,3,14,R,0.0,49,,Gearbox,,,
501,moreno,benetton,8,15,R,0.0,49,,Collision,,,
501,alboreto,footwork,25,16,R,0.0,41,,Engine,,,
501,capelli,leyton,18,17,R,0.0,40,,Gearbox,,,
501,boutsen,ligier,20,18,R,0.0,40,,Engine,,,
501,berger,mclaren,7,19,R,0.0,36,,Fuel pump,,,
501,mansell,williams,4,20,R,0.0,35,,Gearbox,,,
501,gugelmin,leyton,23,21,R,0.0,34,,Gearbox,,,
501,blundell,brabham,24,22,R,0.0,32,,Spun off,,,
501,pirro,dallara,9,23,R,0.0,16,,Gearbox,,,
501,morbidelli,minardi,26,24,R,0.0,15,,Gearbox,,,
501,lehto,dallara,10,25,R,0.0,12,,Gearbox,,,
501,bernard,larrousse,19,26,R,0.0,4,,Engine,,,
505,piquet,benetton,8,1,1,10.0,69,1:38:51.490,Finished,,,
505,modena,tyrrell,9,2,2,6.0,69,+31.832,Finished,,,
505,patrese,williams,1,3,3,4.0,69,+42.217,Finished,,,
505,cesaris,jordan,11,4,4,3.0,69,+1:20.210,Finished,,,
505,gachot,jordan,14,5,5,2.0,69,+1:22.351,Finished,,,
505,mansell,williams,2,6,6,1.0,68,,Electrical,,,
505,martini,minardi,18,7,7,0.0,68,,+1 Lap,,,
505,comas,ligier,26,8,8,0.0,68,,+1 Lap,,,
505,pirro,dallara,10,9,9,0.0,68,,+1 Lap,,,
505,satoru_nakajima,tyrrell,12,10,10,0.0,67,,+2 Laps,,,
505,gugelmin,leyton,23,11,R,0.0,61,,Engine,,,
505,lehto,dallara,17,12,R,0.0,50,,Engine,,,
505,johansson,footwork,25,13,R,0.0,48,,Throttle,,,
505,capelli,leyton,13,14,R,0.0,42,,Engine,,,
505,alesi,ferrari,7,15,R,0.0,34,,Engine,,,
505,bernard,lola,19,16,R,0.0,29,,Gearbox,,,
505,prost,ferrari,4,17,R,0.0,27,,Gearbox,,,
505,boutsen,ligier,16,18,R,0.0,27,,Engine,,,
505,senna,mclaren,3,19,R,0.0,25,,Alternator,,,
505,hakkinen,team_lotus,24,20,R,0.0,21,,Spun off,,,
505,brundle,brabham,20,21,R,0.0,21,,Engine,,,
505,morbidelli,minardi,15,22,R,0.0,20,,Spun off,,,
505,moreno,benetton,5,23,R,0.0,10,,Suspension,,,
505,berger,mclaren,6,24,R,0.0,4,,Injection,,,
505,suzuki,lola,22,25,R,0.0,3,,Fuel leak,,,
505,alboreto,footwork,21,26,R,0.0,2,,Throttle,,,
506,patrese,williams,1,1,1,10.0,67,1:29:52.205,Finished,,,
506,mansell,williams,2,2,2,6.0,67,+1.336,Finished,,,
506,senna,mclaren,3,3,3,4.0,67,+57.356,Finished,,,
506,cesaris,jordan,11,4,4,3.0,66,,+1 Lap,,,
506,moreno,benetton,9,5,5,2.0,66,,+1 Lap,,,
506,bernard,lola,23,6,6,1.0,66,,+1 Lap,,,
506,morbidelli,minardi,14,7,7,0.0,66,,+1 Lap,,,
506,boutsen,ligier,10,8,8,0.0,65,,+2 Laps,,,
506,hakkinen,team_lotus,24,9,9,0.0,65,,+2 Laps,,,
506,herbert,team_lotus,25,10,10,0.0,65,,+2 Laps,,,
506,modena,tyrrell,8,11,11,0.0,65,,+2 Laps,,,
506,satoru_nakajima,tyrrell,13,12,12,0.0,64,,+3 Laps,,,
506,blundell,brabham,12,13,R,0.0,54,,Engine,,,
506,gachot,jordan,20,14,R,0.0,51,,Spun off,,,
506,suzuki,lola,19,15,R,0.0,48,,Gearbox,,,
506,piquet,benetton,6,16,R,0.0,44,,Wheel bearing,,,
506,alesi,ferrari,4,17,R,0.0,42,,Clutch,,,
506,lehto,dallara,16,18,R,0.0,30,,Engine,,,
506,alboreto,footwork,26,19,R,0.0,24,,Engine,,,
506,brundle,brabham,17,20,R,0.0,20,,Wheel,,,
506,capelli,leyton,22,21,R,0.0,19,,Engine,,,
506,prost,ferrari,7,22,R,0.0,16,,Alternator,,,
506,gugelmin,leyton,18,23,R,0.0,15,,Engine,,,
506,grouillard,fondmetal,21,24,R,0.0,13,,Engine,,,
506,berger,mclaren,5,25,R,0.0,5,,Engine,,,
506,martini,minardi,15,26,R,0.0,4,,Spun off,,,
507,mansell,williams,4,1,1,10.0,72,1:38:00.056,Finished,,,
507,prost,ferrari,2,2,2,6.0,72,+5.003,Finished,,,
507,senna,mclaren,3,3,3,4.0,72,+34.934,Finished,,,
507,alesi,ferrari,6,4,4,3.0,72,+35.920,Finished,,,
507,patrese,williams,1,5,5,2.0,71,,+1 Lap,,,
507,cesaris,jordan,13,6,6,1.0,71,,+1 Lap,,,
507,gugelmin,leyton,9,7,7,0.0,70,,+2 Laps,,,
507,piquet,benetton,7,8,8,0.0,70,,+2 Laps,,,
507,martini,minardi,12,9,9,0.0,70,,+2 Laps,,,
507,herbert,team_lotus,20,10,10,0.0,70,,+2 Laps,,,
507,comas,ligier,14,11,11,0.0,70,,+2 Laps,,,
507,boutsen,ligier,16,12,12,0.0,69,,+3 Laps,,,
507,moreno,benetton,8,13,R,0.0,63,,Physical,,,
507,modena,tyrrell,11,14,R,0.0,57,,Gearbox,,,
507,grouillard,fondmetal,21,15,R,0.0,47,,Oil leak,,,
507,bernard,lola,23,16,R,0.0,43,,Transmission,,,
507,lehto,dallara,26,17,R,0.0,39,,Tyre,,,
507,blundell,brabham,17,18,R,0.0,36,,Spun off,,,
507,suzuki,lola,22,19,R,0.0,32,,Transmission,,,
507,alboreto,footwork,25,20,R,0.0,31,,Gearbox,,,
507,brundle,brabham,24,21,R,0.0,21,,Gearbox,,,
507,satoru_nakajima,tyrrell,18,22,R,0.0,12,,Spun off,,,
507,morbidelli,minardi,10,23,R,0.0,8,,Collision,,,
507,capelli,leyton,15,24,R,0.0,7,,Spun off,,,
507,berger,mclaren,5,25,R,0.0,6,,Engine,,,
507,gachot,jordan,19,26,R,0.0,0,,Spun off,,,
508,mansell,williams,1,1,1,10.0,59,1:27:35.479,Finished,,,
508,berger,mclaren,4,2,2,6.0,59,+42.293,Finished,,,
508,prost,ferrari,5,3,3,4.0,59,+1:00.150,Finished,,,
508,senna,mclaren,2,4,4,3.0,58,,Out of fuel,,,
508,piquet,benetton,8,5,5,2.0,58,,+1 Lap,,,
508,gachot,jordan,17,6,6,1.0,58,,+1 Lap,,,
508,modena,tyrrell,10,7,7,0.0,58,,+1 Lap,,,
508,satoru_nakajima,tyrrell,15,8,8,0.0,58,,+1 Lap,,,
508,martini,minardi,23,9,9,0.0,58,,+1 Lap,,,
508,pirro,dallara,18,10,10,0.0,57,,+2 Laps,,,
508,morbidelli,minardi,20,11,11,0.0,57,,+2 Laps,,,
508,hakkinen,team_lotus,25,12,12,0.0,57,,+2 Laps,,,
508,lehto,dallara,11,13,13,0.0,56,,+3 Laps,,,
508,herbert,team_lotus,24,14,14,0.0,55,,Oil pressure,,,
508,blundell,brabham,12,15,R,0.0,52,,Engine,,,
508,cesaris,jordan,13,16,R,0.0,41,,Spun off,,,
508,alesi,ferrari,6,17,R,0.0,31,,Collision,,,
508,suzuki,lola,22,18,R,0.0,29,,Collision,,,
508,boutsen,ligier,19,19,R,0.0,29,,Engine,,,
508,brundle,brabham,14,20,R,0.0,28,,Throttle,,,
508,alboreto,footwork,26,21,R,0.0,25,,Transmission,,,
508,gugelmin,leyton,9,22,R,0.0,24,,Chassis,,,
508,moreno,benetton,7,23,R,0.0,21,,Gearbox,,,
508,bernard,lola,21,24,R,0.0,21,,Transmission,,,
508,capelli,leyton,16,25,R,0.0,16,,Spun off,,,
508,patrese,williams,3,26,R,0.0,1,,Collision,,,
509,mansell,williams,1,1,1,10.0,45,1:19:29.661,Finished,,,
509,patrese,williams,4,2,2,6.0,45,+13.779,Finished,,,
509,alesi,ferrari,6,3,3,4.0,45,+17.618,Finished,,,
509,berger,mclaren,3,4,4,3.0,45,+32.651,Finished,,,
509,cesaris,jordan,7,5,5,2.0,45,+1:17.537,Finished,,,
509,gachot,jordan,11,6,6,1.0,45,+1:40.605,Finished,,,
509,senna,mclaren,2,7,7,0.0,44,,Out of fuel,,,
509,moreno,benetton,9,8,8,0.0,44,,+1 Lap,,,
509,boutsen,ligier,17,9,9,0.0,44,,+1 Lap,,,
509,pirro,dallara,18,10,10,0.0,44,,+1 Lap,,,
509,brundle,brabham,15,11,11,0.0,43,,+2 Laps,,,
509,blundell,brabham,21,12,12,0.0,43,,+2 Laps,,,
509,modena,tyrrell,14,13,13,0.0,41,,+4 Laps,,,
509,prost,ferrari,5,14,R,0.0,37,,Spun off,,,
509,capelli,leyton,12,15,R,0.0,36,,Engine,,,
509,lehto,dallara,20,16,R,0.0,35,,Engine,,,
509,piquet,benetton,8,17,R,0.0,27,,Engine,,,
509,satoru_nakajima,tyrrell,13,18,R,0.0,26,,Gearbox,,,
509,comas,ligier,26,19,R,0.0,22,,Engine,,,
509,gugelmin,leyton,16,20,R,0.0,21,,Gearbox,,,
509,hakkinen,team_lotus,23,21,R,0.0,19,,Engine,,,
509,suzuki,lola,22,22,R,0.0,15,,Engine,,,
509,morbidelli,minardi,19,23,R,0.0,14,,Differential,,,
509,martini,minardi,10,24,R,0.0,11,,Differential,,,
509,bernard,lola,25,25,R,0.0,9,,Transmission,,,
509,larini,lambo,24,26,R,0.0,0,,Spun off,,,
510,senna,mclaren,1,1,1,10.0,77,1:49:12.796,Finished,,,
510,mansell,williams,3,2,2,6.0,77,+4.599,Finished,,,
510,patrese,williams,2,3,3,4.0,77,+15.594,Finished,,,
510,berger,mclaren,5,4,4,3.0,77,+21.856,Finished,,,
510,alesi,ferrari,6,5,5,2.0,77,+31.389,Finished,,,
510,capelli,leyton,9,6,6,1.0,76,,+1 Lap,,,
510,cesaris,jordan,17,7,7,0.0,76,,+1 Lap,,,
510,moreno,benetton,15,8,8,0.0,76,,+1 Lap,,,
510,gachot,jordan,16,9,9,0.0,76,,+1 Lap,,,
510,comas,ligier,25,10,10,0.0,75,,+2 Laps,,,
510,gugelmin,leyton,13,11,11,0.0,75,,+2 Laps,,,
510,modena,tyrrell,8,12,12,0.0,75,,+2 Laps,,,
510,morbidelli,minardi,23,13,13,0.0,75,,+2 Laps,,,
510,hakkinen,team_lotus,26,14,14,0.0,74,,+3 Laps,,,
510,satoru_nakajima,tyrrell,14,15,15,0.0,74,,+3 Laps,,,
510,larini,lambo,24,16,16,0.0,74,,+3 Laps,,,
510,boutsen,ligier,19,17,17,0.0,71,,Engine,,,
510,martini,minardi,18,18,R,0.0,65,,Engine,,,
510,blundell,brabham,20,19,R,0.0,62,,Tyre,,,
510,brundle,brabham,10,20,R,0.0,59,,Physical,,,
510,lehto,dallara,12,21,R,0.0,49,,Engine,,,
510,piquet,benetton,11,22,R,0.0,38,,Gearbox,,,
510,bernard,lola,21,23,R,0.0,38,,Engine,,,
510,suzuki,lola,22,24,R,0.0,38,,Engine,,,
510,pirro,dallara,7,25,R,0.0,37,,Engine,,,
510,prost,ferrari,4,26,R,0.0,28,,Engine,,,
512,mansell,williams,2,1,1,10.0,53,1:17:54.319,Finished,,,
512,senna,mclaren,1,2,2,6.0,53,+16.262,Finished,,,
512,prost,ferrari,5,3,3,4.0,53,+16.829,Finished,,,
512,berger,mclaren,3,4,4,3.0,53,+27.719,Finished,,,
512,michael_schumacher,benetton,7,5,5,2.0,53,+34.463,Finished,,,
512,piquet,benetton,8,6,6,1.0,53,+45.600,Finished,,,
512,cesaris,jordan,14,7,7,0.0,53,+51.136,Finished,,,
512,capelli,leyton,12,8,8,0.0,53,+1:15.019,Finished,,,
512,morbidelli,minardi,17,9,9,0.0,52,,+1 Lap,,,
512,pirro,dallara,16,10,10,0.0,52,,+1 Lap,,,
512,comas,ligier,22,11,11,0.0,52,,+1 Lap,,,
512,blundell,brabham,11,12,12,0.0,52,,+1 Lap,,,
512,brundle,brabham,19,13,13,0.0,52,,+1 Lap,,,
512,hakkinen,team_lotus,25,14,14,0.0,49,,+4 Laps,,,
512,gugelmin,leyton,18,15,15,0.0,49,,+4 Laps,,,
512,larini,lambo,23,16,16,0.0,48,,+5 Laps,,,
512,grouillard,fondmetal,26,17,R,0.0,46,,Engine,,,
512,lehto,dallara,20,18,R,0.0,35,,Overheating,,,
512,modena,tyrrell,13,19,R,0.0,32,,Engine,,,
512,alesi,ferrari,6,20,R,0.0,29,,Engine,,,
512,patrese,williams,4,21,R,0.0,27,,Gearbox,,,
512,satoru_nakajima,tyrrell,15,22,R,0.0,24,,Throttle,,,
512,bernard,lola,24,23,R,0.0,21,,Engine,,,
512,martini,minardi,10,24,R,0.0,8,,Spun off,,,
512,moreno,jordan,9,25,R,0.0,2,,Spun off,,,
512,boutsen,ligier,21,26,R,0.0,1,,Spun off,,,
515,berger,mclaren,1,1,1,10.0,53,1:32:10.695,Finished,,,
515,senna,mclaren,2,2,2,6.0,53,+0.344,Finished,,,
515,patrese,williams,5,3,3,4.0,53,+56.731,Finished,,,
515,prost,ferrari,4,4,4,3.0,53,+1:20.761,Finished,,,
515,brundle,brabham,19,5,5,2.0,52,,+1 Lap,,,
515,modena,tyrrell,14,6,6,1.0,52,,+1 Lap,,,
515,piquet,benetton,10,7,7,0.0,52,,+1 Lap,,,
515,gugelmin,leyton,18,8,8,0.0,52,,+1 Lap,,,
515,boutsen,ligier,17,9,9,0.0,52,,+1 Lap,,,
515,caffi,footwork,26,10,10,0.0,51,,+2 Laps,,,
515,tarquini,fondmetal,24,11,11,0.0,50,,+3 Laps,,,
515,comas,ligier,20,12,R,0.0,41,,Alternator,,,
515,martini,minardi,7,13,R,0.0,39,,Electrical,,,
515,michael_schumacher,benetton,9,14,R,0.0,34,,Engine,,,
515,herbert,team_lotus,23,15,R,0.0,31,,Engine,,,
515,satoru_nakajima,tyrrell,15,16,R,0.0,30,,Spun off,,,
515,suzuki,lola,25,17,R,0.0,26,,Engine,,,
515,morbidelli,minardi,8,18,R,0.0,15,,Wheel,,,
515,mansell,williams,3,19,R,0.0,9,,Spun off,,,
515,zanardi,jordan,13,20,R,0.0,7,,Gearbox,,,
515,hakkinen,team_lotus,21,21,R,0.0,4,,Engine,,,
515,cesaris,jordan,11,22,R,0.0,1,,Accident,,,
515,lehto,dallara,12,23,R,0.0,1,,Accident,,,
515,pirro,dallara,16,24,R,0.0,1,,Accident,,,
515,wendlinger,leyton,22,25,R,0.0,1,,Accident,,,
515,alesi,ferrari,6,26,R,0.0,0,,Engine,,,
517,mansell,williams,1,1,1,10.0,72,1:36:45.320,Finished,,,
517,patrese,williams,4,2,2,6.0,72,+24.360,Finished,,,
517,senna,mclaren,2,3,3,4.0,72,+34.675,Finished,,,
517,michael_schumacher,benetton,6,4,4,3.0,72,+47.863,Finished,,,
517,berger,mclaren,3,5,5,2.0,72,+1:13.634,Finished,,,
517,herbert,team_lotus,11,6,6,1.0,71,,+1 Lap,,,
517,comas,ligier,13,7,7,0.0,71,,+1 Lap,,,
517,suzuki,footwork,16,8,8,0.0,70,,+2 Laps,,,
517,hakkinen,team_lotus,21,9,9,0.0,70,,+2 Laps,,,
517,alboreto,footwork,17,10,10,0.0,70,,+2 Laps,,,
517,gugelmin,jordan,23,11,11,0.0,70,,+2 Laps,,,
517,katayama,larrousse,18,12,12,0.0,68,,+4 Laps,,,
517,poele,brabham,26,13,13,0.0,68,,+4 Laps,,,
517,grouillard,tyrrell,12,14,R,0.0,62,,Engine,,,
517,boutsen,ligier,14,15,R,0.0,60,,Fuel system,,,
517,martini,dallara,25,16,R,0.0,56,,Clutch,,,
517,morbidelli,minardi,19,17,R,0.0,55,,Engine,,,
517,lehto,dallara,24,18,R,0.0,44,,Gearbox,,,
517,fittipaldi,minardi,20,19,R,0.0,43,,Alternator,,,
517,cesaris,tyrrell,10,20,R,0.0,41,,Engine,,,
517,alesi,ferrari,5,21,R,0.0,40,,Engine,,,
517,capelli,ferrari,9,22,R,0.0,28,,Engine,,,
517,tarquini,fondmetal,15,23,R,0.0,23,,Engine,,,
517,wendlinger,march,7,24,R,0.0,13,,Overheating,,,
517,gachot,larrousse,22,25,R,0.0,8,,Steering,,,
517,brundle,benetton,8,26,R,0.0,1,,Clutch,,,
521,mansell,williams,1,1,1,10.0,60,1:28:40.927,Finished,,,
521,patrese,williams,2,2,2,6.0,60,+9.451,Finished,,,
521,senna,mclaren,3,3,3,4.0,60,+48.984,Finished,,,
521,brundle,benetton,6,4,4,3.0,60,+53.007,Finished,,,
521,alboreto,footwork,9,5,5,2.0,59,,+1 Lap,,,
521,martini,dallara,15,6,6,1.0,59,,+1 Lap,,,
521,gugelmin,jordan,16,7,7,0.0,58,,+2 Laps,,,
521,grouillard,tyrrell,20,8,8,0.0,58,,+2 Laps,,,
521,comas,ligier,13,9,9,0.0,58,,+2 Laps,,,
521,suzuki,footwork,11,10,10,0.0,58,,+2 Laps,,,
521,lehto,dallara,16,11,11,0.0,57,,Engine,,,
521,wendlinger,march,12,12,12,0.0,57,,+3 Laps,,,
521,belmondo,march,24,13,13,0.0,57,,+3 Laps,,,
521,cesaris,tyrrell,14,14,14,0.0,55,,Fuel system,,,
521,katayama,larrousse,17,15,R,0.0,40,,Spun off,,,
521,alesi,ferrari,7,16,R,0.0,39,,Collision,,,
521,berger,mclaren,4,17,R,0.0,39,,Collision,,,
521,gachot,larrousse,19,18,R,0.0,32,,Spun off,,,
521,boutsen,ligier,10,19,R,0.0,29,,Engine,,,
521,modena,jordan,23,20,R,0.0,25,,Gearbox,,,
521,morbidelli,minardi,21,21,R,0.0,24,,Engine,,,
521,tarquini,fondmetal,22,22,R,0.0,24,,Engine,,,
521,michael_schumacher,benetton,5,23,R,0.0,20,,Spun off,,,
521,capelli,ferrari,8,24,R,0.0,11,,Spun off,,,
521,fittipaldi,minardi,25,25,R,0.0,8,,Gearbox,,,
521,herbert,team_lotus,26,26,R,0.0,8,,Gearbox,,,
524,mansell,williams,1,1,1,10.0,69,1:38:08.459,Finished,,,
524,patrese,williams,2,2,2,6.0,69,+46.447,Finished,,,
524,brundle,benetton,7,3,3,4.0,69,+1:12.579,Finished,,,
524,hakkinen,team_lotus,11,4,4,3.0,68,,+1 Lap,,,
524,comas,ligier,10,5,5,2.0,68,,+1 Lap,,,
524,herbert,team_lotus,12,6,6,1.0,68,,+1 Lap,,,
524,alboreto,footwork,14,7,7,0.0,68,,+1 Lap,,,
524,morbidelli,minardi,16,8,8,0.0,68,,+1 Lap,,,
524,lehto,dallara,17,9,9,0.0,67,,+2 Laps,,,
524,martini,dallara,25,10,10,0.0,67,,+2 Laps,,,
524,grouillard,tyrrell,22,11,11,0.0,66,,+3 Laps,,,
524,alesi,ferrari,6,12,R,0.0,61,,Engine,,,
524,cesaris,tyrrell,19,13,R,0.0,51,,Spun off,,,
524,katayama,larrousse,18,14,R,0.0,41,,Engine,,,
524,boutsen,ligier,9,15,R,0.0,46,,Spun off,,,
524,capelli,ferrari,8,16,R,0.0,38,,Engine,,,
524,wendlinger,march,21,17,R,0.0,33,,Gearbox,,,
524,modena,jordan,20,18,R,0.0,25,,Engine,,,
524,suzuki,footwork,15,19,R,0.0,20,,Spun off,,,
524,michael_schumacher,benetton,5,20,R,0.0,17,,Accident,,,
524,berger,mclaren,4,21,R,0.0,10,,Engine,,,
524,tarquini,fondmetal,23,22,R,0.0,6,,Throttle,,,
524,senna,mclaren,3,23,R,0.0,0,,Accident,,,
524,gachot,larrousse,13,24,R,0.0,0,,Accident,,,
524,gugelmin,jordan,24,25,R,0.0,0,,Accident,,,
524,chiesa,fondmetal,26,26,R,0.0,0,,Accident,,,
526,mansell,williams,1,1,1,10.0,45,1:18:22.032,Finished,,,
526,senna,mclaren,3,2,2,6.0,45,+4.500,Finished,,,
526,michael_schumacher,benetton,6,3,3,4.0,45,+34.462,Finished,,,
526,brundle,benetton,9,4,4,3.0,45,+36.959,Finished,,,
526,alesi,ferrari,5,5,5,2.0,45,+1:12.607,Finished,,,
526,comas,ligier,7,6,6,1.0,45,+1:36.498,Finished,,,
526,boutsen,ligier,8,7,7,0.0,45,+1:37.180,Finished,,,
526,patrese,williams,2,8,8,0.0,44,,Spun off,,,
526,alboreto,footwork,17,9,9,0.0,44,,+1 Lap,,,
526,lehto,dallara,21,10,10,0.0,44,,+1 Lap,,,
526,martini,dallara,18,11,11,0.0,44,,+1 Lap,,,
526,morbidelli,minardi,26,12,12,0.0,44,,+1 Lap,,,
526,belmondo,march,22,13,13,0.0,44,,+1 Lap,,,
526,gachot,larrousse,25,14,14,0.0,44,,+1 Lap,,,
526,gugelmin,jordan,23,15,15,0.0,43,,+2 Laps,,,
526,wendlinger,march,10,16,16,0.0,42,,+3 Laps,,,
526,tarquini,fondmetal,19,17,R,0.0,33,,Engine,,,
526,cesaris,tyrrell,20,18,R,0.0,25,,Engine,,,
526,herbert,team_lotus,11,19,R,0.0,23,,Engine,,,
526,capelli,ferrari,12,20,R,0.0,21,,Engine,,,
526,hakkinen,team_lotus,13,21,R,0.0,21,,Engine,,,
526,berger,mclaren,4,22,R,0.0,16,,Electrical,,,
526,grouillard,tyrrell,14,23,R,0.0,8,,Engine,,,
526,katayama,larrousse,16,24,R,0.0,8,,Spun off,,,
526,suzuki,footwork,15,25,R,0.0,1,,Spun off,,,
526,zanardi,minardi,24,26,R,0.0,1,,Gearbox,,,
526,mccarthy,moda,0,32,D,0.0,0,,Excluded,,,
529,senna,mclaren,2,1,1,10.0,53,1:18:15.349,Finished,,,
529,brundle,benetton,9,2,2,6.0,53,+17.050,Finished,,,
529,michael_schumacher,benetton,6,3,3,4.0,53,+24.373,Finished,,,
529,berger,mclaren,5,4,4,3.0,53,+1:25.490,Finished,,,
529,patrese,williams,4,5,5,2.0,53,+1:33.158,Finished,,,
529,cesaris,tyrrell,21,6,6,1.0,52,,+1 Lap,,,
529,alboreto,footwork,16,7,7,0.0,52,,+1 Lap,,,
529,martini,dallara,22,8,8,0.0,52,,+1 Lap,,,
529,katayama,larrousse,23,9,9,0.0,50,,Transmission,,,
529,wendlinger,march,17,10,10,0.0,50,,+3 Laps,,,
529,lehto,dallara,14,11,11,0.0,47,,Engine,,,
529,gugelmin,jordan,26,12,R,0.0,46,,Transmission,,,
529,mansell,williams,1,13,R,0.0,41,,Electrical,,,
529,boutsen,ligier,8,14,R,0.0,41,,Throttle,,,
529,comas,ligier,15,15,R,0.0,35,,Spun off,,,
529,tarquini,fondmetal,20,16,R,0.0,30,,Gearbox,,,
529,grouillard,tyrrell,18,17,R,0.0,26,,Engine,,,
529,herbert,team_lotus,13,18,R,0.0,18,,Engine,,,
529,naspetti,march,24,19,R,0.0,17,,Engine,,,
529,alesi,ferrari,3,20,R,0.0,12,,Fuel system,,,
529,capelli,ferrari,7,21,R,0.0,12,,Electrical,,,
529,morbidelli,minardi,12,22,R,0.0,12,,Engine,,,
529,gachot,larrousse,10,23,R,0.0,11,,Engine,,,
529,hakkinen,team_lotus,11,24,R,0.0,5,,Engine,,,
529,suzuki,footwork,19,25,R,0.0,2,,Suspension,,,
529,poele,fondmetal,25,26,R,0.0,0,,Clutch,,,
532,berger,mclaren,4,1,1,10.0,81,1:46:54.786,Finished,,,
532,michael_schumacher,benetton,5,2,2,6.0,81,+0.741,Finished,,,
532,brundle,benetton,8,3,3,4.0,81,+54.156,Finished,,,
532,alesi,ferrari,6,4,4,3.0,80,,+1 Lap,,,
532,boutsen,ligier,22,5,5,2.0,80,,+1 Lap,,,
532,modena,jordan,15,6,6,1.0,80,,+1 Lap,,,
532,hakkinen,team_lotus,10,7,7,0.0,80,,+1 Lap,,,
532,suzuki,footwork,18,8,8,0.0,79,,+2 Laps,,,
532,fittipaldi,minardi,17,9,9,0.0,79,,+2 Laps,,,
532,morbidelli,minardi,16,10,10,0.0,79,,+2 Laps,,,
532,larini,ferrari,19,11,11,0.0,79,,+2 Laps,,,
532,lammers,march,25,12,12,0.0,78,,+3 Laps,,,
532,herbert,team_lotus,12,13,13,0.0,77,,+4 Laps,,,
532,lehto,dallara,24,14,R,0.0,70,,Gearbox,,,
532,naspetti,march,23,15,R,0.0,55,,Gearbox,,,
532,gachot,larrousse,21,16,R,0.0,51,,Fuel system,,,
532,patrese,williams,3,17,R,0.0,50,,Engine,,,
532,katayama,larrousse,26,18,R,0.0,35,,Differential,,,
532,cesaris,tyrrell,7,19,R,0.0,29,,Engine,,,
532,mansell,williams,1,20,R,0.0,18,,Collision,,,
532,senna,mclaren,2,21,R,0.0,18,,Collision,,,
532,gugelmin,jordan,20,22,R,0.0,7,,Spun off,,,
532,comas,ligier,9,23,R,0.0,4,,Engine,,,
532,alboreto,footwork,11,24,R,0.0,0,,Engine,,,
532,martini,dallara,14,25,R,0.0,0,,Accident,,,
532,grouillard,tyrrell,13,26,R,0.0,0,,Accident,,,
533,prost,williams,1,1,1,10.0,72,1:38:45.082,Finished,,,
533,senna,mclaren,2,2,2,6.0,72,+1:19.824,Finished,,,
533,blundell,ligier,8,3,3,4.0,71,,+1 Lap,,,
533,fittipaldi,minardi,13,4,4,3.0,71,,+1 Lap,,,
533,lehto,sauber,6,5,5,2.0,70,,+2 Laps,,,
533,berger,ferrari,15,6,6,1.0,69,,Engine,,,
533,warwick,footwork,22,7,7,0.0,69,,Spun off,,,
533,brundle,ligier,12,8,R,0.0,57,,Spun off,,,
533,alboreto,lola,21,9,R,0.0,55,,Overheating,,,
533,comas,larrousse,19,10,R,0.0,51,,Engine,,,
533,patrese,benetton,7,11,R,0.0,46,,Spun off,,,
533,michael_schumacher,benetton,3,12,R,0.0,39,,Spun off,,,
533,herbert,team_lotus,17,13,R,0.0,38,,Fuel system,,,
533,wendlinger,sauber,10,14,R,0.0,33,,Engine,,,
533,barrichello,jordan,14,15,R,0.0,31,,Gearbox,,,
533,alesi,ferrari,5,16,R,0.0,30,,Suspension,,,
533,alliot,larrousse,11,17,R,0.0,27,,Spun off,,,
533,barbazza,minardi,24,18,R,0.0,21,,Collision,,,
533,suzuki,footwork,20,19,R,0.0,21,,Collision,,,
533,badoer,lola,26,20,R,0.0,20,,Gearbox,,,
533,damon_hill,williams,4,21,R,0.0,16,,Collision,,,
533,zanardi,team_lotus,16,22,R,0.0,16,,Collision,,,
533,andretti,mclaren,9,23,R,0.0,4,,Collision,,,
533,capelli,jordan,18,24,R,0.0,2,,Spun off,,,
533,katayama,tyrrell,21,25,R,0.0,1,,Transmission,,,
533,cesaris,tyrrell,23,26,R,0.0,0,,Transmission,,,
535,senna,mclaren,4,1,1,10.0,76,1:50:46.570,Finished,,,
535,damon_hill,williams,2,2,2,6.0,76,+1:23.199,Finished,,,
535,prost,williams,1,3,3,4.0,75,,+1 Lap,,,
535,herbert,team_lotus,11,4,4,3.0,75,,+1 Lap,,,
535,patrese,benetton,10,5,5,2.0,74,,+2 Laps,,,
535,barbazza,minardi,20,6,6,1.0,74,,+2 Laps,,,
535,fittipaldi,minardi,16,7,7,0.0,73,,+3 Laps,,,
535,zanardi,team_lotus,13,8,8,0.0,72,,+4 Laps,,,
535,comas,larrousse,17,9,9,0.0,72,,+4 Laps,,,
535,barrichello,jordan,12,10,10,0.0,70,,Fuel system,,,
535,alboreto,lola,24,11,11,0.0,70,,+6 Laps,,,
535,warwick,footwork,14,12,R,0.0,66,,Gearbox,,,
535,boutsen,jordan,19,13,R,0.0,61,,Throttle,,,
535,cesaris,tyrrell,25,14,R,0.0,55,,Gearbox,,,
535,alesi,ferrari,9,15,R,0.0,36,,Gearbox,,,
535,suzuki,footwork,23,16,R,0.0,29,,Gearbox,,,
535,alliot,larrousse,15,17,R,0.0,27,,Collision,,,
535,michael_schumacher,benetton,3,18,R,0.0,22,,Spun off,,,
535,blundell,ligier,21,19,R,0.0,20,,Spun off,,,
535,berger,ferrari,8,20,R,0.0,19,,Suspension,,,
535,lehto,sauber,7,21,R,0.0,13,,Handling,,,
535,katayama,tyrrell,18,22,R,0.0,11,,Clutch,,,
535,brundle,ligier,22,23,R,0.0,7,,Spun off,,,
535,wendlinger,sauber,5,24,R,0.0,0,,Collision,,,
535,andretti,mclaren,6,25,R,0.0,0,,Collision,,,
539,prost,williams,1,1,1,10.0,69,1:36:41.822,Finished,,,
539,michael_schumacher,benetton,3,2,2,6.0,69,+14.527,Finished,,,
539,damon_hill,williams,2,3,3,4.0,69,+52.685,Finished,,,
539,berger,ferrari,5,4,4,3.0,68,,+1 Lap,,,
539,brundle,ligier,7,5,5,2.0,68,,+1 Lap,,,
539,wendlinger,sauber,9,6,6,1.0,68,,+1 Lap,,,
539,lehto,sauber,11,7,7,0.0,68,,+1 Lap,,,
539,comas,larrousse,13,8,8,0.0,68,,+1 Lap,,,
539,fittipaldi,minardi,17,9,9,0.0,67,,+2 Laps,,,
539,herbert,team_lotus,20,10,10,0.0,67,,+2 Laps,,,
539,zanardi,team_lotus,21,11,11,0.0,67,,+2 Laps,,,
539,boutsen,jordan,24,12,12,0.0,67,,+2 Laps,,,
539,suzuki,footwork,16,13,13,0.0,66,,+3 Laps,,,
539,andretti,mclaren,12,14,14,0.0,66,,+3 Laps,,,
539,badoer,lola,25,15,15,0.0,65,,+4 Laps,,,
539,warwick,footwork,18,16,16,0.0,65,,+4 Laps,,,
539,katayama,tyrrell,22,17,17,0.0,64,,+5 Laps,,,
539,senna,mclaren,8,18,18,0.0,62,,Electrical,,,
539,patrese,benetton,4,19,R,0.0,52,,Physical,,,
539,cesaris,tyrrell,19,20,R,0.0,45,,Spun off,,,
539,barbazza,minardi,23,21,R,0.0,33,,Gearbox,,,
539,alesi,ferrari,6,22,R,0.0,33,,Engine,,,
539,blundell,ligier,10,23,R,0.0,13,,Spun off,,,
539,barrichello,jordan,14,24,R,0.0,10,,Electrical,,,
539,alliot,larrousse,15,25,R,0.0,8,,Engine,,,
541,prost,williams,1,1,1,10.0,59,1:25:38.189,Finished,,,
541,michael_schumacher,benetton,3,2,2,6.0,59,+7.660,Finished,,,
541,patrese,benetton,5,3,3,4.0,59,+1:17.482,Finished,,,
541,herbert,team_lotus,7,4,4,3.0,59,+1:18.407,Finished,,,
541,senna,mclaren,4,5,5,2.0,58,,Out of fuel,,,
541,warwick,footwork,8,6,6,1.0,58,,+1 Lap,,,
541,blundell,ligier,9,7,7,0.0,58,,+1 Lap,,,
541,lehto,sauber,16,8,8,0.0,58,,+1 Lap,,,
541,alesi,ferrari,12,9,9,0.0,58,,+1 Lap,,,
541,barrichello,jordan,15,10,10,0.0,58,,+1 Lap,,,
541,alliot,larrousse,24,11,11,0.0,57,,+2 Laps,,,
541,fittipaldi,minardi,19,12,12,0.0,56,,Gearbox,,,
541,katayama,tyrrell,22,13,13,0.0,55,,+4 Laps,,,
541,brundle,ligier,6,14,14,0.0,53,,Gearbox,,,
541,cesaris,tyrrell,21,15,R,0.0,43,,Not classified,,,
541,damon_hill,williams,2,16,R,0.0,41,,Engine,,,
541,zanardi,team_lotus,14,17,R,0.0,41,,Suspension,,,
541,boutsen,jordan,23,18,R,0.0,41,,Wheel bearing,,,
541,badoer,lola,25,19,R,0.0,32,,Electrical,,,
541,martini,minardi,20,20,R,0.0,31,,Physical,,,
541,wendlinger,sauber,18,21,R,0.0,24,,Spun off,,,
541,berger,ferrari,13,22,R,0.0,10,,Suspension,,,
541,suzuki,footwork,10,23,R,0.0,8,,Spun off,,,
541,andretti,mclaren,11,24,R,0.0,0,,Spun off,,,
541,comas,larrousse,17,25,R,0.0,0,,Halfshaft,,,
545,damon_hill,williams,2,1,1,10.0,53,1:17:07.509,Finished,,,
545,alesi,ferrari,3,2,2,6.0,53,+40.012,Finished,,,
545,andretti,mclaren,9,3,3,4.0,52,,+1 Lap,,,
545,wendlinger,sauber,15,4,4,3.0,52,,+1 Lap,,,
545,patrese,benetton,10,5,5,2.0,52,,+1 Lap,,,
545,comas,larrousse,20,6,6,1.0,52,,+1 Lap,,,
545,martini,minardi,22,7,7,0.0,51,,+2 Laps,,,
545,fittipaldi,minardi,24,8,8,0.0,51,,+2 Laps,,,
545,alliot,larrousse,16,9,9,0.0,51,,+2 Laps,,,
545,badoer,lola,25,10,10,0.0,51,,+2 Laps,,,
545,lamy,team_lotus,26,11,11,0.0,49,,Electrical,,,
545,prost,williams,1,12,12,0.0,48,,Engine,,,
545,cesaris,tyrrell,18,13,13,0.0,47,,Oil pressure,,,
545,katayama,tyrrell,17,14,14,0.0,47,,+6 Laps,,,
545,alboreto,lola,21,15,R,0.0,23,,Suspension,,,
545,michael_schumacher,benetton,5,16,R,0.0,21,,Engine,,,
545,blundell,ligier,14,17,R,0.0,20,,Spun off,,,
545,berger,ferrari,6,18,R,0.0,15,,Suspension,,,
545,herbert,team_lotus,7,19,R,0.0,14,,Spun off,,,
545,brundle,ligier,12,20,R,0.0,8,,Collision,,,
545,senna,mclaren,4,21,R,0.0,8,,Collision,,,
545,suzuki,footwork,8,22,R,0.0,0,,Collision,,,
545,warwick,footwork,11,23,R,0.0,0,,Collision,,,
545,lehto,sauber,13,24,R,0.0,0,,Collision,,,
545,barrichello,jordan,19,25,R,0.0,0,,Collision,,,
545,apicella,jordan,23,26,R,0.0,0,,Collision,,,
548,senna,mclaren,1,1,1,10.0,79,1:43:27.476,Finished,,,
548,prost,williams,2,2,2,6.0,79,+9.259,Finished,,,
548,damon_hill,williams,3,3,3,4.0,79,+33.902,Finished,,,
548,alesi,ferrari,7,4,4,3.0,78,,+1 Lap,,,
548,berger,ferrari,6,5,5,2.0,78,,+1 Lap,,,
548,brundle,ligier,8,6,6,1.0,78,,+1 Lap,,,
548,suzuki,footwork,10,7,7,0.0,78,,+1 Lap,,,
548,patrese,benetton,9,8,8,0.0,77,,Fuel system,,,
548,blundell,ligier,14,9,9,0.0,77,,+2 Laps,,,
548,warwick,footwork,17,10,10,0.0,77,,+2 Laps,,,
548,barrichello,jordan,13,11,11,0.0,76,,+3 Laps,,,
548,comas,larrousse,21,12,12,0.0,76,,+3 Laps,,,
548,cesaris,tyrrell,15,13,13,0.0,75,,+4 Laps,,,
548,toshio_suzuki,larrousse,24,14,14,0.0,74,,+5 Laps,,,
548,wendlinger,sauber,11,15,15,0.0,73,,Brakes,,,
548,lehto,sauber,12,16,R,0.0,56,,Accident,,,
548,gounon,minardi,22,17,R,0.0,34,,Spun off,,,
548,hakkinen,mclaren,5,18,R,0.0,28,,Brakes,,,
548,michael_schumacher,benetton,4,19,R,0.0,19,,Engine,,,
548,katayama,tyrrell,18,20,R,0.0,11,,Spun off,,,
548,irvine,jordan,19,21,R,0.0,10,,Accident,,,
548,herbert,team_lotus,20,22,R,0.0,9,,Suspension,,,
548,martini,minardi,16,23,R,0.0,5,,Gearbox,,,
548,lamy,team_lotus,23,24,R,0.0,0,,Accident,,,
552,michael_schumacher,benetton,1,1,1,10.0,78,1:49:55.300,Finished,,,
552,brundle,mclaren,8,2,2,6.0,78,+37.278,Finished,,,
552,berger,ferrari,3,3,3,4.0,78,+1:16.824,Finished,,,
552,cesaris,jordan,14,4,4,3.0,77,,+1 Lap,,,
552,alesi,ferrari,5,5,5,2.0,77,,+1 Lap,,,
552,alboreto,minardi,12,6,6,1.0,77,,+1 Lap,,,
552,lehto,benetton,17,7,7,0.0,77,,+1 Lap,,,
552,beretta,larrousse,18,8,8,0.0,76,,+2 Laps,,,
552,panis,ligier,20,9,9,0.0,76,,+2 Laps,,,
552,comas,larrousse,13,10,10,0.0,75,,+3 Laps,,,
552,lamy,team_lotus,19,11,11,0.0,73,,+5 Laps,,,
552,herbert,team_lotus,16,12,R,0.0,68,,Gearbox,,,
552,belmondo,pacific,24,13,R,0.0,53,,Physical,,,
552,gachot,pacific,23,14,R,0.0,49,,Gearbox,,,
552,fittipaldi,footwork,6,15,R,0.0,47,,Gearbox,,,
552,brabham,simtek,22,16,R,0.0,45,,Engine,,,
552,blundell,tyrrell,10,17,R,0.0,40,,Engine,,,
552,katayama,tyrrell,11,18,R,0.0,38,,Gearbox,,,
552,bernard,ligier,21,19,R,0.0,34,,Spun off,,,
552,barrichello,jordan,15,20,R,0.0,27,,Electrical,,,
552,hakkinen,mclaren,2,21,R,0.0,0,,Collision,,,
552,damon_hill,williams,4,22,R,0.0,0,,Collision,,,
552,morbidelli,footwork,7,23,R,0.0,0,,Collision,,,
552,martini,minardi,9,24,R,0.0,0,,Collision,,,
552,frentzen,sauber,0,25,W,0.0,0,,Withdrew,,,
552,wendlinger,sauber,0,26,W,0.0,0,,Injury,,,
555,michael_schumacher,benetton,3,1,1,10.0,72,1:38:36.200,Finished,,,
555,damon_hill,williams,1,2,2,6.0,72,+12.642,Finished,,,
555,berger,ferrari,5,3,3,4.0,72,+52.765,Finished,,,
555,frentzen,sauber,10,4,4,3.0,71,,+1 Lap,,,
555,martini,minardi,16,5,5,2.0,70,,+2 Laps,,,
555,cesaris,sauber,11,6,6,1.0,70,,+2 Laps,,,
555,herbert,team_lotus,19,7,7,0.0,70,,+2 Laps,,,
555,fittipaldi,footwork,18,8,8,0.0,70,,+2 Laps,,,
555,gounon,simtek,26,9,9,0.0,68,,+4 Laps,,,
555,blundell,tyrrell,17,10,10,0.0,67,,+5 Laps,,,
555,comas,larrousse,20,11,11,0.0,66,,Engine,,,
555,katayama,tyrrell,14,12,R,0.0,53,,Spun off,,,
555,hakkinen,mclaren,9,13,R,0.0,48,,Engine,,,
555,mansell,williams,2,14,R,0.0,45,,Gearbox,,,
555,alesi,ferrari,4,15,R,0.0,41,,Collision,,,
555,barrichello,jordan,7,16,R,0.0,41,,Collision,,,
555,bernard,ligier,15,17,R,0.0,40,,Gearbox,,,
555,beretta,larrousse,25,18,R,0.0,36,,Engine,,,
555,brundle,mclaren,12,19,R,0.0,29,,Engine,,,
555,morbidelli,footwork,22,20,R,0.0,28,,Collision,,,
555,panis,ligier,13,21,R,0.0,28,,Collision,,,
555,brabham,simtek,24,22,R,0.0,28,,Transmission,,,
555,verstappen,benetton,8,23,R,0.0,25,,Spun off,,,
555,irvine,jordan,6,24,R,0.0,24,,Gearbox,,,
555,alboreto,minardi,21,25,R,0.0,21,,Engine,,,
555,zanardi,team_lotus,23,26,R,0.0,20,,Engine,,,
559,damon_hill,williams,3,1,1,10.0,44,1:28:47.100,Finished,,,
559,hakkinen,mclaren,8,2,2,6.0,44,+51.381,Finished,,,
559,verstappen,benetton,6,3,3,4.0,44,+1:10.453,Finished,,,
559,coulthard,williams,7,4,4,3.0,44,+1:45.787,Finished,,,
559,blundell,tyrrell,12,5,5,2.0,43,,+1 Lap,,,
559,morbidelli,footwork,14,6,6,1.0,43,,+1 Lap,,,
559,panis,ligier,17,7,7,0.0,43,,+1 Lap,,,
559,martini,minardi,10,8,8,0.0,43,,+1 Lap,,,
559,alboreto,minardi,18,9,9,0.0,43,,+1 Lap,,,
559,bernard,ligier,16,10,10,0.0,42,,+2 Laps,,,
559,gounon,simtek,25,11,11,0.0,42,,+2 Laps,,,
559,herbert,team_lotus,20,12,12,0.0,41,,+3 Laps,,,
559,irvine,jordan,4,13,13,0.0,40,,Alternator,,,
559,michael_schumacher,benetton,2,14,D,0.0,44,,Disqualified,,,
559,fittipaldi,footwork,24,15,R,0.0,33,,Engine,,,
559,brabham,simtek,21,16,R,0.0,29,,Wheel,,,
559,cesaris,sauber,15,17,R,0.0,27,,Throttle,,,
559,brundle,mclaren,13,18,R,0.0,24,,Spun off,,,
559,barrichello,jordan,1,19,R,0.0,19,,Spun off,,,
559,katayama,tyrrell,23,20,R,0.0,18,,Engine,,,
559,adams,team_lotus,26,21,R,0.0,15,,Spun off,,,
559,berger,ferrari,11,22,R,0.0,11,,Engine,,,
559,alliot,larrousse,19,23,R,0.0,11,,Engine,,,
559,frentzen,sauber,9,24,R,0.0,10,,Halfshaft,,,
559,comas,larrousse,22,25,R,0.0,3,,Engine,,,
559,alesi,ferrari,5,26,R,0.0,2,,Engine,,,
561,damon_hill,williams,2,1,1,10.0,71,1:45:10.100,Finished,,,
561,coulthard,williams,3,2,2,6.0,71,+0.603,Finished,,,
561,hakkinen,mclaren,4,3,3,4.0,71,+20.193,Finished,,,
561,barrichello,jordan,8,4,4,3.0,71,+28.003,Finished,,,
561,verstappen,benetton,10,5,5,2.0,71,+29.385,Finished,,,
561,brundle,mclaren,7,6,6,1.0,71,+52.702,Finished,,,
561,irvine,jordan,13,7,7,0.0,70,,+1 Lap,,,
561,fittipaldi,footwork,11,8,8,0.0,70,,+1 Lap,,,
561,morbidelli,footwork,16,9,9,0.0,70,,+1 Lap,,,
561,bernard,ligier,21,10,10,0.0,70,,+1 Lap,,,
561,herbert,team_lotus,20,11,11,0.0,70,,+1 Lap,,,
561,martini,minardi,18,12,12,0.0,69,,+2 Laps,,,
561,alboreto,minardi,19,13,13,0.0,69,,+2 Laps,,,
561,dalmas,larrousse,23,14,14,0.0,69,,+2 Laps,,,
561,gounon,simtek,26,15,15,0.0,67,,+4 Laps,,,
561,adams,team_lotus,25,16,16,0.0,67,,+4 Laps,,,
561,panis,ligier,15,17,D,0.0,70,,Disqualified,,,
561,blundell,tyrrell,12,18,R,0.0,61,,Engine,,,
561,lehto,benetton,14,19,R,0.0,60,,Spun off,,,
561,cesaris,sauber,17,20,R,0.0,54,,Spun off,,,
561,alesi,ferrari,5,21,R,0.0,38,,Collision,,,
561,brabham,simtek,24,22,R,0.0,36,,Collision,,,
561,frentzen,sauber,9,23,R,0.0,31,,Differential,,,
561,comas,larrousse,22,24,R,0.0,27,,Suspension,,,
561,katayama,tyrrell,6,25,R,0.0,26,,Gearbox,,,
561,berger,ferrari,1,26,R,0.0,7,,Gearbox,,,
564,mansell,williams,1,1,1,10.0,81,1:47:51.400,Finished,,,
564,berger,ferrari,11,2,2,6.0,81,+2.511,Finished,,,
564,brundle,mclaren,9,3,3,4.0,81,+52.487,Finished,,,
564,barrichello,jordan,5,4,4,3.0,81,+1:10.530,Finished,,,
564,panis,ligier,12,5,5,2.0,80,,+1 Lap,,,
564,alesi,ferrari,8,6,6,1.0,80,,+1 Lap,,,
564,frentzen,sauber,10,7,7,0.0,80,,+1 Lap,,,
564,fittipaldi,footwork,19,8,8,0.0,80,,+1 Lap,,,
564,martini,minardi,18,9,9,0.0,79,,+2 Laps,,,
564,lehto,sauber,17,10,10,0.0,79,,+2 Laps,,,
564,lagorce,ligier,20,11,11,0.0,79,,+2 Laps,,,
564,hakkinen,mclaren,4,12,12,0.0,76,,Brakes,,,
564,alboreto,minardi,16,13,R,0.0,69,,Suspension,,,
564,blundell,tyrrell,13,14,R,0.0,66,,Accident,,,
564,deletraz,larrousse,25,15,R,0.0,56,,Gearbox,,,
564,salo,team_lotus,22,16,R,0.0,49,,Electrical,,,
564,brabham,simtek,24,17,R,0.0,49,,Engine,,,
564,zanardi,team_lotus,14,18,R,0.0,40,,Throttle,,,
564,damon_hill,williams,3,19,R,0.0,35,,Collision,,,
564,michael_schumacher,benetton,2,20,R,0.0,35,,Collision,,,
564,schiattarella,simtek,26,21,R,0.0,21,,Gearbox,,,
564,katayama,tyrrell,15,22,R,0.0,19,,Spun off,,,
564,noda,larrousse,23,23,R,0.0,18,,Oil leak,,,
564,morbidelli,footwork,21,24,R,0.0,17,,Oil leak,,,
564,irvine,jordan,6,25,R,0.0,15,,Spun off,,,
564,herbert,benetton,7,26,R,0.0,13,,Gearbox,,,
566,damon_hill,williams,2,1,1,10.0,72,1:53:14.532,Finished,,,
566,alesi,ferrari,6,2,2,6.0,72,+6.407,Finished,,,
566,michael_schumacher,benetton,3,3,3,4.0,72,+33.376,Finished,,,
566,herbert,benetton,11,4,4,3.0,71,,+1 Lap,,,
566,frentzen,sauber,9,5,5,2.0,70,,+2 Laps,,,
566,berger,ferrari,8,6,6,1.0,70,,+2 Laps,,,
566,panis,ligier,18,7,7,0.0,70,,+2 Laps,,,
566,katayama,tyrrell,15,8,8,0.0,69,,+3 Laps,,,
566,schiattarella,simtek,20,9,9,0.0,68,,+4 Laps,,,
566,diniz,forti,25,10,R,0.0,63,,Not classified,,,
566,moreno,forti,24,11,R,0.0,63,,Not classified,,,
566,salo,tyrrell,7,12,R,0.0,48,,Collision,,,
566,suzuki,ligier,19,13,R,0.0,47,,Collision,,,
566,martini,minardi,16,14,R,0.0,44,,Spun off,,,
566,morbidelli,footwork,12,15,R,0.0,43,,Electrical,,,
566,inoue,footwork,26,16,R,0.0,40,,Spun off,,,
566,barrichello,jordan,10,17,R,0.0,33,,Oil pressure,,,
566,verstappen,simtek,14,18,R,0.0,23,,Gearbox,,,
566,coulthard,williams,1,19,R,0.0,16,,Electrical,,,
566,blundell,mclaren,17,20,R,0.0,9,,Oil leak,,,
566,irvine,jordan,4,21,R,0.0,6,,Engine,,,
566,montermini,pacific,22,22,R,0.0,1,,Collision,,,
566,hakkinen,mclaren,5,23,R,0.0,0,,Collision,,,
566,gachot,pacific,23,24,R,0.0,0,,Collision,,,
566,wendlinger,sauber,21,25,R,0.0,0,,Collision,,,
566,badoer,minardi,13,26,R,0.0,0,,Collision,,,
569,michael_schumacher,benetton,2,1,1,10.0,78,1:53:11.258,Finished,,,
569,damon_hill,williams,1,2,2,6.0,78,+34.817,Finished,,,
569,berger,ferrari,4,3,3,4.0,78,+1:11.447,Finished,,,
569,herbert,benetton,7,4,4,3.0,77,,+1 Lap,,,
569,blundell,mclaren,10,5,5,2.0,77,,+1 Lap,,,
569,frentzen,sauber,14,6,6,1.0,76,,+2 Laps,,,
569,martini,minardi,18,7,7,0.0,76,,+2 Laps,,,
569,boullion,sauber,19,8,8,0.0,74,,+4 Laps,,,
569,morbidelli,footwork,13,9,9,0.0,74,,+4 Laps,,,
569,diniz,forti,22,10,10,0.0,72,,+6 Laps,,,
569,badoer,minardi,16,11,R,0.0,68,,Suspension,,,
569,panis,ligier,12,12,R,0.0,65,,Spun off,,,
569,salo,tyrrell,17,13,R,0.0,63,,Gearbox,,,
569,barrichello,jordan,11,14,R,0.0,60,,Throttle,,,
569,gachot,pacific,21,15,R,0.0,42,,Gearbox,,,
569,alesi,ferrari,5,16,R,0.0,41,,Spun off,,,
569,brundle,ligier,8,17,R,0.0,40,,Spun off,,,
569,inoue,footwork,26,18,R,0.0,27,,Gearbox,,,
569,katayama,tyrrell,15,19,R,0.0,26,,Spun off,,,
569,montermini,pacific,25,20,D,0.0,23,,Disqualified,,,
569,irvine,jordan,9,21,R,0.0,22,,Spun off,,,
569,coulthard,williams,3,22,R,0.0,16,,Gearbox,,,
569,moreno,forti,24,23,R,0.0,9,,Brakes,,,
569,hakkinen,mclaren,6,24,R,0.0,8,,Engine,,,
569,verstappen,simtek,23,25,W,0.0,0,,Gearbox,,,
569,schiattarella,simtek,20,26,W,0.0,0,,Withdrew,,,
572,herbert,benetton,5,1,1,10.0,61,1:34:35.093,Finished,,,
572,alesi,ferrari,6,2,2,6.0,61,+16.479,Finished,,,
572,coulthard,williams,3,3,3,4.0,61,+23.888,Finished,,,
572,panis,ligier,13,4,4,3.0,61,+1:33.168,Finished,,,
572,blundell,mclaren,10,5,5,2.0,61,+1:48.172,Finished,,,
572,frentzen,sauber,12,6,6,1.0,60,,+1 Lap,,,
572,martini,minardi,15,7,7,0.0,60,,+1 Lap,,,
572,salo,tyrrell,23,8,8,0.0,60,,+1 Lap,,,
572,boullion,sauber,16,9,9,0.0,60,,+1 Lap,,,
572,badoer,minardi,18,10,10,0.0,60,,+1 Lap,,,
572,barrichello,jordan,9,11,11,0.0,59,,Collision,,,
572,gachot,pacific,21,12,12,0.0,58,,+3 Laps,,,
572,moreno,forti,22,13,R,0.0,48,,Engine,,,
572,michael_schumacher,benetton,2,14,R,0.0,45,,Collision,,,
572,damon_hill,williams,1,15,R,0.0,45,,Collision,,,
572,papis,footwork,17,16,R,0.0,28,,Spun off,,,
572,katayama,tyrrell,14,17,R,0.0,22,,Out of fuel,,,
572,montermini,pacific,24,18,R,0.0,21,,Spun off,,,
572,hakkinen,mclaren,8,19,R,0.0,20,,Electrical,,,
572,berger,ferrari,4,20,R,0.0,20,,Wheel,,,
572,brundle,ligier,11,21,R,0.0,16,,Spun off,,,
572,inoue,footwork,19,22,R,0.0,16,,Spun off,,,
572,diniz,forti,20,23,R,0.0,13,,Gearbox,,,
572,irvine,jordan,7,24,R,0.0,2,,Electrical,,,
573,michael_schumacher,benetton,2,1,1,10.0,45,1:22:56.043,Finished,,,
573,coulthard,williams,3,2,2,6.0,45,+5.988,Finished,,,
573,berger,ferrari,4,3,3,4.0,45,+1:08.097,Finished,,,
573,herbert,benetton,9,4,4,3.0,45,+1:23.436,Finished,,,
573,boullion,sauber,14,5,5,2.0,44,,+1 Lap,,,
573,suzuki,ligier,18,6,6,1.0,44,,+1 Lap,,,
573,katayama,tyrrell,17,7,7,0.0,44,,+1 Lap,,,
573,montermini,pacific,23,8,8,0.0,42,,+3 Laps,,,
573,irvine,jordan,6,9,9,0.0,41,,+4 Laps,,,
573,hakkinen,mclaren,7,10,R,0.0,33,,Engine,,,
573,frentzen,sauber,11,11,R,0.0,32,,Engine,,,
573,badoer,minardi,16,12,R,0.0,28,,Oil leak,,,
573,lavaggi,pacific,24,13,R,0.0,27,,Gearbox,,,
573,moreno,forti,22,14,R,0.0,27,,Halfshaft,,,
573,barrichello,jordan,5,15,R,0.0,20,,Engine,,,
573,blundell,mclaren,8,16,R,0.0,17,,Engine,,,
573,panis,ligier,12,17,R,0.0,13,,Water leak,,,
573,alesi,ferrari,10,18,R,0.0,12,,Engine,,,
573,martini,minardi,20,19,R,0.0,11,,Engine,,,
573,inoue,footwork,19,20,R,0.0,9,,Gearbox,,,
573,diniz,forti,21,21,R,0.0,8,,Brakes,,,
573,damon_hill,williams,1,22,R,0.0,1,,Spun off,,,
573,salo,tyrrell,13,23,R,0.0,0,,Clutch,,,
573,papis,footwork,15,24,R,0.0,0,,Gearbox,,,
576,herbert,benetton,8,1,1,10.0,53,1:18:27.916,Finished,,,
576,hakkinen,mclaren,7,2,2,6.0,53,+17.779,Finished,,,
576,frentzen,sauber,10,3,3,4.0,53,+24.321,Finished,,,
576,blundell,mclaren,9,4,4,3.0,53,+28.223,Finished,,,
576,salo,tyrrell,16,5,5,2.0,52,,+1 Lap,,,
576,boullion,sauber,14,6,6,1.0,52,,+1 Lap,,,
576,papis,footwork,15,7,7,0.0,52,,+1 Lap,,,
576,inoue,footwork,20,8,8,0.0,52,,+1 Lap,,,
576,diniz,forti,23,9,9,0.0,50,,+3 Laps,,,
576,katayama,tyrrell,17,10,10,0.0,47,,+6 Laps,,,
576,alesi,ferrari,5,11,R,0.0,45,,Wheel bearing,,,
576,barrichello,jordan,6,12,R,0.0,43,,Clutch,,,
576,irvine,jordan,12,13,R,0.0,40,,Engine,,,
576,berger,ferrari,3,14,R,0.0,32,,Suspension,,,
576,badoer,minardi,18,15,R,0.0,26,,Spun off,,,
576,michael_schumacher,benetton,2,16,R,0.0,23,,Collision,,,
576,damon_hill,williams,4,17,R,0.0,23,,Collision,,,
576,panis,ligier,13,18,R,0.0,20,,Spun off,,,
576,coulthard,williams,1,19,R,0.0,13,,Spun off,,,
576,brundle,ligier,11,20,R,0.0,10,,Puncture,,,
576,lavaggi,pacific,24,21,R,0.0,6,,Spun off,,,
576,lamy,minardi,19,22,R,0.0,0,,Transmission,,,
576,montermini,pacific,21,23,R,0.0,0,,Accident,,,
576,moreno,forti,22,24,R,0.0,0,,Accident,,,
578,michael_schumacher,benetton,3,1,1,10.0,67,1:39:59.044,Finished,,,
578,alesi,ferrari,6,2,2,6.0,67,+2.684,Finished,,,
578,coulthard,williams,1,3,3,4.0,67,+35.382,Finished,,,
578,barrichello,jordan,11,4,4,3.0,66,,+1 Lap,,,
578,herbert,benetton,7,5,5,2.0,66,,+1 Lap,,,
578,irvine,jordan,5,6,6,1.0,66,,+1 Lap,,,
578,brundle,ligier,12,7,7,0.0,66,,+1 Lap,,,
578,hakkinen,mclaren,9,8,8,0.0,65,,+2 Laps,,,
578,lamy,minardi,16,9,9,0.0,64,,+3 Laps,,,
578,salo,tyrrell,15,10,10,0.0,64,,+3 Laps,,,
578,badoer,minardi,18,11,11,0.0,64,,+3 Laps,,,
578,papis,footwork,17,12,12,0.0,64,,+3 Laps,,,
578,diniz,forti,22,13,13,0.0,62,,+5 Laps,,,
578,tarquini,tyrrell,19,14,14,0.0,61,,+6 Laps,,,
578,deletraz,pacific,24,15,15,0.0,60,,+7 Laps,,,
578,damon_hill,williams,2,16,R,0.0,58,,Spun off,,,
578,montermini,pacific,20,17,R,0.0,45,,Out of fuel,,,
578,boullion,sauber,13,18,R,0.0,44,,Collision,,,
578,berger,ferrari,4,19,R,0.0,40,,Electrical,,,
578,moreno,forti,23,20,R,0.0,22,,Halfshaft,,,
578,frentzen,sauber,8,21,R,0.0,17,,Spun off,,,
578,panis,ligier,14,22,R,0.0,14,,Spun off,,,
578,blundell,mclaren,10,23,R,0.0,14,,Accident,,,
578,inoue,footwork,21,24,R,0.0,0,,Electrical,,,
581,damon_hill,williams,1,1,1,10.0,81,1:49:15.946,Finished,,,
581,panis,ligier,12,2,2,6.0,79,,+2 Laps,,,
581,morbidelli,footwork,13,3,3,4.0,79,,+2 Laps,,,
581,blundell,mclaren,10,4,4,3.0,79,,+2 Laps,,,
581,salo,tyrrell,14,5,5,2.0,78,,+3 Laps,,,
581,lamy,minardi,17,6,6,1.0,78,,+3 Laps,,,
581,diniz,forti,21,7,7,0.0,77,,+4 Laps,,,
581,gachot,pacific,23,8,8,0.0,76,,+5 Laps,,,
581,katayama,tyrrell,16,9,R,0.0,70,,Engine,,,
581,herbert,benetton,8,10,R,0.0,69,,Transmission,,,
581,irvine,jordan,9,11,R,0.0,62,,Engine,,,
581,frentzen,sauber,6,12,R,0.0,39,,Gearbox,,,
581,berger,ferrari,4,13,R,0.0,34,,Engine,,,
581,brundle,ligier,11,14,R,0.0,29,,Spun off,,,
581,michael_schumacher,benetton,3,15,R,0.0,25,,Collision,,,
581,alesi,ferrari,5,16,R,0.0,23,,Collision,,,
581,moreno,forti,20,17,R,0.0,21,,Spun off,,,
581,barrichello,jordan,7,18,R,0.0,20,,Spun off,,,
581,coulthard,williams,2,19,R,0.0,19,,Accident,,,
581,inoue,footwork,19,20,R,0.0,15,,Spun off,,,
581,wendlinger,sauber,18,21,R,0.0,8,,Physical,,,
581,montermini,pacific,22,22,R,0.0,2,,Gearbox,,,
581,badoer,minardi,15,23,W,0.0,0,,Electrical,,,
581,hakkinen,mclaren,24,24,W,0.0,0,,Injured,,,
584,damon_hill,williams,1,1,1,10.0,72,1:54:55.322,Finished,,,
584,villeneuve,williams,3,2,2,6.0,72,+12.167,Finished,,,
584,alesi,benetton,4,3,3,4.0,72,+14.754,Finished,,,
584,barrichello,jordan,6,4,4,3.0,72,+55.131,Finished,,,
584,irvine,ferrari,10,5,5,2.0,72,+1:04.991,Finished,,,
584,verstappen,footwork,7,6,6,1.0,72,+1:08.913,Finished,,,
584,coulthard,mclaren,9,7,7,0.0,72,+1:13.400,Finished,,,
584,panis,ligier,12,8,8,0.0,72,+1:14.295,Finished,,,
584,herbert,sauber,17,9,9,0.0,71,,+1 Lap,,,
584,montermini,forti,22,10,10,0.0,69,,+3 Laps,,,
584,berger,benetton,5,11,R,0.0,56,,Suspension,,,
584,michael_schumacher,ferrari,2,12,R,0.0,46,,Broken wing,,,
584,lamy,minardi,19,13,R,0.0,39,,Transmission,,,
584,salo,tyrrell,16,14,R,0.0,36,,Throttle,,,
584,brundle,jordan,15,15,R,0.0,34,,Collision,,,
584,marques,minardi,14,16,R,0.0,33,,Collision,,,
584,frentzen,sauber,11,17,R,0.0,32,,Spun off,,,
584,diniz,ligier,18,18,R,0.0,29,,Heat shield fire,,,
584,katayama,tyrrell,13,19,R,0.0,28,,Transmission,,,
584,rosset,footwork,20,20,R,0.0,24,,Oil pump,,,
584,badoer,forti,21,21,R,0.0,24,,Collision,,,
584,hakkinen,mclaren,8,22,R,0.0,19,,Throttle,,,
587,panis,ligier,14,1,1,10.0,75,2:00:45.629,Finished,,,
587,coulthard,mclaren,5,2,2,6.0,75,+4.828,Finished,,,
587,herbert,sauber,13,3,3,4.0,75,+37.503,Finished,,,
587,frentzen,sauber,9,4,4,3.0,74,,Withdrew,,,
587,salo,tyrrell,11,5,5,2.0,70,,Collision,,,
587,hakkinen,mclaren,8,6,6,1.0,70,,Collision,,,
587,irvine,ferrari,7,7,7,0.0,68,,Collision,,,
587,villeneuve,williams,10,8,R,0.0,66,,Collision,,,
587,alesi,benetton,3,9,R,0.0,60,,Suspension,,,
587,badoer,forti,21,10,R,0.0,60,,Collision,,,
587,damon_hill,williams,2,11,R,0.0,40,,Engine,,,
587,brundle,jordan,16,12,R,0.0,30,,Spun off,,,
587,berger,benetton,4,13,R,0.0,9,,Gearbox,,,
587,diniz,ligier,17,14,R,0.0,5,,Transmission,,,
587,rosset,footwork,20,15,R,0.0,3,,Spun off,,,
587,katayama,tyrrell,15,16,R,0.0,2,,Spun off,,,
587,michael_schumacher,ferrari,1,17,R,0.0,0,,Spun off,,,
587,barrichello,jordan,6,18,R,0.0,0,,Spun off,,,
587,lamy,minardi,19,19,R,0.0,0,,Collision,,,
587,fisichella,minardi,18,20,R,0.0,0,,Collision,,,
587,verstappen,footwork,12,21,R,0.0,0,,Spun off,,,
587,montermini,forti,22,22,R,0.0,0,,Injury,,,
591,villeneuve,williams,2,1,1,10.0,61,1:33:00.874,Finished,,,
591,berger,benetton,7,2,2,6.0,61,+19.026,Finished,,,
591,hakkinen,mclaren,4,3,3,4.0,61,+50.830,Finished,,,
591,barrichello,jordan,6,4,4,3.0,61,+1:06.716,Finished,,,
591,coulthard,mclaren,9,5,5,2.0,61,+1:22.507,Finished,,,
591,brundle,jordan,8,6,6,1.0,60,,+1 Lap,,,
591,salo,tyrrell,14,7,7,0.0,60,,+1 Lap,,,
591,frentzen,sauber,11,8,8,0.0,60,,+1 Lap,,,
591,herbert,sauber,13,9,9,0.0,60,,+1 Lap,,,
591,verstappen,footwork,15,10,10,0.0,60,,+1 Lap,,,
591,fisichella,minardi,18,11,11,0.0,59,,+2 Laps,,,
591,alesi,benetton,5,12,R,0.0,44,,Brakes,,,
591,panis,ligier,16,13,R,0.0,40,,Handling,,,
591,diniz,ligier,17,14,R,0.0,38,,Engine,,,
591,damon_hill,williams,1,15,R,0.0,26,,Wheel,,,
591,lamy,minardi,19,16,R,0.0,21,,Gearbox,,,
591,rosset,footwork,20,17,R,0.0,13,,Electrical,,,
591,katayama,tyrrell,12,18,R,0.0,12,,Engine,,,
591,irvine,ferrari,10,19,R,0.0,5,,Differential,,,
591,michael_schumacher,ferrari,3,20,R,0.0,3,,Hydraulics,,,
593,villeneuve,williams,3,1,1,10.0,77,1:46:21.134,Finished,,,
593,damon_hill,williams,2,2,2,6.0,77,+0.771,Finished,,,
593,alesi,benetton,5,3,3,4.0,77,+1:24.212,Finished,,,
593,hakkinen,mclaren,7,4,4,3.0,76,,+1 Lap,,,
593,panis,ligier,11,5,5,2.0,76,,+1 Lap,,,
593,barrichello,jordan,13,6,6,1.0,75,,+2 Laps,,,
593,katayama,tyrrell,14,7,7,0.0,74,,+3 Laps,,,
593,rosset,footwork,18,8,8,0.0,74,,+3 Laps,,,
593,michael_schumacher,ferrari,1,9,9,0.0,70,,Throttle,,,
593,lavaggi,minardi,20,10,10,0.0,69,,Spun off,,,
593,berger,benetton,6,11,R,0.0,64,,Engine,,,
593,frentzen,sauber,10,12,R,0.0,50,,Electrical,,,
593,herbert,sauber,8,13,R,0.0,35,,Engine,,,
593,irvine,ferrari,4,14,R,0.0,31,,Gearbox,,,
593,lamy,minardi,19,15,R,0.0,24,,Suspension,,,
593,coulthard,mclaren,9,16,R,0.0,23,,Engine,,,
593,verstappen,footwork,17,17,R,0.0,10,,Spun off,,,
593,brundle,jordan,12,18,R,0.0,5,,Spun off,,,
593,diniz,ligier,15,19,R,0.0,1,,Collision,,,
593,salo,tyrrell,16,20,R,0.0,0,,Collision,,,
595,michael_schumacher,ferrari,3,1,1,10.0,53,1:17:43.632,Finished,,,
595,alesi,benetton,6,2,2,6.0,53,+18.265,Finished,,,
595,hakkinen,mclaren,4,3,3,4.0,53,+1:06.635,Finished,,,
595,brundle,jordan,9,4,4,3.0,53,+1:25.217,Finished,,,
595,barrichello,jordan,10,5,5,2.0,53,+1:25.475,Finished,,,
595,diniz,ligier,14,6,6,1.0,52,,+1 Lap,,,
595,villeneuve,williams,2,7,7,0.0,52,,+1 Lap,,,
595,verstappen,footwork,15,8,8,0.0,52,,+1 Lap,,,
595,herbert,sauber,12,9,9,0.0,51,,Engine,,,
595,katayama,tyrrell,16,10,10,0.0,51,,+2 Laps,,,
595,rosset,footwork,19,11,R,0.0,36,,Spun off,,,
595,irvine,ferrari,7,12,R,0.0,23,,Spun off,,,
595,lamy,minardi,18,13,R,0.0,12,,Engine,,,
595,salo,tyrrell,17,14,R,0.0,9,,Engine,,,
595,frentzen,sauber,13,15,R,0.0,7,,Spun off,,,
595,damon_hill,williams,1,16,R,0.0,5,,Spun off,,,
595,lavaggi,minardi,20,17,R,0.0,5,,Engine,,,
595,berger,benetton,8,18,R,0.0,4,,Hydraulics,,,
595,panis,ligier,11,19,R,0.0,2,,Spun off,,,
595,coulthard,mclaren,5,20,R,0.0,1,,Spun off,,,
597,damon_hill,williams,2,1,1,10.0,52,1:32:33.791,Finished,,,
597,michael_schumacher,ferrari,3,2,2,6.0,52,+1.883,Finished,,,
597,hakkinen,mclaren,5,3,3,4.0,52,+3.212,Finished,,,
597,berger,benetton,4,4,4,3.0,52,+26.526,Finished,,,
597,brundle,jordan,10,5,5,2.0,52,+1:07.120,Finished,,,
597,frentzen,sauber,7,6,6,1.0,52,+1:21.186,Finished,,,
597,panis,ligier,12,7,7,0.0,52,+1:24.510,Finished,,,
597,coulthard,mclaren,8,8,8,0.0,52,+1:25.233,Finished,,,
597,barrichello,jordan,11,9,9,0.0,52,+1:41.065,Finished,,,
597,herbert,sauber,13,10,10,0.0,52,+1:41.799,Finished,,,
597,verstappen,footwork,17,11,11,0.0,51,,+1 Lap,,,
597,lamy,minardi,18,12,12,0.0,50,,+2 Laps,,,
597,rosset,footwork,19,13,13,0.0,50,,+2 Laps,,,
597,irvine,ferrari,6,14,R,0.0,39,,Collision,,,
597,katayama,tyrrell,14,15,R,0.0,37,,Engine,,,
597,villeneuve,williams,1,16,R,0.0,36,,Wheel,,,
597,salo,tyrrell,15,17,R,0.0,20,,Engine,,,
597,diniz,ligier,16,18,R,0.0,13,,Spun off,,,
597,alesi,benetton,9,19,R,0.0,0,,Spun off,,,
598,coulthard,mclaren,4,1,1,10.0,58,1:30:28.718,Finished,,,
598,michael_schumacher,ferrari,3,2,2,6.0,58,+20.046,Finished,,,
598,hakkinen,mclaren,6,3,3,4.0,58,+22.177,Finished,,,
598,berger,benetton,10,4,4,3.0,58,+22.841,Finished,,,
598,panis,prost,9,5,5,2.0,58,+1:00.308,Finished,,,
598,larini,sauber,13,6,6,1.0,58,+1:36.040,Finished,,,
598,nakano,prost,16,7,7,0.0,56,,+2 Laps,,,
598,frentzen,williams,2,8,8,0.0,55,,Brakes,,,
598,trulli,minardi,17,9,9,0.0,55,,+3 Laps,,,
598,diniz,arrows,22,10,10,0.0,54,,+4 Laps,,,
598,barrichello,stewart,11,11,R,0.0,49,,Engine,,,
598,salo,tyrrell,18,12,R,0.0,42,,Engine,,,
598,magnussen,stewart,19,13,R,0.0,36,,Suspension,,,
598,alesi,benetton,8,14,R,0.0,34,,Fuel,,,
598,katayama,minardi,15,15,R,0.0,32,,Electrical,,,
598,fisichella,jordan,14,16,R,0.0,14,,Spun off,,,
598,verstappen,tyrrell,21,17,R,0.0,2,,Spun off,,,
598,ralf_schumacher,jordan,12,18,R,0.0,1,,Gearbox,,,
598,villeneuve,williams,1,19,R,0.0,0,,Collision,,,
598,irvine,ferrari,5,20,R,0.0,0,,Collision,,,
598,herbert,sauber,7,21,R,0.0,0,,Collision,,,
598,damon_hill,arrows,20,22,W,0.0,0,,Throttle,,,
600,villeneuve,williams,1,1,1,10.0,72,1:52:01.715,Finished,,,
600,irvine,ferrari,7,2,2,6.0,72,+0.979,Finished,,,
600,ralf_schumacher,jordan,6,3,3,4.0,72,+12.089,Finished,,,
600,herbert,sauber,8,4,4,3.0,72,+29.919,Finished,,,
600,hakkinen,mclaren,17,5,5,2.0,72,+30.351,Finished,,,
600,berger,benetton,12,6,6,1.0,72,+31.393,Finished,,,
600,alesi,benetton,11,7,7,0.0,72,+46.359,Finished,,,
600,salo,tyrrell,19,8,8,0.0,71,,+1 Lap,,,
600,trulli,minardi,18,9,9,0.0,71,,+1 Lap,,,
600,magnussen,stewart,15,10,10,0.0,66,,Engine,,,
600,larini,sauber,14,11,R,0.0,63,,Spun off,,,
600,diniz,arrows,22,12,R,0.0,50,,Engine,,,
600,nakano,prost,20,13,R,0.0,49,,Engine,,,
600,verstappen,tyrrell,16,14,R,0.0,43,,Engine,,,
600,katayama,minardi,21,15,R,0.0,37,,Spun off,,,
600,damon_hill,arrows,13,16,R,0.0,33,,Engine,,,
600,fisichella,jordan,9,17,R,0.0,24,,Collision,,,
600,barrichello,stewart,5,18,R,0.0,24,,Hydraulics,,,
600,panis,prost,3,19,R,0.0,18,,Electrical,,,
600,frentzen,williams,2,20,R,0.0,5,,Clutch,,,
600,michael_schumacher,ferrari,4,21,R,0.0,0,,Collision,,,
600,coulthard,mclaren,10,22,R,0.0,0,,Collision,,,
603,villeneuve,williams,1,1,1,10.0,64,1:30:35.896,Finished,,,
603,panis,prost,12,2,2,6.0,64,+5.804,Finished,,,
603,alesi,benetton,4,3,3,4.0,64,+12.534,Finished,,,
603,michael_schumacher,ferrari,7,4,4,3.0,64,+17.979,Finished,,,
603,herbert,sauber,10,5,5,2.0,64,+27.986,Finished,,,
603,coulthard,mclaren,3,6,6,1.0,64,+29.744,Finished,,,
603,hakkinen,mclaren,5,7,7,0.0,64,+48.785,Finished,,,
603,frentzen,williams,2,8,8,0.0,64,+1:04.139,Finished,,,
603,fisichella,jordan,8,9,9,0.0,64,+1:04.767,Finished,,,
603,berger,benetton,6,10,10,0.0,64,+1:05.670,Finished,,,
603,verstappen,tyrrell,19,11,11,0.0,63,,+1 Lap,,,
603,irvine,ferrari,11,12,12,0.0,63,,+1 Lap,,,
603,magnussen,stewart,22,13,13,0.0,63,,+1 Lap,,,
603,morbidelli,sauber,13,14,14,0.0,62,,+2 Laps,,,
603,trulli,minardi,18,15,15,0.0,62,,+2 Laps,,,
603,diniz,arrows,21,16,R,0.0,53,,Engine,,,
603,ralf_schumacher,jordan,9,17,R,0.0,50,,Engine,,,
603,barrichello,stewart,17,18,R,0.0,37,,Engine,,,
603,salo,tyrrell,14,19,R,0.0,35,,Puncture,,,
603,nakano,prost,16,20,R,0.0,34,,Gearbox,,,
603,damon_hill,arrows,15,21,R,0.0,17,,Engine,,,
603,katayama,minardi,20,22,R,0.0,11,,Gearbox,,,
605,michael_schumacher,ferrari,1,1,1,10.0,72,1:38:50.492,Finished,,,
605,frentzen,williams,2,2,2,6.0,72,+23.537,Finished,,,
605,irvine,ferrari,5,3,3,4.0,72,+1:14.801,Finished,,,
605,villeneuve,williams,4,4,4,3.0,72,+1:21.784,Finished,,,
605,alesi,benetton,8,5,5,2.0,72,+1:22.735,Finished,,,
605,ralf_schumacher,jordan,3,6,6,1.0,72,+1:29.871,Finished,,,
605,coulthard,mclaren,9,7,7,0.0,71,,Collision,,,
605,herbert,sauber,14,8,8,0.0,71,,+1 Lap,,,
605,fisichella,jordan,11,9,9,0.0,71,,+1 Lap,,,
605,trulli,prost,6,10,10,0.0,70,,+2 Laps,,,
605,katayama,minardi,21,11,11,0.0,70,,+2 Laps,,,
605,damon_hill,arrows,17,12,12,0.0,69,,+3 Laps,,,
605,salo,tyrrell,19,13,R,0.0,61,,Electrical,,,
605,wurz,benetton,7,14,R,0.0,60,,Spun off,,,
605,diniz,arrows,16,15,R,0.0,58,,Spun off,,,
605,fontana,sauber,20,16,R,0.0,40,,Spun off,,,
605,barrichello,stewart,13,17,R,0.0,36,,Engine,,,
605,magnussen,stewart,15,18,R,0.0,33,,Brakes,,,
605,hakkinen,mclaren,10,19,R,0.0,18,,Engine,,,
605,verstappen,tyrrell,18,20,R,0.0,15,,Spun off,,,
605,nakano,prost,12,21,R,0.0,7,,Spun off,,,
605,marques,minardi,22,22,R,0.0,5,,Engine,,,
608,villeneuve,williams,2,1,1,10.0,77,1:45:47.149,Finished,,,
608,damon_hill,arrows,3,2,2,6.0,77,+9.079,Finished,,,
608,herbert,sauber,10,3,3,4.0,77,+20.445,Finished,,,
608,michael_schumacher,ferrari,1,4,4,3.0,77,+30.501,Finished,,,
608,ralf_schumacher,jordan,14,5,5,2.0,77,+30.715,Finished,,,
608,nakano,prost,16,6,6,1.0,77,+41.512,Finished,,,
608,trulli,prost,12,7,7,0.0,77,+1:15.552,Finished,,,
608,berger,benetton,7,8,8,0.0,77,+1:16.409,Finished,,,
608,irvine,ferrari,5,9,9,0.0,76,,Spun off,,,
608,katayama,minardi,20,10,10,0.0,76,,+1 Lap,,,
608,alesi,benetton,9,11,11,0.0,76,,+1 Lap,,,
608,marques,minardi,22,12,12,0.0,75,,+2 Laps,,,
608,salo,tyrrell,21,13,13,0.0,75,,+2 Laps,,,
608,coulthard,mclaren,8,14,R,0.0,65,,Electrical,,,
608,verstappen,tyrrell,18,15,R,0.0,61,,Gearbox,,,
608,diniz,arrows,19,16,R,0.0,53,,Electrical,,,
608,fisichella,jordan,13,17,R,0.0,42,,Spun off,,,
608,frentzen,williams,6,18,R,0.0,29,,Fuel,,,
608,barrichello,stewart,11,19,R,0.0,29,,Engine,,,
608,hakkinen,mclaren,4,20,R,0.0,12,,Hydraulics,,,
608,morbidelli,sauber,15,21,R,0.0,7,,Engine,,,
608,magnussen,stewart,17,22,R,0.0,5,,Accident,,,
611,villeneuve,williams,1,1,1,10.0,71,1:27:35.999,Finished,,,
611,coulthard,mclaren,10,2,2,6.0,71,+2.909,Finished,,,
611,frentzen,williams,4,3,3,4.0,71,+3.962,Finished,,,
611,fisichella,jordan,14,4,4,3.0,71,+12.127,Finished,,,
611,ralf_schumacher,jordan,11,5,5,2.0,71,+31.859,Finished,,,
611,michael_schumacher,ferrari,9,6,6,1.0,71,+33.410,Finished,,,
611,damon_hill,arrows,7,7,7,0.0,71,+37.207,Finished,,,
611,herbert,sauber,12,8,8,0.0,71,+49.057,Finished,,,
611,morbidelli,sauber,13,9,9,0.0,71,+1:06.455,Finished,,,
611,berger,benetton,18,10,10,0.0,70,,+1 Lap,,,
611,katayama,minardi,19,11,11,0.0,69,,+2 Laps,,,
611,verstappen,tyrrell,20,12,12,0.0,69,,+2 Laps,,,
611,diniz,arrows,17,13,13,0.0,67,,+4 Laps,,,
611,barrichello,stewart,5,14,14,0.0,64,,Spun off,,,
611,trulli,prost,3,15,R,0.0,58,,Engine,,,
611,magnussen,stewart,6,16,R,0.0,58,,Engine,,,
611,nakano,prost,16,17,R,0.0,57,,Engine,,,
611,salo,tyrrell,21,18,R,0.0,48,,Gearbox,,,
611,irvine,ferrari,8,19,R,0.0,38,,Collision,,,
611,alesi,benetton,15,20,R,0.0,37,,Collision,,,
611,hakkinen,mclaren,2,21,R,0.0,1,,Engine,,,
611,marques,minardi,0,22,D,0.0,0,,Underweight,,,
612,villeneuve,williams,2,1,1,10.0,67,1:31:27.843,Finished,,,
612,alesi,benetton,10,2,2,6.0,67,+11.770,Finished,,,
612,frentzen,williams,3,3,3,4.0,67,+13.480,Finished,,,
612,berger,benetton,7,4,4,3.0,67,+16.416,Finished,,,
612,diniz,arrows,15,5,5,2.0,67,+43.147,Finished,,,
612,panis,prost,11,6,6,1.0,67,+43.750,Finished,,,
612,herbert,sauber,16,7,7,0.0,67,+44.354,Finished,,,
612,damon_hill,arrows,13,8,8,0.0,67,+44.777,Finished,,,
612,morbidelli,sauber,19,9,9,0.0,66,,+1 Lap,,,
612,salo,tyrrell,20,10,10,0.0,66,,+1 Lap,,,
612,verstappen,tyrrell,21,11,R,0.0,50,,Spun off,,,
612,hakkinen,mclaren,1,12,R,0.0,43,,Engine,,,
612,barrichello,stewart,9,13,R,0.0,43,,Gearbox,,,
612,coulthard,mclaren,6,14,R,0.0,42,,Engine,,,
612,magnussen,stewart,12,15,R,0.0,40,,Halfshaft,,,
612,irvine,ferrari,14,16,R,0.0,22,,Engine,,,
612,nakano,prost,17,17,R,0.0,16,,Engine,,,
612,michael_schumacher,ferrari,5,18,R,0.0,2,,Suspension,,,
612,marques,minardi,18,19,R,0.0,1,,Engine,,,
612,katayama,minardi,22,20,R,0.0,1,,Collision,,,
612,fisichella,jordan,4,21,R,0.0,0,,Collision,,,
612,ralf_schumacher,jordan,8,22,R,0.0,0,,Collision,,,
613,michael_schumacher,ferrari,2,1,1,10.0,53,1:29:48.446,Finished,,,
613,frentzen,williams,6,2,2,6.0,53,+1.378,Finished,,,
613,irvine,ferrari,3,3,3,4.0,53,+26.384,Finished,,,
613,hakkinen,mclaren,4,4,4,3.0,53,+27.129,Finished,,,
613,alesi,benetton,7,5,5,2.0,53,+40.403,Finished,,,
613,herbert,sauber,8,6,6,1.0,53,+41.630,Finished,,,
613,fisichella,jordan,9,7,7,0.0,53,+56.825,Finished,,,
613,berger,benetton,5,8,8,0.0,53,+1:00.429,Finished,,,
613,ralf_schumacher,jordan,13,9,9,0.0,53,+1:22.036,Finished,,,
613,coulthard,mclaren,11,10,10,0.0,52,,Engine,,,
613,damon_hill,arrows,17,11,11,0.0,52,,+1 Lap,,,
613,diniz,arrows,16,12,12,0.0,52,,+1 Lap,,,
613,verstappen,tyrrell,21,13,13,0.0,52,,+1 Lap,,,
613,villeneuve,williams,1,14,D,0.0,53,,Disqualified,,,
613,marques,minardi,20,15,R,0.0,46,,Gearbox,,,
613,salo,tyrrell,22,16,R,0.0,46,,Engine,,,
613,panis,prost,10,17,R,0.0,36,,Engine,,,
613,nakano,prost,15,18,R,0.0,22,,Wheel bearing,,,
613,katayama,minardi,19,19,R,0.0,8,,Engine,,,
613,barrichello,stewart,12,20,R,0.0,6,,Spun off,,,
613,magnussen,stewart,14,21,R,0.0,3,,Spun off,,,
613,morbidelli,sauber,0,22,W,0.0,0,,Injury,,,
614,hakkinen,mclaren,5,1,1,10.0,69,1:38:57.771,Finished,,,
614,coulthard,mclaren,6,2,2,6.0,69,+1.654,Finished,,,
614,villeneuve,williams,1,3,3,4.0,69,+1.803,Finished,,,
614,berger,benetton,8,4,4,3.0,69,+1.919,Finished,,,
614,irvine,ferrari,7,5,5,2.0,69,+3.789,Finished,,,
614,frentzen,williams,3,6,6,1.0,69,+4.537,Finished,,,
614,panis,prost,9,7,7,0.0,69,+1:07.145,Finished,,,
614,herbert,sauber,14,8,8,0.0,69,+1:12.961,Finished,,,
614,magnussen,stewart,11,9,9,0.0,69,+1:17.487,Finished,,,
614,nakano,prost,15,10,10,0.0,69,+1:18.215,Finished,,,
614,fisichella,jordan,17,11,11,0.0,68,,+1 Lap,,,
614,salo,tyrrell,21,12,12,0.0,68,,+1 Lap,,,
614,alesi,benetton,10,13,13,0.0,68,,+1 Lap,,,
614,fontana,sauber,18,14,14,0.0,68,,+1 Lap,,,
614,marques,minardi,20,15,15,0.0,68,,+1 Lap,,,
614,verstappen,tyrrell,22,16,16,0.0,68,,+1 Lap,,,
614,katayama,minardi,19,17,17,0.0,68,,+1 Lap,,,
614,michael_schumacher,ferrari,2,18,R,0.0,47,,Collision,,,
614,damon_hill,arrows,4,19,R,0.0,47,,Gearbox,,,
614,ralf_schumacher,jordan,16,20,R,0.0,44,,Water leak,,,
614,barrichello,stewart,12,21,R,0.0,30,,Gearbox,,,
614,diniz,arrows,13,22,R,0.0,11,,Spun off,,,
615,hakkinen,mclaren,1,1,1,10.0,58,1:31,Finished,,,
615,coulthard,mclaren,2,2,2,6.0,58,+0.702,Finished,,,
615,frentzen,williams,6,3,3,4.0,57,,+1 Lap,,,
615,irvine,ferrari,8,4,4,3.0,57,,+1 Lap,,,
615,villeneuve,williams,4,5,5,2.0,57,,+1 Lap,,,
615,herbert,sauber,5,6,6,1.0,57,,+1 Lap,,,
615,wurz,benetton,11,7,7,0.0,57,,+1 Lap,,,
615,damon_hill,jordan,10,8,8,0.0,57,,+1 Lap,,,
615,panis,prost,21,9,9,0.0,57,,+1 Lap,,,
615,fisichella,benetton,7,10,R,0.0,43,,Broken wing,,,
615,alesi,sauber,12,11,R,0.0,41,,Engine,,,
615,trulli,prost,15,12,R,0.0,26,,Gearbox,,,
615,rosset,tyrrell,19,13,R,0.0,25,,Gearbox,,,
615,salo,arrows,16,14,R,0.0,23,,Gearbox,,,
615,tuero,minardi,17,15,R,0.0,22,,Engine,,,
615,nakano,minardi,22,16,R,0.0,8,,Halfshaft,,,
615,michael_schumacher,ferrari,3,17,R,0.0,5,,Engine,,,
615,diniz,arrows,20,18,R,0.0,2,,Gearbox,,,
615,ralf_schumacher,jordan,9,19,R,0.0,1,,Collision,,,
615,magnussen,stewart,18,20,R,0.0,1,,Collision,,,
615,takagi,tyrrell,13,21,R,0.0,1,,Spun off,,,
615,barrichello,stewart,14,22,R,0.0,0,,Gearbox,,,
617,michael_schumacher,ferrari,2,1,1,10.0,72,1:48:36.100,Finished,,,
617,hakkinen,mclaren,3,2,2,6.0,72,+22.898,Finished,,,
617,irvine,ferrari,4,3,3,4.0,72,+57.745,Finished,,,
617,wurz,benetton,8,4,4,3.0,72,+1:08.134,Finished,,,
617,alesi,sauber,11,5,5,2.0,72,+1:18.286,Finished,,,
617,coulthard,mclaren,1,6,6,1.0,72,+1:19.751,Finished,,,
617,fisichella,benetton,10,7,7,0.0,72,+1:28.437,Finished,,,
617,damon_hill,jordan,9,8,8,0.0,71,,+1 Lap,,,
617,frentzen,williams,6,9,9,0.0,71,,+1 Lap,,,
617,barrichello,stewart,14,10,10,0.0,70,,+2 Laps,,,
617,trulli,prost,16,11,11,0.0,70,,+2 Laps,,,
617,takagi,tyrrell,13,12,12,0.0,70,,+2 Laps,,,
617,nakano,minardi,19,13,13,0.0,69,,+3 Laps,,,
617,rosset,tyrrell,21,14,14,0.0,68,,+4 Laps,,,
617,panis,prost,15,15,15,0.0,65,,Engine,,,
617,tuero,minardi,20,16,R,0.0,63,,Spun off,,,
617,villeneuve,williams,7,17,R,0.0,52,,Collision,,,
617,herbert,sauber,12,18,R,0.0,46,,Collision,,,
617,ralf_schumacher,jordan,5,19,R,0.0,22,,Suspension,,,
617,salo,arrows,17,20,R,0.0,18,,Gearbox,,,
617,magnussen,stewart,22,21,R,0.0,17,,Transmission,,,
617,diniz,arrows,18,22,R,0.0,13,,Gearbox,,,
619,hakkinen,mclaren,1,1,1,10.0,65,1:33:38.300,Finished,,,
619,coulthard,mclaren,2,2,2,6.0,65,+9.439,Finished,,,
619,michael_schumacher,ferrari,3,3,3,4.0,65,+47.095,Finished,,,
619,wurz,benetton,5,4,4,3.0,65,+1:02.538,Finished,,,
619,barrichello,stewart,9,5,5,2.0,64,,+1 Lap,,,
619,villeneuve,williams,10,6,6,1.0,64,,+1 Lap,,,
619,herbert,sauber,7,7,7,0.0,64,,+1 Lap,,,
619,frentzen,williams,13,8,8,0.0,63,,+2 Laps,,,
619,trulli,prost,16,9,9,0.0,63,,+2 Laps,,,
619,alesi,sauber,14,10,10,0.0,63,,+2 Laps,,,
619,ralf_schumacher,jordan,11,11,11,0.0,63,,+2 Laps,,,
619,magnussen,stewart,18,12,12,0.0,63,,+2 Laps,,,
619,takagi,tyrrell,21,13,13,0.0,63,,+2 Laps,,,
619,nakano,minardi,20,14,14,0.0,63,,+2 Laps,,,
619,tuero,minardi,19,15,15,0.0,63,,+2 Laps,,,
619,panis,prost,12,16,16,0.0,60,,+5 Laps,,,
619,damon_hill,jordan,8,17,R,0.0,46,,Engine,,,
619,irvine,ferrari,6,18,R,0.0,28,,Collision,,,
619,fisichella,benetton,4,19,R,0.0,28,,Collision,,,
619,salo,arrows,17,20,R,0.0,21,,Engine,,,
619,diniz,arrows,15,21,R,0.0,20,,Engine,,,
621,michael_schumacher,ferrari,3,1,1,10.0,69,1:40:57.300,Finished,,,
621,fisichella,benetton,4,2,2,6.0,69,+16.662,Finished,,,
621,irvine,ferrari,8,3,3,4.0,69,+1:00.059,Finished,,,
621,wurz,benetton,11,4,4,3.0,69,+1:03.232,Finished,,,
621,barrichello,stewart,13,5,5,2.0,69,+1:21.513,Finished,,,
621,magnussen,stewart,20,6,6,1.0,68,,+1 Lap,,,
621,nakano,minardi,18,7,7,0.0,68,,+1 Lap,,,
621,rosset,tyrrell,22,8,8,0.0,68,,+1 Lap,,,
621,diniz,arrows,19,9,9,0.0,68,,+1 Lap,,,
621,villeneuve,williams,6,10,10,0.0,63,,+6 Laps,,,
621,tuero,minardi,21,11,R,0.0,53,,Electrical,,,
621,damon_hill,jordan,10,12,R,0.0,42,,Electrical,,,
621,panis,prost,15,13,R,0.0,39,,Spun off,,,
621,frentzen,williams,7,14,R,0.0,20,,Spun off,,,
621,coulthard,mclaren,1,15,R,0.0,18,,Throttle,,,
621,herbert,sauber,12,16,R,0.0,18,,Spun off,,,
621,salo,arrows,17,17,R,0.0,18,,Accident,,,
621,hakkinen,mclaren,2,18,R,0.0,0,,Gearbox,,,
621,ralf_schumacher,jordan,5,19,R,0.0,0,,Gearbox,,,
621,alesi,sauber,9,20,R,0.0,0,,Collision,,,
621,trulli,prost,14,21,R,0.0,0,,Collision,,,
621,takagi,tyrrell,16,22,R,0.0,0,,Transmission,,,
625,hakkinen,mclaren,1,1,1,10.0,45,1:20,Finished,,,
625,coulthard,mclaren,2,2,2,6.0,45,+0.426,Finished,,,
625,villeneuve,williams,3,3,3,4.0,45,+2.577,Finished,,,
625,damon_hill,jordan,5,4,4,3.0,45,+7.185,Finished,,,
625,michael_schumacher,ferrari,9,5,5,2.0,45,+12.613,Finished,,,
625,ralf_schumacher,jordan,4,6,6,1.0,45,+29.738,Finished,,,
625,fisichella,benetton,8,7,7,0.0,45,+31.026,Finished,,,
625,irvine,ferrari,6,8,8,0.0,45,+31.649,Finished,,,
625,frentzen,williams,10,9,9,0.0,45,+32.784,Finished,,,
625,alesi,sauber,11,10,10,0.0,45,+48.371,Finished,,,
625,wurz,benetton,7,11,11,0.0,45,+57.994,Finished,,,
625,trulli,prost,14,12,12,0.0,44,,+1 Lap,,,
625,takagi,tyrrell,15,13,13,0.0,44,,+1 Lap,,,
625,salo,arrows,17,14,14,0.0,44,,+1 Lap,,,
625,panis,prost,16,15,15,0.0,44,,+1 Lap,,,
625,tuero,minardi,21,16,16,0.0,43,,+2 Laps,,,
625,herbert,sauber,12,17,R,0.0,37,,Gearbox,,,
625,nakano,minardi,20,18,R,0.0,36,,Gearbox,,,
625,barrichello,stewart,13,19,R,0.0,27,,Gearbox,,,
625,verstappen,stewart,19,20,R,0.0,24,,Gearbox,,,
625,diniz,arrows,18,21,R,0.0,2,,Throttle,,,
627,damon_hill,jordan,3,1,1,10.0,44,1:43:47.407,Finished,,,
627,ralf_schumacher,jordan,8,2,2,6.0,44,+0.932,Finished,,,
627,alesi,sauber,10,3,3,4.0,44,+7.240,Finished,,,
627,frentzen,williams,9,4,4,3.0,44,+32.243,Finished,,,
627,diniz,arrows,16,5,5,2.0,44,+51.682,Finished,,,
627,trulli,prost,13,6,6,1.0,42,,+2 Laps,,,
627,coulthard,mclaren,2,7,7,0.0,39,,+5 Laps,,,
627,nakano,minardi,21,8,8,0.0,39,,+5 Laps,,,
627,fisichella,benetton,7,9,R,0.0,26,,Collision,,,
627,michael_schumacher,ferrari,4,10,R,0.0,25,,Collision,,,
627,irvine,ferrari,5,11,R,0.0,25,,Spun off,,,
627,tuero,minardi,22,12,R,0.0,17,,Gearbox,,,
627,villeneuve,williams,6,13,R,0.0,16,,Spun off,,,
627,takagi,tyrrell,19,14,R,0.0,10,,Spun off,,,
627,verstappen,stewart,17,15,R,0.0,8,,Engine,,,
627,hakkinen,mclaren,1,16,R,0.0,0,,Collision,,,
627,wurz,benetton,11,17,R,0.0,0,,Collision,,,
627,herbert,sauber,12,18,R,0.0,0,,Collision,,,
627,barrichello,stewart,15,19,W,0.0,0,,Collision,,,
627,panis,prost,14,20,W,0.0,0,,Collision,,,
627,salo,arrows,18,21,W,0.0,0,,Collision,,,
627,rosset,tyrrell,20,22,W,0.0,0,,Collision,,,
630,hakkinen,mclaren,2,1,1,10.0,51,1:27:23.400,Finished,,,
630,irvine,ferrari,4,2,2,6.0,51,+6.491,Finished,,,
630,coulthard,mclaren,3,3,3,4.0,51,+27.662,Finished,,,
630,damon_hill,jordan,8,4,4,3.0,51,+1:13.491,Finished,,,
630,frentzen,williams,5,5,5,2.0,51,+1:13.857,Finished,,,
630,villeneuve,williams,6,6,6,1.0,51,+1:15.867,Finished,,,
630,alesi,sauber,12,7,7,0.0,51,+1:36.053,Finished,,,
630,fisichella,benetton,10,8,8,0.0,51,+1:41.302,Finished,,,
630,wurz,benetton,9,9,9,0.0,50,,+1 Lap,,,
630,herbert,sauber,11,10,10,0.0,50,,+1 Lap,,,
630,panis,prost,13,11,11,0.0,50,,+1 Lap,,,
630,trulli,prost,14,12,12,0.0,48,,+3 Laps,,,
630,nakano,minardi,20,13,R,0.0,40,,Throttle,,,
630,michael_schumacher,ferrari,1,14,R,0.0,31,,Tyre,,,
630,takagi,tyrrell,17,15,R,0.0,28,,Collision,,,
630,tuero,minardi,21,16,R,0.0,28,,Collision,,,
630,barrichello,stewart,16,17,R,0.0,25,,Hydraulics,,,
630,verstappen,stewart,19,18,R,0.0,21,,Gearbox,,,
630,salo,arrows,15,19,R,0.0,14,,Hydraulics,,,
630,ralf_schumacher,jordan,7,20,R,0.0,13,,Engine,,,
630,diniz,arrows,18,21,R,0.0,2,,Spun off,,,
632,hakkinen,mclaren,1,1,1,10.0,72,1:36:03.785,Finished,,,
632,michael_schumacher,ferrari,4,2,2,6.0,72,+4.925,Finished,,,
632,frentzen,jordan,8,3,3,4.0,71,,Out of fuel,,,
632,ralf_schumacher,williams,11,4,4,3.0,71,,+1 Lap,,,
632,irvine,ferrari,6,5,5,2.0,71,,+1 Lap,,,
632,panis,prost,12,6,6,1.0,71,,+1 Lap,,,
632,wurz,benetton,9,7,7,0.0,70,,+2 Laps,,,
632,takagi,arrows,19,8,8,0.0,69,,+3 Laps,,,
632,gene,minardi,20,9,9,0.0,69,,+3 Laps,,,
632,rosa,arrows,17,10,R,0.0,52,,Hydraulics,,,
632,villeneuve,bar,21,11,R,0.0,49,,Hydraulics,,,
632,zanardi,williams,16,12,R,0.0,43,,Gearbox,,,
632,barrichello,stewart,3,13,R,0.0,42,,Engine,,,
632,diniz,sauber,15,14,R,0.0,42,,Collision,,,
632,fisichella,benetton,5,15,R,0.0,38,,Clutch,,,
632,sarrazin,minardi,18,16,R,0.0,31,,Spun off,,,
632,alesi,sauber,14,17,R,0.0,27,,Gearbox,,,
632,coulthard,mclaren,2,18,R,0.0,22,,Gearbox,,,
632,trulli,prost,13,19,R,0.0,21,,Gearbox,,,
632,herbert,stewart,10,20,R,0.0,15,,Hydraulics,,,
632,damon_hill,jordan,7,21,R,0.0,10,,Collision,,,
635,hakkinen,mclaren,1,1,1,10.0,65,1:34:13.665,Finished,,,
635,coulthard,mclaren,3,2,2,6.0,65,+6.238,Finished,,,
635,michael_schumacher,ferrari,4,3,3,4.0,65,+10.845,Finished,,,
635,irvine,ferrari,2,4,4,3.0,65,+30.182,Finished,,,
635,ralf_schumacher,williams,10,5,5,2.0,65,+1:27.208,Finished,,,
635,trulli,prost,9,6,6,1.0,64,,+1 Lap,,,
635,damon_hill,jordan,11,7,7,0.0,64,,+1 Lap,,,
635,salo,bar,16,8,8,0.0,64,,+1 Lap,,,
635,fisichella,benetton,13,9,9,0.0,64,,+1 Lap,,,
635,wurz,benetton,18,10,10,0.0,64,,+1 Lap,,,
635,rosa,arrows,19,11,11,0.0,63,,+2 Laps,,,
635,takagi,arrows,20,12,12,0.0,62,,+3 Laps,,,
635,badoer,minardi,22,13,R,0.0,50,,Spun off,,,
635,villeneuve,bar,6,14,R,0.0,40,,Gearbox,,,
635,diniz,sauber,12,15,R,0.0,40,,Transmission,,,
635,herbert,stewart,14,16,R,0.0,40,,Transmission,,,
635,frentzen,jordan,8,17,R,0.0,35,,Halfshaft,,,
635,alesi,sauber,5,18,R,0.0,27,,Transmission,,,
635,zanardi,williams,17,19,R,0.0,24,,Gearbox,,,
635,panis,prost,15,20,R,0.0,24,,Gearbox,,,
635,gene,minardi,21,21,R,0.0,0,,Gearbox,,,
635,barrichello,stewart,7,22,D,0.0,64,,Disqualified,,,
638,coulthard,mclaren,3,1,1,10.0,60,1:32:30.144,Finished,,,
638,irvine,ferrari,4,2,2,6.0,60,+1.829,Finished,,,
638,ralf_schumacher,williams,8,3,3,4.0,60,+27.411,Finished,,,
638,frentzen,jordan,5,4,4,3.0,60,+27.789,Finished,,,
638,damon_hill,jordan,6,5,5,2.0,60,+38.606,Finished,,,
638,diniz,sauber,12,6,6,1.0,60,+53.643,Finished,,,
638,fisichella,benetton,17,7,7,0.0,60,+54.614,Finished,,,
638,barrichello,stewart,7,8,8,0.0,60,+1:08.590,Finished,,,
638,trulli,prost,14,9,9,0.0,60,+1:12.045,Finished,,,
638,wurz,benetton,18,10,10,0.0,60,+1:12.123,Finished,,,
638,zanardi,williams,13,11,11,0.0,60,+1:17.124,Finished,,,
638,herbert,stewart,11,12,12,0.0,60,+1:17.709,Finished,,,
638,panis,prost,15,13,13,0.0,60,+1:20.492,Finished,,,
638,alesi,sauber,10,14,14,0.0,59,,+1 Lap,,,
638,gene,minardi,22,15,15,0.0,58,,+2 Laps,,,
638,takagi,arrows,19,16,16,0.0,58,,+2 Laps,,,
638,zonta,bar,16,17,R,0.0,41,,Suspension,,,
638,hakkinen,mclaren,1,18,R,0.0,35,,Wheel,,,
638,villeneuve,bar,9,19,R,0.0,29,,Halfshaft,,,
638,badoer,minardi,21,20,R,0.0,6,,Gearbox,,,
638,rosa,arrows,20,21,R,0.0,0,,Gearbox,,,
638,michael_schumacher,ferrari,2,22,R,0.0,0,,Brakes,,,
641,hakkinen,mclaren,1,1,1,10.0,77,1:46:23.536,Finished,,,
641,coulthard,mclaren,3,2,2,6.0,77,+9.706,Finished,,,
641,irvine,ferrari,2,3,3,4.0,77,+27.228,Finished,,,
641,frentzen,jordan,5,4,4,3.0,77,+31.815,Finished,,,
641,barrichello,stewart,8,5,5,2.0,77,+43.808,Finished,,,
641,damon_hill,jordan,6,6,6,1.0,77,+55.726,Finished,,,
641,wurz,benetton,7,7,7,0.0,77,+1:01.012,Finished,,,
641,trulli,prost,13,8,8,0.0,76,,+1 Lap,,,
641,ralf_schumacher,williams,16,9,9,0.0,76,,+1 Lap,,,
641,panis,prost,14,10,10,0.0,76,,+1 Lap,,,
641,herbert,stewart,10,11,11,0.0,76,,+1 Lap,,,
641,salo,ferrari,18,12,12,0.0,75,,+2 Laps,,,
641,zonta,bar,17,13,13,0.0,75,,+2 Laps,,,
641,badoer,minardi,19,14,14,0.0,75,,+2 Laps,,,
641,rosa,arrows,20,15,15,0.0,75,,+2 Laps,,,
641,alesi,sauber,11,16,16,0.0,74,,Fuel pressure,,,
641,gene,minardi,22,17,17,0.0,74,,+3 Laps,,,
641,villeneuve,bar,9,18,R,0.0,60,,Clutch,,,
641,fisichella,benetton,4,19,R,0.0,52,,Engine,,,
641,takagi,arrows,21,20,R,0.0,26,,Transmission,,,
641,diniz,sauber,12,21,R,0.0,19,,Spun off,,,
641,zanardi,williams,15,22,R,0.0,10,,Differential,,,
643,frentzen,jordan,2,1,1,10.0,53,1:17:02.923,Finished,,,
643,ralf_schumacher,williams,5,2,2,6.0,53,+3.272,Finished,,,
643,salo,ferrari,6,3,3,4.0,53,+11.932,Finished,,,
643,barrichello,stewart,7,4,4,3.0,53,+17.630,Finished,,,
643,coulthard,mclaren,3,5,5,2.0,53,+18.142,Finished,,,
643,irvine,ferrari,8,6,6,1.0,53,+27.402,Finished,,,
643,zanardi,williams,4,7,7,0.0,53,+28.047,Finished,,,
643,villeneuve,bar,11,8,8,0.0,53,+41.797,Finished,,,
643,alesi,sauber,13,9,9,0.0,53,+42.198,Finished,,,
643,damon_hill,jordan,9,10,10,0.0,53,+56.259,Finished,,,
643,panis,prost,10,11,11,0.0,52,,Engine,,,
643,herbert,stewart,15,12,R,0.0,40,,Clutch,,,
643,takagi,arrows,22,13,R,0.0,35,,Spun off,,,
643,rosa,arrows,21,14,W,0.0,35,,Withdrew,,,
643,hakkinen,mclaren,1,15,R,0.0,29,,Spun off,,,
643,trulli,prost,12,16,R,0.0,29,,Overheating,,,
643,zonta,bar,18,17,R,0.0,25,,Wheel bearing,,,
643,badoer,minardi,19,18,R,0.0,23,,Collision,,,
643,wurz,benetton,14,19,R,0.0,11,,Electrical,,,
643,diniz,sauber,16,20,R,0.0,1,,Spun off,,,
643,fisichella,benetton,17,21,R,0.0,1,,Spun off,,,
643,gene,minardi,20,22,R,0.0,0,,Collision,,,
644,herbert,stewart,14,1,1,10.0,66,1:41:54.314,Finished,,,
644,trulli,prost,10,2,2,6.0,66,+22.619,Finished,,,
644,barrichello,stewart,15,3,3,4.0,66,+22.866,Finished,,,
644,ralf_schumacher,williams,4,4,4,3.0,66,+39.508,Finished,,,
644,hakkinen,mclaren,3,5,5,2.0,66,+1:02.950,Finished,,,
644,gene,minardi,20,6,6,1.0,66,+1:05.154,Finished,,,
644,irvine,ferrari,9,7,7,0.0,66,+1:06.683,Finished,,,
644,zonta,bar,17,8,8,0.0,65,,+1 Lap,,,
644,panis,prost,5,9,9,0.0,65,,+1 Lap,,,
644,villeneuve,bar,8,10,10,0.0,61,,Clutch,,,
644,badoer,minardi,19,11,R,0.0,53,,Gearbox,,,
644,rosa,arrows,22,12,R,0.0,52,,Gearbox,,,
644,fisichella,benetton,6,13,R,0.0,48,,Spun off,,,
644,salo,ferrari,12,14,R,0.0,44,,Brakes,,,
644,takagi,arrows,21,15,R,0.0,42,,Spun off,,,
644,coulthard,mclaren,2,16,R,0.0,37,,Spun off,,,
644,alesi,sauber,16,17,R,0.0,35,,Halfshaft,,,
644,frentzen,jordan,1,18,R,0.0,32,,Electrical,,,
644,zanardi,williams,18,19,R,0.0,10,,Collision,,,
644,damon_hill,jordan,7,20,R,0.0,0,,Electrical,,,
644,wurz,benetton,11,21,R,0.0,0,,Collision,,,
644,diniz,sauber,13,22,R,0.0,0,,Collision,,,
645,irvine,ferrari,2,1,1,10.0,56,1:36:38.494,Finished,,,
645,michael_schumacher,ferrari,1,2,2,6.0,56,+1.040,Finished,,,
645,hakkinen,mclaren,4,3,3,4.0,56,+9.743,Finished,,,
645,herbert,stewart,5,4,4,3.0,56,+17.538,Finished,,,
645,barrichello,stewart,6,5,5,2.0,56,+32.296,Finished,,,
645,frentzen,jordan,14,6,6,1.0,56,+34.884,Finished,,,
645,alesi,sauber,15,7,7,0.0,56,+54.408,Finished,,,
645,wurz,benetton,7,8,8,0.0,56,+1:00.934,Finished,,,
645,gene,minardi,19,9,9,0.0,55,,+1 Lap,,,
645,zanardi,williams,16,10,10,0.0,55,,+1 Lap,,,
645,fisichella,benetton,11,11,11,0.0,52,,+4 Laps,,,
645,villeneuve,bar,10,12,R,0.0,48,,Hydraulics,,,
645,diniz,sauber,17,13,R,0.0,44,,Spun off,,,
645,rosa,arrows,20,14,R,0.0,30,,Engine,,,
645,badoer,minardi,21,15,R,0.0,15,,Spun off,,,
645,coulthard,mclaren,3,16,R,0.0,14,,Fuel pressure,,,
645,ralf_schumacher,williams,8,17,R,0.0,7,,Spun off,,,
645,takagi,arrows,22,18,R,0.0,7,,Transmission,,,
645,zonta,bar,13,19,R,0.0,6,,Engine,,,
645,panis,prost,12,20,R,0.0,5,,Engine,,,
645,damon_hill,jordan,9,21,R,0.0,0,,Collision,,,
645,trulli,prost,18,22,W,0.0,0,,Engine,,,
646,hakkinen,mclaren,2,1,1,10.0,53,1:31:18.785,Finished,,,
646,michael_schumacher,ferrari,1,2,2,6.0,53,+5.015,Finished,,,
646,irvine,ferrari,5,3,3,4.0,53,+1:35.688,Finished,,,
646,frentzen,jordan,4,4,4,3.0,53,+1:38.635,Finished,,,
646,ralf_schumacher,williams,9,5,5,2.0,53,+1:39.494,Finished,,,
646,alesi,sauber,10,6,6,1.0,52,,+1 Lap,,,
646,herbert,stewart,8,7,7,0.0,52,,+1 Lap,,,
646,barrichello,stewart,13,8,8,0.0,52,,+1 Lap,,,
646,villeneuve,bar,11,9,9,0.0,52,,+1 Lap,,,
646,wurz,benetton,15,10,10,0.0,52,,+1 Lap,,,
646,diniz,sauber,17,11,11,0.0,52,,+1 Lap,,,
646,zonta,bar,18,12,12,0.0,52,,+1 Lap,,,
646,rosa,arrows,21,13,13,0.0,51,,+2 Laps,,,
646,fisichella,benetton,14,14,14,0.0,47,,Engine,,,
646,takagi,arrows,19,15,R,0.0,43,,Gearbox,,,
646,badoer,minardi,22,16,R,0.0,43,,Engine,,,
646,coulthard,mclaren,3,17,R,0.0,39,,Hydraulics,,,
646,gene,minardi,20,18,R,0.0,31,,Gearbox,,,
646,damon_hill,jordan,12,19,R,0.0,21,,Physical,,,
646,panis,prost,6,20,R,0.0,19,,Alternator,,,
646,trulli,prost,7,21,R,0.0,3,,Engine,,,
646,zanardi,williams,8,22,R,0.0,0,,Electrical,,,
648,michael_schumacher,ferrari,3,1,1,10.0,71,1:31:35.271,Finished,,,
648,fisichella,benetton,5,2,2,6.0,71,+39.898,Finished,,,
648,frentzen,jordan,7,3,3,4.0,71,+42.268,Finished,,,
648,trulli,jordan,12,4,4,3.0,71,+1:12.780,Finished,,,
648,ralf_schumacher,williams,11,5,5,2.0,70,,+1 Lap,,,
648,button,williams,9,6,6,1.0,70,,+1 Lap,,,
648,verstappen,arrows,14,7,7,0.0,70,,+1 Lap,,,
648,rosa,arrows,16,8,8,0.0,70,,+1 Lap,,,
648,zonta,bar,8,9,9,0.0,69,,+2 Laps,,,
648,mazzacane,minardi,20,10,10,0.0,69,,+2 Laps,,,
648,coulthard,mclaren,2,11,D,0.0,71,,Disqualified,,,
648,herbert,jaguar,17,12,R,0.0,51,,Gearbox,,,
648,gene,minardi,18,13,R,0.0,31,,Engine,,,
648,hakkinen,mclaren,1,14,R,0.0,30,,Oil pressure,,,
648,barrichello,ferrari,4,15,R,0.0,27,,Hydraulics,,,
648,irvine,jaguar,6,16,R,0.0,20,,Spun off,,,
648,villeneuve,bar,10,17,R,0.0,16,,Gearbox,,,
648,alesi,prost,15,18,R,0.0,11,,Electrical,,,
648,heidfeld,prost,19,19,R,0.0,9,,Engine,,,
648,wurz,benetton,13,20,R,0.0,6,,Engine,,,
648,diniz,sauber,0,21,W,0.0,0,,Safety concerns,,,
648,salo,sauber,0,22,W,0.0,0,,Safety concerns,,,
650,coulthard,mclaren,4,1,1,10.0,60,1:28:50.108,Finished,,,
650,hakkinen,mclaren,3,2,2,6.0,60,+1.477,Finished,,,
650,michael_schumacher,ferrari,5,3,3,4.0,60,+19.917,Finished,,,
650,ralf_schumacher,williams,7,4,4,3.0,60,+41.312,Finished,,,
650,button,williams,6,5,5,2.0,60,+57.759,Finished,,,
650,trulli,jordan,11,6,6,1.0,60,+1:19.273,Finished,,,
650,fisichella,benetton,12,7,7,0.0,59,,+1 Lap,,,
650,salo,sauber,18,8,8,0.0,59,,+1 Lap,,,
650,wurz,benetton,20,9,9,0.0,59,,+1 Lap,,,
650,alesi,prost,15,10,10,0.0,59,,+1 Lap,,,
650,diniz,sauber,13,11,11,0.0,59,,+1 Lap,,,
650,herbert,jaguar,14,12,12,0.0,59,,+1 Lap,,,
650,irvine,jaguar,9,13,13,0.0,59,,+1 Lap,,,
650,gene,minardi,21,14,14,0.0,59,,+1 Lap,,,
650,mazzacane,minardi,22,15,15,0.0,59,,+1 Lap,,,
650,villeneuve,bar,10,16,16,0.0,56,,+4 Laps,,,
650,frentzen,jordan,2,17,17,0.0,54,,+6 Laps,,,
650,heidfeld,prost,17,18,R,0.0,51,,Engine,,,
650,zonta,bar,16,19,R,0.0,36,,Spun off,,,
650,barrichello,ferrari,1,20,R,0.0,35,,Hydraulics,,,
650,rosa,arrows,19,21,R,0.0,26,,Electrical,,,
650,verstappen,arrows,8,22,R,0.0,20,,Electrical,,,
654,michael_schumacher,ferrari,1,1,1,10.0,69,1:41:12.313,Finished,,,
654,barrichello,ferrari,3,2,2,6.0,69,+0.174,Finished,,,
654,fisichella,benetton,10,3,3,4.0,69,+15.365,Finished,,,
654,hakkinen,mclaren,4,4,4,3.0,69,+18.561,Finished,,,
654,verstappen,arrows,13,5,5,2.0,69,+52.208,Finished,,,
654,trulli,jordan,7,6,6,1.0,69,+1:01.687,Finished,,,
654,coulthard,mclaren,2,7,7,0.0,69,+1:02.216,Finished,,,
654,zonta,bar,8,8,8,0.0,69,+1:10.455,Finished,,,
654,wurz,benetton,14,9,9,0.0,69,+1:19.899,Finished,,,
654,diniz,sauber,19,10,10,0.0,69,+1:54.544,Finished,,,
654,button,williams,18,11,11,0.0,68,,+1 Lap,,,
654,mazzacane,minardi,22,12,12,0.0,68,,+1 Lap,,,
654,irvine,jaguar,16,13,13,0.0,66,,+3 Laps,,,
654,ralf_schumacher,williams,12,14,14,0.0,64,,Collision,,,
654,villeneuve,bar,6,15,15,0.0,64,,Collision,,,
654,gene,minardi,20,16,16,0.0,64,,Spun off,,,
654,rosa,arrows,9,17,R,0.0,48,,Collision,,,
654,salo,sauber,15,18,R,0.0,42,,Electrical,,,
654,alesi,prost,17,19,R,0.0,38,,Electrical,,,
654,heidfeld,prost,21,20,R,0.0,34,,Engine,,,
654,frentzen,jordan,5,21,R,0.0,32,,Brakes,,,
654,herbert,jaguar,11,22,R,0.0,14,,Gearbox,,,
657,barrichello,ferrari,18,1,1,10.0,45,1:25:34.418,Finished,,,
657,hakkinen,mclaren,4,2,2,6.0,45,+7.452,Finished,,,
657,coulthard,mclaren,1,3,3,4.0,45,+21.168,Finished,,,
657,button,williams,16,4,4,3.0,45,+22.685,Finished,,,
657,salo,sauber,15,5,5,2.0,45,+27.112,Finished,,,
657,rosa,arrows,5,6,6,1.0,45,+29.080,Finished,,,
657,ralf_schumacher,williams,14,7,7,0.0,45,+30.898,Finished,,,
657,villeneuve,bar,9,8,8,0.0,45,+47.537,Finished,,,
657,trulli,jordan,6,9,9,0.0,45,+50.901,Finished,,,
657,irvine,jaguar,10,10,10,0.0,45,+1:19.664,Finished,,,
657,mazzacane,minardi,21,11,11,0.0,45,+1:29.504,Finished,,,
657,heidfeld,prost,13,12,12,0.0,40,,Alternator,,,
657,frentzen,jordan,17,13,R,0.0,39,,Gearbox,,,
657,verstappen,arrows,11,14,R,0.0,39,,Spun off,,,
657,zonta,bar,12,15,R,0.0,37,,Spun off,,,
657,gene,minardi,22,16,R,0.0,33,,Engine,,,
657,wurz,benetton,7,17,R,0.0,31,,Electrical,,,
657,diniz,sauber,19,18,R,0.0,29,,Collision,,,
657,alesi,prost,20,19,R,0.0,29,,Collision,,,
657,herbert,jaguar,8,20,R,0.0,12,,Gearbox,,,
657,michael_schumacher,ferrari,2,21,R,0.0,0,,Collision,,,
657,fisichella,benetton,3,22,R,0.0,0,,Collision,,,
660,michael_schumacher,ferrari,1,1,1,10.0,53,1:27:31.638,Finished,,,
660,hakkinen,mclaren,3,2,2,6.0,53,+3.810,Finished,,,
660,ralf_schumacher,williams,7,3,3,4.0,53,+52.432,Finished,,,
660,verstappen,arrows,11,4,4,3.0,53,+59.938,Finished,,,
660,wurz,benetton,13,5,5,2.0,53,+1:07.426,Finished,,,
660,zonta,bar,17,6,6,1.0,53,+1:09.293,Finished,,,
660,salo,sauber,15,7,7,0.0,52,,+1 Lap,,,
660,diniz,sauber,16,8,8,0.0,52,,+1 Lap,,,
660,gene,minardi,21,9,9,0.0,52,,+1 Lap,,,
660,mazzacane,minardi,22,10,10,0.0,52,,+1 Lap,,,
660,fisichella,benetton,9,11,11,0.0,52,,+1 Lap,,,
660,alesi,prost,19,12,12,0.0,51,,+2 Laps,,,
660,heidfeld,prost,20,13,R,0.0,15,,Spun off,,,
660,villeneuve,bar,4,14,R,0.0,14,,Electrical,,,
660,button,williams,12,15,R,0.0,10,,Spun off,,,
660,herbert,jaguar,18,16,R,0.0,1,,Collision,,,
660,barrichello,ferrari,2,17,R,0.0,0,,Collision,,,
660,coulthard,mclaren,5,18,R,0.0,0,,Collision,,,
660,trulli,jordan,6,19,R,0.0,0,,Collision,,,
660,frentzen,jordan,8,20,R,0.0,0,,Collision,,,
660,rosa,arrows,10,21,R,0.0,0,,Collision,,,
660,irvine,jaguar,14,22,R,0.0,0,,Spun off,,,
663,michael_schumacher,ferrari,1,1,1,10.0,56,1:35:54.235,Finished,,,
663,coulthard,mclaren,3,2,2,6.0,56,+0.732,Finished,,,
663,barrichello,ferrari,4,3,3,4.0,56,+18.444,Finished,,,
663,hakkinen,mclaren,2,4,4,3.0,56,+35.269,Finished,,,
663,villeneuve,bar,6,5,5,2.0,56,+1:10.692,Finished,,,
663,irvine,jaguar,7,6,6,1.0,56,+1:12.568,Finished,,,
663,wurz,benetton,5,7,7,0.0,56,+1:29.314,Finished,,,
663,salo,sauber,17,8,8,0.0,55,,+1 Lap,,,
663,fisichella,benetton,13,9,9,0.0,55,,+1 Lap,,,
663,verstappen,arrows,15,10,10,0.0,55,,+1 Lap,,,
663,alesi,prost,18,11,11,0.0,55,,+1 Lap,,,
663,trulli,jordan,9,12,12,0.0,55,,+1 Lap,,,
663,mazzacane,minardi,22,13,13,0.0,50,,Engine,,,
663,herbert,jaguar,12,14,R,0.0,48,,Suspension,,,
663,zonta,bar,11,15,R,0.0,46,,Engine,,,
663,ralf_schumacher,williams,8,16,R,0.0,43,,Engine,,,
663,gene,minardi,21,17,R,0.0,36,,Wheel,,,
663,button,williams,16,18,R,0.0,18,,Engine,,,
663,frentzen,jordan,10,19,R,0.0,7,,Electrical,,,
663,rosa,arrows,14,20,R,0.0,0,,Collision,,,
663,heidfeld,prost,19,21,R,0.0,0,,Collision,,,
663,diniz,sauber,20,22,R,0.0,0,,Collision,,,
665,michael_schumacher,ferrari,1,1,1,10.0,55,1:47:34.801,Finished,,,
665,barrichello,ferrari,2,2,2,6.0,55,+23.660,Finished,,,
665,coulthard,mclaren,8,3,3,4.0,55,+28.555,Finished,,,
665,frentzen,jordan,9,4,4,3.0,55,+46.543,Finished,,,
665,ralf_schumacher,williams,3,5,5,2.0,55,+48.233,Finished,,,
665,hakkinen,mclaren,4,6,6,1.0,55,+48.606,Finished,,,
665,verstappen,arrows,18,7,7,0.0,55,+1:21.560,Finished,,,
665,trulli,jordan,5,8,8,0.0,54,,+1 Lap,,,
665,alesi,prost,13,9,9,0.0,54,,+1 Lap,,,
665,burti,jaguar,15,10,10,0.0,54,,+1 Lap,,,
665,button,benetton,17,11,11,0.0,53,,+2 Laps,,,
665,mazzacane,prost,19,12,12,0.0,53,,+2 Laps,,,
665,alonso,minardi,21,13,13,0.0,52,,+3 Laps,,,
665,marques,minardi,20,14,14,0.0,51,,+4 Laps,,,
665,fisichella,benetton,16,15,R,0.0,31,,Fuel pressure,,,
665,villeneuve,bar,7,16,R,0.0,3,,Spun off,,,
665,heidfeld,sauber,11,17,R,0.0,3,,Spun off,,,
665,bernoldi,arrows,22,18,R,0.0,3,,Spun off,,,
665,montoya,williams,6,19,R,0.0,3,,Spun off,,,
665,irvine,jaguar,12,20,R,0.0,3,,Water leak,,,
665,panis,bar,10,21,R,0.0,1,,Oil leak,,,
665,raikkonen,sauber,14,22,R,0.0,0,,Driveshaft,,,
668,michael_schumacher,ferrari,1,1,1,10.0,65,1:31:03.305,Finished,,,
668,montoya,williams,12,2,2,6.0,65,+40.738,Finished,,,
668,villeneuve,bar,7,3,3,4.0,65,+49.626,Finished,,,
668,trulli,jordan,6,4,4,3.0,65,+51.253,Finished,,,
668,coulthard,mclaren,3,5,5,2.0,65,+51.616,Finished,,,
668,heidfeld,sauber,10,6,6,1.0,65,+1:01.893,Finished,,,
668,panis,bar,11,7,7,0.0,65,+1:04.977,Finished,,,
668,raikkonen,sauber,9,8,8,0.0,65,+1:19.808,Finished,,,
668,hakkinen,mclaren,2,9,9,0.0,64,,Clutch,,,
668,alesi,prost,15,10,10,0.0,64,,+1 Lap,,,
668,burti,prost,14,11,11,0.0,64,,+1 Lap,,,
668,verstappen,arrows,17,12,12,0.0,63,,+2 Laps,,,
668,alonso,minardi,18,13,13,0.0,63,,+2 Laps,,,
668,fisichella,benetton,19,14,14,0.0,63,,+2 Laps,,,
668,button,benetton,21,15,15,0.0,62,,+3 Laps,,,
668,marques,minardi,22,16,16,0.0,62,,+3 Laps,,,
668,barrichello,ferrari,4,17,R,0.0,49,,Suspension,,,
668,irvine,jaguar,13,18,R,0.0,48,,Engine,,,
668,ralf_schumacher,williams,5,19,R,0.0,20,,Brakes,,,
668,bernoldi,arrows,16,20,R,0.0,8,,Fuel pressure,,,
668,rosa,jaguar,20,21,R,0.0,5,,Collision,,,
668,frentzen,jordan,8,22,R,0.0,5,,Collision,,,
671,ralf_schumacher,williams,2,1,1,10.0,69,1:34:31.522,Finished,,,
671,michael_schumacher,ferrari,1,2,2,6.0,69,+20.235,Finished,,,
671,hakkinen,mclaren,8,3,3,4.0,69,+40.672,Finished,,,
671,raikkonen,sauber,7,4,4,3.0,69,+1:08.116,Finished,,,
671,alesi,prost,16,5,5,2.0,69,+1:10.435,Finished,,,
671,rosa,jaguar,14,6,6,1.0,68,,+1 Lap,,,
671,zonta,jordan,12,7,7,0.0,68,,+1 Lap,,,
671,burti,prost,19,8,8,0.0,68,,+1 Lap,,,
671,marques,minardi,21,9,9,0.0,66,,+3 Laps,,,
671,verstappen,arrows,13,10,10,0.0,65,,Brakes,,,
671,trulli,jordan,4,11,11,0.0,63,,Brakes,,,
671,coulthard,mclaren,3,12,R,0.0,54,,Engine,,,
671,panis,bar,6,13,R,0.0,38,,Brakes,,,
671,villeneuve,bar,9,14,R,0.0,34,,Halfshaft,,,
671,bernoldi,arrows,17,15,R,0.0,24,,Engine,,,
671,montoya,williams,10,16,R,0.0,19,,Accident,,,
671,barrichello,ferrari,5,17,R,0.0,19,,Spun off,,,
671,button,benetton,20,18,R,0.0,17,,Oil leak,,,
671,alonso,minardi,22,19,R,0.0,7,,Transmission,,,
671,heidfeld,sauber,11,20,R,0.0,1,,Collision,,,
671,irvine,jaguar,15,21,R,0.0,1,,Collision,,,
671,fisichella,benetton,18,22,R,0.0,0,,Collision,,,
674,hakkinen,mclaren,2,1,1,10.0,60,1:25:33.770,Finished,,,
674,michael_schumacher,ferrari,1,2,2,6.0,60,+33.646,Finished,,,
674,barrichello,ferrari,6,3,3,4.0,60,+59.281,Finished,,,
674,montoya,williams,8,4,4,3.0,60,+1:08.772,Finished,,,
674,raikkonen,sauber,7,5,5,2.0,59,,+1 Lap,,,
674,heidfeld,sauber,9,6,6,1.0,59,,+1 Lap,,,
674,frentzen,jordan,5,7,7,0.0,59,,+1 Lap,,,
674,villeneuve,bar,12,8,8,0.0,59,,+1 Lap,,,
674,irvine,jaguar,15,9,9,0.0,59,,+1 Lap,,,
674,verstappen,arrows,17,10,10,0.0,58,,+2 Laps,,,
674,alesi,prost,14,11,11,0.0,58,,+2 Laps,,,
674,rosa,jaguar,13,12,12,0.0,58,,+2 Laps,,,
674,fisichella,benetton,19,13,13,0.0,58,,+2 Laps,,,
674,bernoldi,arrows,20,14,14,0.0,58,,+2 Laps,,,
674,button,benetton,18,15,15,0.0,58,,+2 Laps,,,
674,alonso,minardi,21,16,16,0.0,57,,+3 Laps,,,
674,ralf_schumacher,williams,10,17,R,0.0,36,,Engine,,,
674,burti,prost,16,18,R,0.0,6,,Engine,,,
674,coulthard,mclaren,3,19,R,0.0,2,,Suspension,,,
674,trulli,jordan,4,20,R,0.0,0,,Collision,,,
674,panis,bar,11,21,R,0.0,0,,Collision,,,
678,montoya,williams,1,1,1,10.0,53,1:16:58.493,Finished,,,
678,barrichello,ferrari,2,2,2,6.0,53,+5.175,Finished,,,
678,ralf_schumacher,williams,4,3,3,4.0,53,+17.335,Finished,,,
678,michael_schumacher,ferrari,3,4,4,3.0,53,+24.991,Finished,,,
678,rosa,jaguar,10,5,5,2.0,53,+1:14.984,Finished,,,
678,villeneuve,bar,15,6,6,1.0,53,+1:22.469,Finished,,,
678,raikkonen,sauber,9,7,7,0.0,53,+1:23.107,Finished,,,
678,alesi,jordan,16,8,8,0.0,52,,+1 Lap,,,
678,panis,bar,17,9,9,0.0,52,,+1 Lap,,,
678,fisichella,benetton,14,10,10,0.0,52,,+1 Lap,,,
678,heidfeld,sauber,8,11,11,0.0,52,,+1 Lap,,,
678,enge,prost,20,12,12,0.0,52,,+1 Lap,,,
678,alonso,minardi,21,13,13,0.0,51,,+2 Laps,,,
678,bernoldi,arrows,18,14,R,0.0,46,,Crankshaft,,,
678,yoong,minardi,22,15,R,0.0,44,,Spun off,,,
678,frentzen,prost,12,16,R,0.0,28,,Gearbox,,,
678,verstappen,arrows,19,17,R,0.0,25,,Fuel pressure,,,
678,hakkinen,mclaren,7,18,R,0.0,19,,Gearbox,,,
678,irvine,jaguar,13,19,R,0.0,14,,Engine,,,
678,coulthard,mclaren,6,20,R,0.0,6,,Engine,,,
678,button,benetton,11,21,R,0.0,4,,Engine,,,
678,trulli,jordan,5,22,R,0.0,0,,Collision,,,
680,michael_schumacher,ferrari,1,1,1,10.0,53,1:27:33.298,Finished,,,
680,montoya,williams,2,2,2,6.0,53,+3.154,Finished,,,
680,coulthard,mclaren,7,3,3,4.0,53,+23.262,Finished,,,
680,hakkinen,mclaren,5,4,4,3.0,53,+35.539,Finished,,,
680,barrichello,ferrari,4,5,5,2.0,53,+36.544,Finished,,,
680,ralf_schumacher,williams,3,6,6,1.0,53,+37.122,Finished,,,
680,button,benetton,9,7,7,0.0,53,+1:37.102,Finished,,,
680,trulli,jordan,8,8,8,0.0,52,,+1 Lap,,,
680,heidfeld,sauber,10,9,9,0.0,52,,+1 Lap,,,
680,villeneuve,bar,14,10,10,0.0,52,,+1 Lap,,,
680,alonso,minardi,18,11,11,0.0,52,,+1 Lap,,,
680,frentzen,prost,15,12,12,0.0,52,,+1 Lap,,,
680,panis,bar,17,13,13,0.0,51,,+2 Laps,,,
680,bernoldi,arrows,20,14,14,0.0,51,,+2 Laps,,,
680,verstappen,arrows,21,15,15,0.0,51,,+2 Laps,,,
680,yoong,minardi,22,16,16,0.0,50,,+3 Laps,,,
680,fisichella,benetton,6,17,17,0.0,47,,Gearbox,,,
680,rosa,jaguar,16,18,R,0.0,45,,Oil leak,,,
680,enge,prost,19,19,R,0.0,42,,Brakes,,,
680,irvine,jaguar,13,20,R,0.0,24,,Fuel rig,,,
680,raikkonen,sauber,12,21,R,0.0,5,,Collision,,,
680,alesi,jordan,11,22,R,0.0,5,,Collision,,,
682,ralf_schumacher,williams,4,1,1,10.0,56,1:34:12.912,Finished,,,
682,montoya,williams,2,2,2,6.0,56,+39.700,Finished,,,
682,michael_schumacher,ferrari,1,3,3,4.0,56,+1:01.795,Finished,,,
682,button,renault,8,4,4,3.0,56,+1:09.767,Finished,,,
682,heidfeld,sauber,7,5,5,2.0,55,,+1 Lap,,,
682,massa,sauber,14,6,6,1.0,55,,+1 Lap,,,
682,mcnish,toyota,19,7,7,0.0,55,,+1 Lap,,,
682,villeneuve,bar,13,8,8,0.0,55,,+1 Lap,,,
682,sato,jordan,15,9,9,0.0,54,,+2 Laps,,,
682,rosa,jaguar,17,10,10,0.0,54,,+2 Laps,,,
682,frentzen,arrows,11,11,11,0.0,54,,+2 Laps,,,
682,salo,toyota,10,12,12,0.0,53,,+3 Laps,,,
682,fisichella,jordan,9,13,13,0.0,53,,+3 Laps,,,
682,barrichello,ferrari,3,14,R,0.0,39,,Engine,,,
682,webber,minardi,21,15,R,0.0,34,,Electrical,,,
682,irvine,jaguar,20,16,R,0.0,30,,Hydraulics,,,
682,yoong,minardi,22,17,R,0.0,29,,Gearbox,,,
682,raikkonen,mclaren,5,18,R,0.0,24,,Engine,,,
682,bernoldi,arrows,16,19,R,0.0,20,,Fuel,,,
682,coulthard,mclaren,6,20,R,0.0,15,,Engine,,,
682,panis,bar,18,21,R,0.0,9,,Clutch,,,
682,trulli,renault,12,22,R,0.0,9,,Overheating,,,
686,michael_schumacher,ferrari,3,1,1,10.0,71,1:33:51.562,Finished,,,
686,barrichello,ferrari,1,2,2,6.0,71,+0.182,Finished,,,
686,montoya,williams,4,3,3,4.0,71,+17.730,Finished,,,
686,ralf_schumacher,williams,2,4,4,3.0,71,+18.448,Finished,,,
686,fisichella,jordan,15,5,5,2.0,71,+49.965,Finished,,,
686,coulthard,mclaren,8,6,6,1.0,71,+50.672,Finished,,,
686,button,renault,13,7,7,0.0,71,+51.229,Finished,,,
686,salo,toyota,10,8,8,0.0,71,+1:09.425,Finished,,,
686,mcnish,toyota,14,9,9,0.0,71,+1:09.718,Finished,,,
686,villeneuve,bar,17,10,10,0.0,70,,+1 Lap,,,
686,frentzen,arrows,11,11,11,0.0,69,,+2 Laps,,,
686,webber,minardi,21,12,12,0.0,69,,+2 Laps,,,
686,trulli,renault,16,13,R,0.0,44,,Fuel pressure,,,
686,yoong,minardi,22,14,R,0.0,42,,Engine,,,
686,irvine,jaguar,20,15,R,0.0,38,,Hydraulics,,,
686,heidfeld,sauber,5,16,R,0.0,27,,Collision,,,
686,sato,jordan,18,17,R,0.0,26,,Collision,,,
686,panis,bar,9,18,R,0.0,22,,Engine,,,
686,massa,sauber,7,19,R,0.0,7,,Suspension,,,
686,raikkonen,mclaren,6,20,R,0.0,5,,Engine,,,
686,bernoldi,arrows,12,21,R,0.0,2,,Collision,,,
686,rosa,jaguar,19,22,R,0.0,0,,Throttle,,,
690,michael_schumacher,ferrari,3,1,1,10.0,60,1:31:45.015,Finished,,,
690,barrichello,ferrari,2,2,2,6.0,60,+14.578,Finished,,,
690,montoya,williams,1,3,3,4.0,60,+31.661,Finished,,,
690,villeneuve,bar,9,4,4,3.0,59,,+1 Lap,,,
690,panis,bar,13,5,5,2.0,59,,+1 Lap,,,
690,heidfeld,sauber,10,6,6,1.0,59,,+1 Lap,,,
690,fisichella,jordan,17,7,7,0.0,59,,+1 Lap,,,
690,ralf_schumacher,williams,4,8,8,0.0,59,,+1 Lap,,,
690,massa,sauber,11,9,9,0.0,59,,+1 Lap,,,
690,coulthard,mclaren,6,10,10,0.0,58,,+2 Laps,,,
690,rosa,jaguar,21,11,11,0.0,58,,+2 Laps,,,
690,button,renault,12,12,12,0.0,54,,Wheel,,,
690,sato,jordan,14,13,R,0.0,50,,Engine,,,
690,raikkonen,mclaren,5,14,R,0.0,44,,Engine,,,
690,trulli,renault,7,15,R,0.0,29,,Electronics,,,
690,bernoldi,arrows,18,16,R,0.0,28,,Driveshaft,,,
690,irvine,jaguar,19,17,R,0.0,23,,Spun off,,,
690,frentzen,arrows,16,18,R,0.0,20,,Engine,,,
690,salo,toyota,8,19,R,0.0,15,,Drivetrain,,,
690,webber,minardi,20,20,R,0.0,9,,Clutch,,,
690,mcnish,toyota,15,21,R,0.0,0,,Clutch,,,
692,michael_schumacher,ferrari,1,1,1,10.0,67,1:27:52.078,Finished,,,
692,montoya,williams,4,2,2,6.0,67,+10.503,Finished,,,
692,ralf_schumacher,williams,2,3,3,4.0,67,+14.466,Finished,,,
692,barrichello,ferrari,3,4,4,3.0,67,+23.195,Finished,,,
692,coulthard,mclaren,9,5,5,2.0,66,,+1 Lap,,,
692,heidfeld,sauber,10,6,6,1.0,66,,+1 Lap,,,
692,massa,sauber,14,7,7,0.0,66,,+1 Lap,,,
692,sato,jordan,12,8,8,0.0,66,,+1 Lap,,,
692,salo,toyota,19,9,9,0.0,66,,+1 Lap,,,
692,fisichella,jordan,6,10,R,0.0,59,,Engine,,,
692,raikkonen,mclaren,5,11,R,0.0,59,,Spun off,,,
692,irvine,jaguar,16,12,R,0.0,57,,Brakes,,,
692,bernoldi,arrows,18,13,R,0.0,48,,Engine,,,
692,panis,bar,7,14,R,0.0,39,,Engine,,,
692,trulli,renault,8,15,R,0.0,36,,Spun off,,,
692,villeneuve,bar,11,16,R,0.0,27,,Gearbox,,,
692,button,renault,13,17,R,0.0,24,,Engine,,,
692,mcnish,toyota,17,18,R,0.0,23,,Engine,,,
692,webber,minardi,21,19,R,0.0,23,,Hydraulics,,,
692,frentzen,arrows,15,20,R,0.0,18,,Hydraulics,,,
692,rosa,jaguar,20,21,R,0.0,0,,Transmission,,,
696,barrichello,ferrari,2,1,1,10.0,73,1:31,Finished,,,
696,michael_schumacher,ferrari,1,2,2,6.0,73,+0.011,Finished,,,
696,coulthard,mclaren,3,3,3,4.0,73,+7.799,Finished,,,
696,montoya,williams,4,4,4,3.0,73,+9.911,Finished,,,
696,trulli,renault,8,5,5,2.0,73,+56.847,Finished,,,
696,villeneuve,bar,7,6,6,1.0,73,+58.211,Finished,,,
696,fisichella,jordan,9,7,7,0.0,72,,+1 Lap,,,
696,button,renault,14,8,8,0.0,72,,+1 Lap,,,
696,heidfeld,sauber,10,9,9,0.0,72,,+1 Lap,,,
696,irvine,jaguar,13,10,10,0.0,72,,+1 Lap,,,
696,sato,jordan,15,11,11,0.0,72,,+1 Lap,,,
696,panis,bar,12,12,12,0.0,72,,+1 Lap,,,
696,frentzen,sauber,11,13,13,0.0,71,,+2 Laps,,,
696,salo,toyota,19,14,14,0.0,71,,+2 Laps,,,
696,mcnish,toyota,16,15,15,0.0,71,,+2 Laps,,,
696,ralf_schumacher,williams,5,16,16,0.0,71,,+2 Laps,,,
696,raikkonen,mclaren,6,17,R,0.0,50,,Engine,,,
696,yoong,minardi,20,18,R,0.0,46,,Engine,,,
696,webber,minardi,18,19,R,0.0,38,,Steering,,,
696,rosa,jaguar,17,20,R,0.0,27,,Transmission,,,
698,coulthard,mclaren,11,1,1,10.0,58,1:34:42.100,Finished,,,
698,montoya,williams,3,2,2,8.0,58,+8.675,Finished,,,
698,raikkonen,mclaren,15,3,3,6.0,58,+9.192,Finished,,,
698,michael_schumacher,ferrari,1,4,4,5.0,58,+9.482,Finished,,,
698,trulli,renault,12,5,5,4.0,58,+38.801,Finished,,,
698,frentzen,sauber,4,6,6,3.0,58,+43.928,Finished,,,
698,alonso,renault,10,7,7,2.0,58,+45.074,Finished,,,
698,ralf_schumacher,williams,9,8,8,1.0,58,+45.745,Finished,,,
698,villeneuve,bar,6,9,9,0.0,58,+1:05.536,Finished,,,
698,button,bar,8,10,10,0.0,58,+1:05.974,Finished,,,
698,verstappen,minardi,20,11,11,0.0,57,,+1 Lap,,,
698,fisichella,jordan,13,12,R,0.0,52,,Gearbox,,,
698,pizzonia,jaguar,18,13,R,0.0,52,,Suspension,,,
698,panis,toyota,5,14,R,0.0,31,,Fuel pressure,,,
698,heidfeld,sauber,7,15,R,0.0,20,,Suspension,,,
698,wilson,minardi,19,16,R,0.0,16,,Radiator,,,
698,webber,jaguar,14,17,R,0.0,15,,Suspension,,,
698,matta,toyota,16,18,R,0.0,7,,Spun off,,,
698,firman,jordan,17,19,R,0.0,6,,Accident,,,
698,barrichello,ferrari,2,20,R,0.0,5,,Accident,,,
701,michael_schumacher,ferrari,1,1,1,10.0,62,1:28:12.058,Finished,,,
701,raikkonen,mclaren,6,2,2,8.0,62,+1.882,Finished,,,
701,barrichello,ferrari,3,3,3,6.0,62,+2.291,Finished,,,
701,ralf_schumacher,williams,2,4,4,5.0,62,+8.803,Finished,,,
701,coulthard,mclaren,12,5,5,4.0,62,+9.411,Finished,,,
701,alonso,renault,8,6,6,3.0,62,+43.689,Finished,,,
701,montoya,williams,4,7,7,2.0,62,+45.271,Finished,,,
701,button,bar,9,8,8,1.0,61,,+1 Lap,,,
701,panis,toyota,10,9,9,0.0,61,,+1 Lap,,,
701,heidfeld,sauber,11,10,10,0.0,61,,+1 Lap,,,
701,frentzen,sauber,14,11,11,0.0,61,,+1 Lap,,,
701,matta,toyota,13,12,12,0.0,61,,+1 Lap,,,
701,trulli,renault,16,13,13,0.0,61,,+1 Lap,,,
701,pizzonia,jaguar,15,14,14,0.0,60,,+2 Laps,,,
701,fisichella,jordan,17,15,15,0.0,57,,+5 Laps,,,
701,webber,jaguar,5,16,R,0.0,54,,Driveshaft,,,
701,firman,jordan,19,17,R,0.0,51,,Oil line,,,
701,verstappen,minardi,20,18,R,0.0,38,,Electrical,,,
701,wilson,minardi,18,19,R,0.0,23,,Fuel rig,,,
701,villeneuve,bar,7,20,R,0.0,19,,Engine,,,
703,michael_schumacher,ferrari,1,1,1,10.0,69,1:24:04.888,Finished,,,
703,raikkonen,mclaren,2,2,2,8.0,69,+3.362,Finished,,,
703,barrichello,ferrari,5,3,3,6.0,69,+3.951,Finished,,,
703,button,bar,7,4,4,5.0,69,+42.243,Finished,,,
703,coulthard,mclaren,14,5,5,4.0,69,+59.740,Finished,,,
703,ralf_schumacher,williams,10,6,6,3.0,68,,+1 Lap,,,
703,webber,jaguar,17,7,7,2.0,68,,+1 Lap,,,
703,trulli,renault,6,8,8,1.0,68,,+1 Lap,,,
703,pizzonia,jaguar,8,9,9,0.0,68,,+1 Lap,,,
703,matta,toyota,13,10,10,0.0,68,,+1 Lap,,,
703,firman,jordan,16,11,11,0.0,68,,+1 Lap,,,
703,villeneuve,bar,12,12,12,0.0,68,,+1 Lap,,,
703,wilson,minardi,18,13,13,0.0,67,,+2 Laps,,,
703,fisichella,jordan,9,14,R,0.0,60,,Fuel system,,,
703,heidfeld,sauber,4,15,R,0.0,46,,Engine,,,
703,alonso,renault,19,16,R,0.0,44,,Engine,,,
703,montoya,williams,3,17,R,0.0,32,,Engine,,,
703,panis,toyota,11,18,R,0.0,6,,Suspension,,,
703,verstappen,minardi,20,19,R,0.0,0,,Clutch,,,
703,frentzen,sauber,15,20,W,0.0,0,,Clutch,,,
704,montoya,williams,3,1,1,10.0,78,1:42:19.010,Finished,,,
704,raikkonen,mclaren,2,2,2,8.0,78,+0.602,Finished,,,
704,michael_schumacher,ferrari,5,3,3,6.0,78,+1.720,Finished,,,
704,ralf_schumacher,williams,1,4,4,5.0,78,+28.518,Finished,,,
704,alonso,renault,8,5,5,4.0,78,+36.251,Finished,,,
704,trulli,renault,4,6,6,3.0,78,+40.972,Finished,,,
704,coulthard,mclaren,6,7,7,2.0,78,+41.227,Finished,,,
704,barrichello,ferrari,7,8,8,1.0,78,+53.266,Finished,,,
704,matta,toyota,10,9,9,0.0,77,,+1 Lap,,,
704,fisichella,jordan,12,10,10,0.0,77,,+1 Lap,,,
704,heidfeld,sauber,14,11,11,0.0,76,,+2 Laps,,,
704,firman,jordan,16,12,12,0.0,76,,+2 Laps,,,
704,panis,toyota,17,13,13,0.0,74,,+4 Laps,,,
704,villeneuve,bar,11,14,R,0.0,63,,Engine,,,
704,wilson,minardi,19,15,R,0.0,29,,Fuel system,,,
704,verstappen,minardi,18,16,R,0.0,28,,Fuel system,,,
704,webber,jaguar,9,17,R,0.0,16,,Hydraulics,,,
704,pizzonia,jaguar,13,18,R,0.0,10,,Electrical,,,
704,frentzen,sauber,15,19,R,0.0,0,,Accident,,,
704,button,bar,20,20,W,0.0,0,,Injured,,,
705,michael_schumacher,ferrari,3,1,1,10.0,70,1:31:13.591,Finished,,,
705,ralf_schumacher,williams,1,2,2,8.0,70,+0.784,Finished,,,
705,montoya,williams,2,3,3,6.0,70,+1.355,Finished,,,
705,alonso,renault,4,4,4,5.0,70,+4.481,Finished,,,
705,barrichello,ferrari,5,5,5,4.0,70,+1:04.261,Finished,,,
705,raikkonen,mclaren,20,6,6,3.0,70,+1:10.502,Finished,,,
705,webber,jaguar,6,7,7,2.0,69,,+1 Lap,,,
705,panis,toyota,7,8,8,1.0,69,,+1 Lap,,,
705,verstappen,minardi,15,9,9,0.0,68,,+2 Laps,,,
705,pizzonia,jaguar,13,10,10,0.0,64,,+4 Laps,,,
705,matta,toyota,9,11,11,0.0,64,,+6 Laps,,,
705,wilson,minardi,18,12,R,0.0,60,,Gearbox,,,
705,button,bar,17,13,R,0.0,51,,Gearbox,,,
705,coulthard,mclaren,11,14,R,0.0,47,,Gearbox,,,
705,heidfeld,sauber,12,15,R,0.0,47,,Engine,,,
705,trulli,renault,8,16,R,0.0,22,,Accident,,,
705,fisichella,jordan,16,17,R,0.0,20,,Gearbox,,,
705,firman,jordan,19,18,R,0.0,20,,Engine,,,
705,villeneuve,bar,14,19,R,0.0,14,,Brakes,,,
705,frentzen,sauber,10,20,R,0.0,6,,Electronics,,,
708,barrichello,ferrari,1,1,1,10.0,60,1:28:37.554,Finished,,,
708,montoya,williams,7,2,2,8.0,60,+5.462,Finished,,,
708,raikkonen,mclaren,3,3,3,6.0,60,+10.656,Finished,,,
708,michael_schumacher,ferrari,5,4,4,5.0,60,+25.648,Finished,,,
708,coulthard,mclaren,12,5,5,4.0,60,+36.827,Finished,,,
708,trulli,renault,2,6,6,3.0,60,+43.067,Finished,,,
708,matta,toyota,6,7,7,2.0,60,+45.085,Finished,,,
708,button,bar,20,8,8,1.0,60,+45.478,Finished,,,
708,ralf_schumacher,williams,4,9,9,0.0,60,+58.032,Finished,,,
708,villeneuve,bar,9,10,10,0.0,60,+1:03.569,Finished,,,
708,panis,toyota,13,11,11,0.0,60,+1:05.207,Finished,,,
708,frentzen,sauber,14,12,12,0.0,60,+1:05.564,Finished,,,
708,firman,jordan,17,13,13,0.0,59,,+1 Lap,,,
708,webber,jaguar,11,14,14,0.0,59,,+1 Lap,,,
708,verstappen,minardi,19,15,15,0.0,58,,+2 Laps,,,
708,wilson,minardi,18,16,16,0.0,58,,+2 Laps,,,
708,heidfeld,sauber,16,17,17,0.0,58,,+2 Laps,,,
708,alonso,renault,8,18,R,0.0,52,,Gearbox,,,
708,fisichella,jordan,15,19,R,0.0,44,,Suspension,,,
708,pizzonia,jaguar,10,20,R,0.0,32,,Engine,,,
711,michael_schumacher,ferrari,1,1,1,10.0,53,1:14:19.838,Finished,,,
711,montoya,williams,2,2,2,8.0,53,+5.294,Finished,,,
711,barrichello,ferrari,3,3,3,6.0,53,+11.835,Finished,,,
711,raikkonen,mclaren,4,4,4,5.0,53,+12.834,Finished,,,
711,gene,williams,5,5,5,4.0,53,+27.891,Finished,,,
711,villeneuve,bar,10,6,6,3.0,52,,+1 Lap,,,
711,webber,jaguar,11,7,7,2.0,52,,+1 Lap,,,
711,alonso,renault,20,8,8,1.0,52,,+1 Lap,,,
711,heidfeld,sauber,16,9,9,0.0,52,,+1 Lap,,,
711,fisichella,jordan,13,10,10,0.0,52,,+1 Lap,,,
711,baumgartner,jordan,18,11,11,0.0,51,,+2 Laps,,,
711,kiesa,minardi,19,12,12,0.0,51,,+2 Laps,,,
711,frentzen,sauber,14,13,13,0.0,50,,+3 Laps,,,
711,coulthard,mclaren,8,14,R,0.0,45,,Fuel pressure,,,
711,panis,toyota,9,15,R,0.0,35,,Brakes,,,
711,verstappen,minardi,17,16,R,0.0,27,,Oil leak,,,
711,button,bar,7,17,R,0.0,24,,Gearbox,,,
711,matta,toyota,12,18,R,0.0,3,,Tyre,,,
711,wilson,jaguar,15,19,R,0.0,2,,Gearbox,,,
711,trulli,renault,6,20,R,0.0,0,,Hydraulics,,,
714,michael_schumacher,ferrari,1,1,1,10.0,58,1:24:15.757,Finished,29,1:24.125,226.933
714,barrichello,ferrari,2,2,2,8.0,58,+13.605,Finished,8,1:24.179,226.788
714,alonso,renault,5,3,3,6.0,58,+34.673,Finished,10,1:25.088,224.365
714,ralf_schumacher,williams,8,4,4,5.0,58,+1:00.423,Finished,11,1:25.824,222.441
714,montoya,williams,3,5,5,4.0,58,+1:08.536,Finished,42,1:25.286,223.844
714,button,bar,4,6,6,3.0,58,+1:10.598,Finished,24,1:25.982,222.032
714,trulli,renault,9,7,7,2.0,57,,+1 Lap,9,1:26.275,221.278
714,coulthard,mclaren,12,8,8,1.0,57,,+1 Lap,13,1:26.328,221.142
714,sato,bar,7,9,9,0.0,57,,+1 Lap,43,1:26.077,221.787
714,fisichella,sauber,14,10,10,0.0,57,,+1 Lap,39,1:26.282,221.26
714,klien,jaguar,19,11,11,0.0,56,,+2 Laps,6,1:27.840,217.336
714,matta,toyota,13,12,12,0.0,56,,+2 Laps,41,1:27.820,217.385
714,panis,toyota,18,13,13,0.0,56,,+2 Laps,35,1:27.807,217.417
714,pantano,jordan,16,14,14,0.0,55,,+3 Laps,15,1:28.523,215.659
714,massa,sauber,11,15,R,0.0,44,,Engine,11,1:26.846,219.823
714,heidfeld,jordan,15,16,R,0.0,43,,Transmission,27,1:27.503,218.173
714,bruni,minardi,20,17,R,0.0,43,,Not classified,10,1:30.161,211.741
714,webber,jaguar,6,18,R,0.0,29,,Transmission,15,1:25.952,222.11
714,baumgartner,minardi,17,19,R,0.0,13,,Electrical,8,1:30.621,210.666
714,raikkonen,mclaren,10,20,R,0.0,9,,Engine,7,1:27.936,217.098
716,michael_schumacher,ferrari,1,1,1,10.0,57,1:28:34.875,Finished,7,1:30.252,216.074
716,barrichello,ferrari,2,2,2,8.0,57,+1.367,Finished,29,1:30.876,214.591
716,button,bar,6,3,3,6.0,57,+26.687,Finished,24,1:30.960,214.393
716,trulli,renault,7,4,4,5.0,57,+32.214,Finished,24,1:31.421,213.312
716,sato,bar,5,5,5,4.0,57,+52.460,Finished,55,1:31.101,214.061
716,alonso,renault,16,6,6,3.0,57,+53.156,Finished,39,1:30.654,215.116
716,ralf_schumacher,williams,4,7,7,2.0,57,+58.155,Finished,56,1:30.781,214.815
716,webber,jaguar,14,8,8,1.0,56,,+1 Lap,19,1:32.277,211.333
716,panis,toyota,8,9,9,0.0,56,,+1 Lap,22,1:32.401,211.049
716,matta,toyota,9,10,10,0.0,56,,+1 Lap,23,1:32.319,211.237
716,fisichella,sauber,11,11,11,0.0,56,,+1 Lap,40,1:32.329,211.214
716,massa,sauber,13,12,12,0.0,56,,+1 Lap,44,1:32.690,210.391
716,montoya,williams,3,13,13,0.0,56,,+1 Lap,28,1:30.977,214.353
716,klien,jaguar,12,14,14,0.0,56,,+1 Lap,38,1:32.533,210.748
716,heidfeld,jordan,18,15,15,0.0,56,,+1 Lap,56,1:33.284,209.051
716,pantano,jordan,15,16,16,0.0,55,,+2 Laps,9,1:34.032,207.388
716,bruni,minardi,17,17,17,0.0,52,,+5 Laps,40,1:35.130,204.995
716,coulthard,mclaren,10,18,R,0.0,50,,Pneumatics,19,1:31.861,212.29
716,baumgartner,minardi,20,19,R,0.0,44,,Engine,24,1:34.555,206.241
716,raikkonen,mclaren,19,20,R,0.0,7,,Engine,7,1:33.527,208.508
719,trulli,renault,1,1,1,10.0,77,1:45:46.601,Finished,22,1:14.870,160.598
719,button,bar,2,2,2,8.0,77,+0.497,Finished,40,1:15.220,159.851
719,barrichello,ferrari,6,3,3,6.0,77,+1:15.766,Finished,16,1:15.763,158.705
719,montoya,williams,9,4,4,5.0,76,,+1 Lap,41,1:15.395,159.48
719,massa,sauber,16,5,5,4.0,76,,+1 Lap,23,1:17.151,155.85
719,matta,toyota,15,6,6,3.0,76,,+1 Lap,22,1:16.232,157.729
719,heidfeld,jordan,17,7,7,2.0,75,,+2 Laps,35,1:18.262,153.637
719,panis,toyota,13,8,8,1.0,74,,+3 Laps,57,1:16.494,157.188
719,baumgartner,minardi,19,9,9,0.0,71,,+6 Laps,2,1:21.886,146.838
719,ralf_schumacher,williams,12,10,10,0.0,69,,Gearbox,18,1:17.588,154.972
719,michael_schumacher,ferrari,4,11,R,0.0,45,,Collision,23,1:14.439,161.528
719,alonso,renault,3,12,R,0.0,41,,Accident,23,1:15.226,159.838
719,raikkonen,mclaren,5,13,R,0.0,27,,Pneumatics,15,1:16.203,157.789
719,bruni,minardi,20,14,R,0.0,15,,Gearbox,10,1:21.592,147.367
719,pantano,jordan,18,15,R,0.0,12,,Transmission,10,1:19.415,151.407
719,webber,jaguar,11,16,R,0.0,11,,Gearbox,11,1:17.466,155.216
719,sato,bar,7,17,R,0.0,2,,Engine,2,1:21.368,147.773
719,coulthard,mclaren,8,18,R,0.0,2,,Collision,2,1:20.560,149.255
719,fisichella,sauber,10,19,R,0.0,2,,Collision,2,1:20.804,148.804
719,klien,jaguar,14,20,R,0.0,0,,Accident,,,
722,michael_schumacher,ferrari,2,1,1,10.0,73,1:40:29.914,Finished,8,1:10.412,214.327
722,barrichello,ferrari,1,2,2,8.0,73,+2.950,Finished,7,1:10.399,214.366
722,sato,bar,3,3,3,6.0,73,+22.036,Finished,47,1:10.727,213.372
722,trulli,renault,20,4,4,5.0,73,+34.544,Finished,45,1:11.187,211.993
722,panis,toyota,8,5,5,4.0,73,+37.534,Finished,46,1:10.933,212.752
722,raikkonen,mclaren,7,6,6,3.0,72,,+1 Lap,59,1:11.248,211.812
722,coulthard,mclaren,12,7,7,2.0,72,,+1 Lap,44,1:12.155,209.149
722,baumgartner,minardi,19,8,8,1.0,70,,+3 Laps,39,1:14.097,203.668
722,fisichella,sauber,14,9,9,0.0,65,,+8 Laps,44,1:12.129,209.225
722,webber,jaguar,10,10,R,0.0,60,,Engine,46,1:12.140,209.193
722,montoya,williams,5,11,D,0.0,57,,Disqualified,37,1:11.255,211.791
722,heidfeld,jordan,16,12,R,0.0,40,,Engine,37,1:13.095,206.46
722,button,bar,4,13,R,0.0,26,,Gearbox,22,1:11.025,212.477
722,matta,toyota,11,14,R,0.0,17,,Gearbox,8,1:12.872,207.091
722,ralf_schumacher,williams,6,15,R,0.0,9,,Tyre,8,1:11.982,209.652
722,alonso,renault,9,16,R,0.0,8,,Tyre,8,1:11.236,211.847
722,klien,jaguar,13,17,R,0.0,0,,Collision,,,
722,massa,sauber,15,18,R,0.0,0,,Collision,,,
722,pantano,jordan,17,19,R,0.0,0,,Collision,,,
722,bruni,minardi,18,20,R,0.0,0,,Collision,,,
726,michael_schumacher,ferrari,1,1,1,10.0,70,1:35:26.131,Finished,29,1:19.071,199.461
726,barrichello,ferrari,2,2,2,8.0,70,+4.696,Finished,29,1:19.213,199.103
726,alonso,renault,5,3,3,6.0,70,+44.599,Finished,49,1:20.275,196.469
726,montoya,williams,7,4,4,5.0,70,+1:02.613,Finished,49,1:20.715,195.398
726,button,bar,4,5,5,4.0,70,+1:07.439,Finished,47,1:20.425,196.103
726,sato,bar,3,6,6,3.0,69,,+1 Lap,10,1:21.030,194.639
726,pizzonia,williams,6,7,7,2.0,69,,+1 Lap,48,1:20.501,195.918
726,fisichella,sauber,8,8,8,1.0,69,,+1 Lap,53,1:21.022,194.658
726,coulthard,mclaren,12,9,9,0.0,69,,+1 Lap,67,1:21.134,194.389
726,webber,jaguar,11,10,10,0.0,69,,+1 Lap,45,1:20.825,195.132
726,panis,toyota,13,11,11,0.0,69,,+1 Lap,50,1:21.310,193.968
726,heidfeld,jordan,16,12,12,0.0,68,,+2 Laps,68,1:21.518,193.473
726,klien,jaguar,14,13,13,0.0,68,,+2 Laps,45,1:22.530,191.101
726,bruni,minardi,19,14,14,0.0,66,,+4 Laps,65,1:24.601,186.423
726,baumgartner,minardi,18,15,15,0.0,65,,+5 Laps,63,1:24.855,185.865
726,pantano,jordan,17,16,R,0.0,48,,Gearbox,43,1:22.927,190.186
726,trulli,renault,9,17,R,0.0,41,,Engine,10,1:20.705,195.422
726,zonta,toyota,15,18,R,0.0,31,,Electronics,13,1:22.525,191.112
726,massa,sauber,20,19,R,0.0,21,,Brakes,14,1:21.856,192.674
726,raikkonen,mclaren,10,20,R,0.0,13,,Electrical,6,1:21.678,193.094
730,michael_schumacher,ferrari,1,1,1,10.0,53,1:24:26.985,Finished,41,1:32.796,225.281
730,ralf_schumacher,williams,2,2,2,8.0,53,+14.098,Finished,23,1:33.467,223.663
730,button,bar,5,3,3,6.0,53,+19.662,Finished,33,1:33.819,222.824
730,sato,bar,4,4,4,5.0,53,+31.781,Finished,28,1:33.742,223.007
730,alonso,renault,11,5,5,4.0,53,+37.767,Finished,29,1:34.279,221.737
730,raikkonen,mclaren,12,6,6,3.0,53,+39.362,Finished,35,1:33.920,222.585
730,montoya,williams,13,7,7,2.0,53,+55.347,Finished,30,1:33.779,222.919
730,fisichella,sauber,7,8,8,1.0,53,+56.276,Finished,44,1:33.850,222.751
730,massa,sauber,19,9,9,0.0,53,+1:29.656,Finished,40,1:33.614,223.312
730,villeneuve,renault,9,10,10,0.0,52,,+1 Lap,28,1:35.290,219.385
730,trulli,toyota,6,11,11,0.0,52,,+1 Lap,52,1:34.626,220.924
730,klien,jaguar,14,12,12,0.0,52,,+1 Lap,32,1:35.261,219.451
730,heidfeld,jordan,16,13,13,0.0,52,,+1 Lap,25,1:35.524,218.847
730,panis,toyota,10,14,14,0.0,51,,+2 Laps,11,1:34.438,221.364
730,glock,jordan,17,15,15,0.0,51,,+2 Laps,14,1:36.667,216.259
730,bruni,minardi,18,16,16,0.0,50,,+3 Laps,27,1:39.352,210.415
730,baumgartner,minardi,20,17,R,0.0,41,,Spun off,26,1:39.434,210.241
730,coulthard,mclaren,8,18,R,0.0,38,,Collision,14,1:33.917,222.592
730,barrichello,ferrari,15,19,R,0.0,38,,Collision,30,1:32.730,225.441
730,webber,jaguar,3,20,R,0.0,20,,Overheating,13,1:34.229,221.855
733,alonso,renault,1,1,1,10.0,56,1:31:33.736,Finished,18,1:35.899,208.081
733,trulli,toyota,2,2,2,8.0,56,+24.327,Finished,18,1:35.816,208.261
733,heidfeld,williams,10,3,3,6.0,56,+32.188,Finished,40,1:35.712,208.487
733,montoya,mclaren,11,4,4,5.0,56,+41.631,Finished,42,1:36.585,206.603
733,ralf_schumacher,toyota,5,5,5,4.0,56,+51.854,Finished,15,1:36.321,207.169
733,coulthard,red_bull,8,6,6,3.0,56,+1:12.543,Finished,18,1:36.790,206.165
733,michael_schumacher,ferrari,13,7,7,2.0,56,+1:19.988,Finished,41,1:36.982,205.757
733,klien,red_bull,7,8,8,1.0,56,+1:20.835,Finished,17,1:36.902,205.927
733,raikkonen,mclaren,6,9,9,0.0,56,+1:21.580,Finished,23,1:35.483,208.987
733,massa,sauber,14,10,10,0.0,55,,+1 Lap,18,1:37.212,205.27
733,karthikeyan,jordan,17,11,11,0.0,54,,+2 Laps,18,1:39.833,199.881
733,monteiro,jordan,18,12,12,0.0,53,,+3 Laps,36,1:40.432,198.689
733,albers,minardi,19,13,13,0.0,52,,+4 Laps,12,1:42.465,194.747
733,barrichello,ferrari,12,14,R,0.0,49,,Tyre,22,1:36.878,205.978
733,fisichella,renault,3,15,R,0.0,36,,Collision,21,1:36.182,207.469
733,webber,williams,4,16,R,0.0,36,,Collision,20,1:36.026,207.806
733,villeneuve,sauber,16,17,R,0.0,26,,Spun off,18,1:38.058,203.499
733,button,bar,9,18,R,0.0,2,,Engine,2,1:37.912,203.803
733,davidson,bar,15,19,R,0.0,2,,Engine,2,1:41.470,196.657
733,friesacher,minardi,20,20,R,0.0,2,,Spun off,2,1:43.558,192.692
736,raikkonen,mclaren,1,1,1,10.0,66,1:27:16.830,Finished,41,1:15.977,219.24
736,alonso,renault,3,2,2,8.0,66,+27.652,Finished,59,1:16.098,218.891
736,trulli,toyota,5,3,3,6.0,66,+45.947,Finished,63,1:16.614,217.417
736,ralf_schumacher,toyota,4,4,4,5.0,66,+46.719,Finished,63,1:16.469,217.829
736,fisichella,renault,6,5,5,4.0,66,+57.936,Finished,66,1:15.641,220.213
736,webber,williams,2,6,6,3.0,66,+1:08.542,Finished,62,1:16.761,217.0
736,montoya,mclaren,7,7,7,2.0,65,,+1 Lap,55,1:15.771,219.836
736,coulthard,red_bull,9,8,8,1.0,65,,+1 Lap,65,1:16.947,216.476
736,barrichello,ferrari,16,9,9,0.0,65,,+1 Lap,64,1:17.156,215.889
736,heidfeld,williams,17,10,10,0.0,65,,+1 Lap,60,1:16.519,217.687
736,massa,sauber,10,11,11,0.0,63,,Wheel rim,51,1:16.802,216.884
736,monteiro,jordan,18,12,12,0.0,63,,+3 Laps,22,1:18.998,210.855
736,karthikeyan,jordan,13,13,13,0.0,63,,+3 Laps,16,1:19.734,208.909
736,villeneuve,sauber,12,14,R,0.0,51,,Engine,43,1:17.585,214.696
736,michael_schumacher,ferrari,8,15,R,0.0,46,,Puncture,31,1:15.648,220.193
736,albers,minardi,14,16,R,0.0,19,,Gearbox,15,1:20.124,207.892
736,friesacher,minardi,15,17,R,0.0,11,,Spun off,10,1:20.865,205.987
736,liuzzi,red_bull,11,18,R,0.0,9,,Spun off,9,1:19.435,209.695
739,raikkonen,mclaren,7,1,1,10.0,70,1:32:09.290,Finished,23,1:14.384,211.061
739,michael_schumacher,ferrari,2,2,2,8.0,70,+1.100,Finished,32,1:14.868,209.697
739,barrichello,ferrari,20,3,3,6.0,70,+40.400,Finished,46,1:15.480,207.996
739,massa,sauber,11,4,4,5.0,70,+55.100,Finished,18,1:16.008,206.551
739,webber,williams,14,5,5,4.0,70,+55.700,Finished,23,1:15.401,208.214
739,ralf_schumacher,toyota,10,6,6,3.0,69,,+1 Lap,44,1:15.827,207.044
739,coulthard,red_bull,12,7,7,2.0,69,,+1 Lap,17,1:16.414,205.454
739,klien,red_bull,16,8,8,1.0,69,,+1 Lap,46,1:16.299,205.764
739,villeneuve,sauber,8,9,9,0.0,69,,+1 Lap,26,1:15.945,206.723
739,monteiro,jordan,18,10,10,0.0,67,,+3 Laps,19,1:17.344,202.984
739,albers,minardi,15,11,11,0.0,67,,+3 Laps,15,1:18.462,200.091
739,trulli,toyota,9,12,R,0.0,62,,Brakes,43,1:15.872,206.922
739,button,bar,1,13,R,0.0,46,,Accident,30,1:15.189,208.801
739,heidfeld,williams,13,14,R,0.0,43,,Engine,20,1:15.752,207.249
739,sato,bar,6,15,R,0.0,40,,Brakes,14,1:16.044,206.454
739,friesacher,minardi,19,16,R,0.0,39,,Hydraulics,33,1:18.709,199.463
739,alonso,renault,3,17,R,0.0,38,,Suspension,38,1:14.727,210.092
739,fisichella,renault,4,18,R,0.0,32,,Hydraulics,24,1:14.890,209.635
739,karthikeyan,jordan,17,19,R,0.0,24,,Suspension,20,1:17.015,203.851
739,montoya,mclaren,5,20,D,0.0,52,,Disqualified,24,1:14.576,210.518
740,michael_schumacher,ferrari,5,1,1,10.0,73,1:29:43.181,Finished,48,1:11.497,211.074
740,barrichello,ferrari,7,2,2,8.0,73,+1.500,Finished,48,1:11.649,210.626
740,monteiro,jordan,17,3,3,6.0,72,,+1 Lap,44,1:13.237,206.059
740,karthikeyan,jordan,19,4,4,5.0,72,,+1 Lap,65,1:13.370,205.686
740,albers,minardi,18,5,5,4.0,71,,+2 Laps,2,1:13.907,204.191
740,friesacher,minardi,20,6,6,3.0,71,,+2 Laps,43,1:14.490,202.593
740,trulli,toyota,1,7,W,0.0,0,,Withdrew,,,
740,raikkonen,mclaren,2,8,W,0.0,0,,Withdrew,,,
740,button,bar,3,9,W,0.0,0,,Withdrew,,,
740,fisichella,renault,4,10,W,0.0,0,,Withdrew,,,
740,alonso,renault,6,11,W,0.0,0,,Withdrew,,,
740,sato,bar,8,12,W,0.0,0,,Withdrew,,,
740,webber,williams,9,13,W,0.0,0,,Withdrew,,,
740,massa,sauber,10,14,W,0.0,0,,Withdrew,,,
740,montoya,mclaren,11,15,W,0.0,0,,Withdrew,,,
740,villeneuve,sauber,12,16,W,0.0,0,,Withdrew,,,
740,zonta,toyota,13,17,W,0.0,0,,Withdrew,,,
740,klien,red_bull,14,18,W,0.0,0,,Withdrew,,,
740,heidfeld,williams,15,19,W,0.0,0,,Withdrew,,,
740,coulthard,red_bull,16,20,W,0.0,0,,Withdrew,,,
742,montoya,mclaren,3,1,1,10.0,60,1:24:29.588,Finished,41,1:20.700,229.338
742,alonso,renault,1,2,2,8.0,60,+2.700,Finished,40,1:21.228,227.847
742,raikkonen,mclaren,12,3,3,6.0,60,+14.400,Finished,60,1:20.502,229.902
742,fisichella,renault,6,4,4,5.0,60,+17.900,Finished,43,1:21.159,228.041
742,button,bar,2,5,5,4.0,60,+40.300,Finished,42,1:21.993,225.721
742,michael_schumacher,ferrari,9,6,6,3.0,60,+1:15.300,Finished,23,1:21.675,226.6
742,barrichello,ferrari,5,7,7,2.0,60,+1:16.600,Finished,41,1:22.302,224.874
742,ralf_schumacher,toyota,8,8,8,1.0,60,+1:19.200,Finished,46,1:21.960,225.812
742,trulli,toyota,4,9,9,0.0,60,+1:20.900,Finished,56,1:22.112,225.394
742,massa,sauber,16,10,10,0.0,59,,+1 Lap,45,1:22.466,224.427
742,webber,williams,11,11,11,0.0,59,,+1 Lap,16,1:23.291,222.204
742,heidfeld,williams,14,12,12,0.0,59,,+1 Lap,58,1:23.360,222.02
742,coulthard,red_bull,13,13,13,0.0,59,,+1 Lap,44,1:23.089,222.744
742,villeneuve,sauber,10,14,14,0.0,59,,+1 Lap,16,1:23.210,222.42
742,klien,red_bull,15,15,15,0.0,59,,+1 Lap,58,1:23.147,222.588
742,sato,bar,7,16,16,0.0,58,,+2 Laps,54,1:22.551,224.195
742,monteiro,jordan,20,17,17,0.0,58,,+2 Laps,38,1:24.247,219.682
742,albers,minardi,18,18,18,0.0,57,,+3 Laps,53,1:26.182,214.75
742,friesacher,minardi,19,19,19,0.0,56,,+4 Laps,37,1:26.489,213.987
742,karthikeyan,jordan,17,20,R,0.0,10,,Electrical,8,1:25.257,217.08
745,raikkonen,mclaren,1,1,1,10.0,58,1:24:34.454,Finished,40,1:25.030,226.0
745,alonso,renault,3,2,2,8.0,58,+18.609,Finished,58,1:25.524,224.694
745,montoya,mclaren,4,3,3,6.0,58,+19.635,Finished,39,1:24.770,226.693
745,fisichella,renault,2,4,4,5.0,58,+37.973,Finished,34,1:25.604,224.484
745,button,bar,13,5,5,4.0,58,+39.304,Finished,58,1:25.790,223.998
745,trulli,toyota,5,6,6,3.0,58,+55.420,Finished,52,1:26.178,222.989
745,coulthard,red_bull,12,7,7,2.0,58,+1:09.292,Finished,58,1:26.417,222.372
745,klien,red_bull,10,8,8,1.0,58,+1:11.622,Finished,58,1:26.374,222.483
745,sato,bar,20,9,9,0.0,58,+1:19.987,Finished,54,1:25.858,223.82
745,barrichello,ferrari,11,10,10,0.0,57,,+1 Lap,45,1:26.635,221.813
745,villeneuve,sauber,16,11,11,0.0,57,,+1 Lap,44,1:26.967,220.966
745,ralf_schumacher,toyota,9,12,12,0.0,57,,+1 Lap,38,1:27.025,220.819
745,doornbos,minardi,17,13,13,0.0,55,,+3 Laps,53,1:29.229,215.364
745,karthikeyan,jordan,18,14,14,0.0,55,,+3 Laps,42,1:29.286,215.227
745,monteiro,jordan,14,15,15,0.0,55,,+3 Laps,50,1:29.035,215.834
745,albers,minardi,15,16,R,0.0,48,,Retired,13,1:29.392,214.972
745,michael_schumacher,ferrari,19,17,R,0.0,32,,Retired,21,1:26.991,220.905
745,heidfeld,williams,6,18,R,0.0,29,,Tyre,25,1:27.353,219.99
745,massa,sauber,8,19,R,0.0,28,,Engine,27,1:26.514,222.123
745,webber,williams,7,20,R,0.0,20,,Tyre,12,1:26.791,221.414
747,raikkonen,mclaren,2,1,1,10.0,44,1:30:01.295,Finished,34,1:53.810,220.662
747,alonso,renault,4,2,2,8.0,44,+28.300,Finished,31,1:56.131,216.252
747,button,bar,8,3,3,6.0,44,+32.000,Finished,44,1:53.323,221.61
747,webber,williams,9,4,4,5.0,44,+1:09.100,Finished,44,1:52.287,223.655
747,barrichello,ferrari,12,5,5,4.0,44,+1:18.100,Finished,44,1:52.590,223.053
747,villeneuve,sauber,14,6,6,3.0,44,+1:27.400,Finished,44,1:54.251,219.81
747,ralf_schumacher,toyota,5,7,7,2.0,44,+1:27.500,Finished,43,1:51.453,225.329
747,monteiro,jordan,19,8,8,1.0,43,,+1 Lap,41,1:57.886,213.032
747,klien,red_bull,16,9,9,0.0,43,,+1 Lap,43,1:52.582,223.069
747,massa,sauber,7,10,10,0.0,43,,+1 Lap,28,1:57.748,213.282
747,karthikeyan,jordan,20,11,11,0.0,43,,+1 Lap,43,1:55.885,216.711
747,albers,minardi,18,12,12,0.0,42,,+2 Laps,6,2:01.627,206.48
747,doornbos,minardi,17,13,13,0.0,41,,+3 Laps,38,2:01.148,207.296
747,montoya,mclaren,1,14,14,0.0,40,,Collision,14,1:55.988,216.518
747,pizzonia,williams,15,15,15,0.0,39,,Collision,32,1:57.541,213.658
747,trulli,toyota,3,16,R,0.0,34,,Accident,3,1:56.953,214.732
747,coulthard,red_bull,11,17,R,0.0,18,,Engine,8,1:58.451,212.016
747,michael_schumacher,ferrari,6,18,R,0.0,13,,Accident,10,1:57.444,213.834
747,sato,bar,10,19,R,0.0,13,,Accident,10,1:57.534,213.67
747,fisichella,renault,13,20,R,0.0,10,,Accident,9,1:57.117,214.431
751,alonso,renault,4,1,1,10.0,57,1:29:46.205,Finished,21,1:32.534,210.551
751,michael_schumacher,ferrari,1,2,2,8.0,57,+1.246,Finished,38,1:32.523,210.576
751,raikkonen,mclaren,22,3,3,6.0,57,+19.360,Finished,29,1:32.864,209.803
751,button,honda,3,4,4,5.0,57,+19.992,Finished,39,1:32.729,210.109
751,montoya,mclaren,5,5,5,4.0,57,+37.048,Finished,21,1:32.771,210.013
751,webber,williams,7,6,6,3.0,57,+41.932,Finished,25,1:32.660,210.265
751,rosberg,williams,12,7,7,2.0,57,+1:03.043,Finished,42,1:32.408,210.838
751,klien,red_bull,8,8,8,1.0,57,+1:06.771,Finished,40,1:33.212,209.02
751,massa,ferrari,2,9,9,0.0,57,+1:09.907,Finished,28,1:32.739,210.086
751,coulthard,red_bull,13,10,10,0.0,57,+1:15.541,Finished,26,1:33.376,208.653
751,liuzzi,toro_rosso,15,11,11,0.0,57,+1:25.997,Finished,26,1:33.480,208.421
751,heidfeld,bmw_sauber,10,12,12,0.0,56,,+1 Lap,26,1:33.772,207.772
751,speed,toro_rosso,16,13,13,0.0,56,,+1 Lap,45,1:33.108,209.253
751,ralf_schumacher,toyota,17,14,14,0.0,56,,+1 Lap,25,1:34.112,207.021
751,barrichello,honda,6,15,15,0.0,56,,+1 Lap,14,1:33.840,207.621
751,trulli,toyota,14,16,16,0.0,56,,+1 Lap,24,1:34.852,205.406
751,monteiro,mf1,19,17,17,0.0,55,,+2 Laps,41,1:35.940,203.076
751,sato,super_aguri,20,18,18,0.0,53,,+4 Laps,17,1:37.104,200.642
751,ide,super_aguri,21,19,R,0.0,35,,Mechanical,11,1:38.302,198.197
751,villeneuve,bmw_sauber,11,20,R,0.0,29,,Engine,20,1:33.694,207.945
751,fisichella,renault,9,21,R,0.0,21,,Hydraulics,15,1:34.320,206.564
751,albers,mf1,18,22,R,0.0,0,,Driveshaft,,,
755,michael_schumacher,ferrari,2,1,1,10.0,60,1:35:58.765,Finished,39,1:32.099,201.226
755,alonso,renault,1,2,2,8.0,60,+3.751,Finished,37,1:32.532,200.285
755,massa,ferrari,3,3,3,6.0,60,+4.447,Finished,19,1:33.099,199.065
755,raikkonen,mclaren,5,4,4,5.0,60,+4.879,Finished,43,1:32.472,200.415
755,barrichello,honda,4,5,5,4.0,60,+1:12.586,Finished,59,1:33.952,197.258
755,fisichella,renault,11,6,6,3.0,60,+1:14.116,Finished,46,1:32.964,199.354
755,rosberg,williams,22,7,7,2.0,60,+1:14.565,Finished,48,1:33.579,198.044
755,villeneuve,bmw_sauber,9,8,8,1.0,60,+1:29.364,Finished,38,1:34.037,197.079
755,trulli,toyota,7,9,9,0.0,59,,+1 Lap,58,1:33.953,197.256
755,heidfeld,bmw_sauber,13,10,10,0.0,59,,+1 Lap,47,1:34.035,197.084
755,speed,toro_rosso,17,11,11,0.0,59,,+1 Lap,57,1:34.091,196.966
755,monteiro,mf1,18,12,12,0.0,59,,+1 Lap,41,1:35.504,194.052
755,albers,mf1,16,13,13,0.0,59,,+1 Lap,35,1:35.428,194.207
755,ralf_schumacher,toyota,10,14,R,0.0,52,,Engine,27,1:33.607,197.985
755,montoya,mclaren,8,15,R,0.0,52,,Engine,47,1:33.571,198.061
755,sato,super_aguri,20,16,R,0.0,45,,Hydraulics,26,1:36.706,191.64
755,montagny,super_aguri,21,17,R,0.0,29,,Hydraulics,21,1:37.214,190.639
755,button,honda,6,18,R,0.0,28,,Engine,9,1:34.042,197.069
755,klien,red_bull,15,19,R,0.0,28,,Gearbox,16,1:34.553,196.004
755,webber,williams,19,20,R,0.0,12,,Hydraulics,11,1:35.415,194.233
755,coulthard,red_bull,12,21,R,0.0,2,,Accident,2,2:24.500,128.254
755,liuzzi,toro_rosso,14,22,R,0.0,0,,Accident,,,
757,alonso,renault,1,1,1,10.0,78,1:43:43.116,Finished,11,1:15.671,158.898
757,montoya,mclaren,4,2,2,8.0,78,+14.567,Finished,20,1:16.008,158.193
757,coulthard,red_bull,7,3,3,6.0,78,+52.298,Finished,45,1:17.849,154.452
757,barrichello,honda,5,4,4,5.0,78,+53.337,Finished,67,1:17.320,155.509
757,michael_schumacher,ferrari,22,5,5,4.0,78,+53.830,Finished,74,1:15.143,160.014
757,fisichella,renault,9,6,6,3.0,78,+1:02.072,Finished,58,1:15.919,158.379
757,heidfeld,bmw_sauber,15,7,7,2.0,77,,+1 Lap,72,1:17.319,155.511
757,ralf_schumacher,toyota,10,8,8,1.0,77,,+1 Lap,72,1:17.540,155.068
757,massa,ferrari,21,9,9,0.0,77,,+1 Lap,40,1:16.612,156.946
757,liuzzi,toro_rosso,12,10,10,0.0,77,,+1 Lap,75,1:17.660,154.828
757,button,honda,13,11,11,0.0,77,,+1 Lap,59,1:17.300,155.549
757,albers,mf1,16,12,12,0.0,77,,+1 Lap,77,1:17.603,154.942
757,speed,toro_rosso,18,13,13,0.0,77,,+1 Lap,77,1:17.481,155.186
757,villeneuve,bmw_sauber,14,14,14,0.0,77,,+1 Lap,74,1:17.767,154.615
757,monteiro,mf1,17,15,15,0.0,76,,+2 Laps,71,1:17.329,155.491
757,montagny,super_aguri,20,16,16,0.0,75,,+3 Laps,72,1:19.104,152.002
757,trulli,toyota,6,17,17,0.0,72,,Hydraulics,30,1:17.180,155.791
757,klien,red_bull,11,18,R,0.0,56,,Transmission,19,1:17.930,154.292
757,rosberg,williams,8,19,R,0.0,51,,Accident,43,1:17.227,155.696
757,raikkonen,mclaren,3,20,R,0.0,50,,Heat shield fire,19,1:15.325,159.628
757,webber,williams,2,21,R,0.0,48,,Exhaust,23,1:15.680,158.879
757,sato,super_aguri,19,22,R,0.0,46,,Electrical,39,1:18.793,152.602
760,michael_schumacher,ferrari,1,1,1,10.0,73,1:34:35.199,Finished,56,1:12.719,207.527
760,massa,ferrari,2,2,2,8.0,73,+7.984,Finished,29,1:12.954,206.859
760,fisichella,renault,3,3,3,6.0,73,+16.595,Finished,28,1:13.131,206.358
760,trulli,toyota,22,4,4,5.0,73,+23.604,Finished,37,1:13.269,205.969
760,alonso,renault,5,5,5,4.0,73,+28.410,Finished,72,1:13.316,205.837
760,barrichello,honda,4,6,6,3.0,73,+36.513,Finished,47,1:13.611,205.012
760,coulthard,red_bull,17,7,7,2.0,72,,+1 Lap,33,1:14.730,201.942
760,liuzzi,toro_rosso,20,8,8,1.0,72,,+1 Lap,41,1:14.286,203.149
760,rosberg,williams,21,9,9,0.0,72,,+1 Lap,42,1:14.707,202.005
760,ralf_schumacher,toyota,8,10,R,0.0,62,,+11 Laps,29,1:13.225,206.093
760,albers,mf1,14,11,R,0.0,37,,Transmission,34,1:14.731,201.94
760,villeneuve,bmw_sauber,6,12,R,0.0,23,,Engine,19,1:13.934,204.117
760,monteiro,mf1,15,13,R,0.0,9,,Accident,9,1:22.036,183.958
760,sato,super_aguri,18,14,R,0.0,6,,Accident,6,1:43.802,145.384
760,button,honda,7,15,R,0.0,3,,Accident,2,2:04.692,121.027
760,raikkonen,mclaren,9,16,R,0.0,0,,Accident,,,
760,heidfeld,bmw_sauber,10,17,R,0.0,0,,Accident,,,
760,montoya,mclaren,11,18,R,0.0,0,,Accident,,,
760,webber,williams,12,19,R,0.0,0,,Accident,,,
760,speed,toro_rosso,13,20,R,0.0,0,,Accident,,,
760,klien,red_bull,16,21,R,0.0,0,,Accident,,,
760,montagny,super_aguri,19,22,R,0.0,0,,Accident,,,
761,michael_schumacher,ferrari,1,1,1,10.0,70,1:32:07.803,Finished,46,1:17.111,205.931
761,alonso,renault,3,2,2,8.0,70,+10.100,Finished,23,1:17.770,204.186
761,massa,ferrari,2,3,3,6.0,70,+22.500,Finished,18,1:17.141,205.851
761,ralf_schumacher,toyota,5,4,4,5.0,70,+27.200,Finished,19,1:17.809,204.084
761,raikkonen,mclaren,6,5,5,4.0,70,+33.000,Finished,30,1:17.717,204.325
761,fisichella,renault,7,6,6,3.0,70,+45.200,Finished,20,1:18.057,203.435
761,rosa,mclaren,8,7,7,2.0,70,+49.400,Finished,34,1:17.625,204.568
761,heidfeld,bmw_sauber,11,8,8,1.0,69,,+1 Lap,48,1:18.809,201.494
761,coulthard,red_bull,9,9,9,0.0,69,,+1 Lap,56,1:18.978,201.063
761,speed,toro_rosso,14,10,10,0.0,69,,+1 Lap,66,1:18.674,201.84
761,villeneuve,bmw_sauber,16,11,11,0.0,69,,+1 Lap,56,1:17.906,203.83
761,klien,red_bull,12,12,12,0.0,69,,+1 Lap,56,1:18.968,201.089
761,liuzzi,toro_rosso,22,13,13,0.0,69,,+1 Lap,54,1:18.241,202.957
761,rosberg,williams,18,14,14,0.0,68,,+2 Laps,62,1:18.796,201.527
761,albers,mf1,15,15,15,0.0,68,,+2 Laps,67,1:19.356,200.105
761,montagny,super_aguri,20,16,16,0.0,67,,+3 Laps,53,1:20.113,198.215
761,button,honda,17,17,R,0.0,61,,Technical,47,1:18.510,202.262
761,webber,williams,10,18,R,0.0,55,,Wheel rim,34,1:18.859,201.366
761,trulli,toyota,4,19,R,0.0,39,,Brakes,16,1:18.036,203.49
761,barrichello,honda,13,20,R,0.0,28,,Engine,16,1:20.094,198.262
761,monteiro,mf1,19,21,R,0.0,11,,Mechanical,8,1:21.663,194.452
761,sato,super_aguri,21,22,R,0.0,0,,Transmission,,,
762,michael_schumacher,ferrari,2,1,1,10.0,67,1:27:51.693,Finished,17,1:16.357,215.65
762,massa,ferrari,3,2,2,8.0,67,+0.700,Finished,18,1:16.392,215.551
762,raikkonen,mclaren,1,3,3,6.0,67,+13.200,Finished,4,1:16.475,215.317
762,button,honda,4,4,4,5.0,67,+18.800,Finished,14,1:16.818,214.356
762,alonso,renault,7,5,5,4.0,67,+23.700,Finished,66,1:17.256,213.14
762,fisichella,renault,5,6,6,3.0,67,+24.800,Finished,18,1:16.981,213.902
762,trulli,toyota,20,7,7,2.0,67,+26.500,Finished,48,1:16.807,214.386
762,klien,red_bull,12,8,8,1.0,67,+48.100,Finished,49,1:17.719,211.87
762,ralf_schumacher,toyota,8,9,9,0.0,67,+1:00.300,Finished,64,1:16.763,214.509
762,liuzzi,toro_rosso,16,10,10,0.0,66,,+1 Lap,51,1:17.407,212.724
762,coulthard,red_bull,10,11,11,0.0,66,,+1 Lap,24,1:17.811,211.62
762,speed,toro_rosso,19,12,12,0.0,66,,+1 Lap,50,1:17.450,212.606
762,webber,williams,11,13,R,0.0,59,,Water leak,43,1:16.812,214.372
762,sato,super_aguri,17,14,R,0.0,38,,Gearbox,26,1:19.413,207.351
762,villeneuve,bmw_sauber,13,15,R,0.0,30,,Accident,29,1:18.904,208.689
762,barrichello,honda,6,16,R,0.0,18,,Engine,16,1:18.029,211.029
762,heidfeld,bmw_sauber,15,17,R,0.0,9,,Brakes,3,1:19.264,207.741
762,rosa,mclaren,9,18,R,0.0,2,,Fuel pump,2,1:19.649,206.737
762,yamamoto,super_aguri,22,19,R,0.0,1,,Driveshaft,,,
762,rosberg,williams,14,20,R,0.0,0,,Accident,,,
762,albers,mf1,21,21,D,0.0,66,,Disqualified,35,1:18.247,210.441
762,monteiro,mf1,18,22,D,0.0,66,,Disqualified,46,1:18.718,209.182
763,button,honda,14,1,1,10.0,70,1:52:20.941,Finished,57,1:25.143,185.236
763,rosa,mclaren,4,2,2,8.0,70,+30.837,Finished,67,1:24.315,187.055
763,heidfeld,bmw_sauber,10,3,3,6.0,70,+43.822,Finished,65,1:25.801,183.816
763,barrichello,honda,3,4,4,5.0,70,+45.205,Finished,69,1:24.678,186.253
763,coulthard,red_bull,12,5,5,4.0,69,,+1 Lap,65,1:27.572,180.098
763,ralf_schumacher,toyota,6,6,6,3.0,69,,+1 Lap,65,1:25.247,185.01
763,massa,ferrari,2,7,7,2.0,69,,+1 Lap,65,1:23.516,188.845
763,michael_schumacher,ferrari,11,8,8,1.0,67,,Track rod,57,1:27.834,179.561
763,monteiro,mf1,16,9,9,0.0,67,,+3 Laps,66,1:28.178,178.86
763,albers,mf1,22,10,10,0.0,67,,+3 Laps,67,1:26.117,183.141
763,speed,toro_rosso,20,11,11,0.0,66,,+4 Laps,66,1:26.249,182.861
763,trulli,toyota,8,12,12,0.0,65,,Engine,58,1:25.779,183.863
763,sato,super_aguri,19,13,13,0.0,65,,+5 Laps,53,1:30.957,173.396
763,alonso,renault,15,14,R,0.0,51,,Driveshaft,50,1:29.408,176.4
763,raikkonen,mclaren,1,15,R,0.0,25,,Collision,7,1:33.690,168.338
763,liuzzi,toro_rosso,17,16,R,0.0,25,,Collision,8,1:38.858,159.537
763,rosberg,williams,18,17,R,0.0,19,,Electrical,9,1:38.964,159.367
763,fisichella,renault,7,18,R,0.0,18,,Spun off,9,1:35.550,165.061
763,klien,red_bull,13,19,R,0.0,6,,Spun off,6,1:38.702,159.79
763,webber,williams,5,20,R,0.0,1,,Accident,,,
763,yamamoto,super_aguri,21,21,R,0.0,0,,Engine,,,
763,kubica,bmw_sauber,9,22,D,0.0,69,,Disqualified,55,1:28.154,178.909
764,massa,ferrari,1,1,1,10.0,58,1:28:51.082,Finished,38,1:28.123,218.067
764,alonso,renault,3,2,2,8.0,58,+5.575,Finished,38,1:28.245,217.766
764,michael_schumacher,ferrari,2,3,3,6.0,58,+5.656,Finished,55,1:28.005,218.36
764,button,honda,6,4,4,5.0,58,+12.334,Finished,58,1:28.474,217.202
764,rosa,mclaren,11,5,5,4.0,58,+45.908,Finished,54,1:28.959,216.018
764,fisichella,renault,4,6,6,3.0,58,+46.594,Finished,29,1:28.546,217.026
764,ralf_schumacher,toyota,15,7,7,2.0,58,+59.337,Finished,58,1:29.084,215.715
764,barrichello,honda,13,8,8,1.0,58,+1:00.034,Finished,26,1:28.733,216.568
764,trulli,toyota,12,9,9,0.0,57,,+1 Lap,24,1:30.048,213.406
764,webber,williams,9,10,10,0.0,57,,+1 Lap,50,1:30.088,213.311
764,klien,red_bull,10,11,11,0.0,57,,+1 Lap,26,1:30.025,213.46
764,kubica,bmw_sauber,8,12,12,0.0,57,,+1 Lap,34,1:29.723,214.179
764,speed,toro_rosso,17,13,13,0.0,57,,+1 Lap,43,1:29.933,213.679
764,heidfeld,bmw_sauber,5,14,14,0.0,56,,+2 Laps,56,1:30.335,212.728
764,coulthard,red_bull,16,15,15,0.0,55,,Gearbox,24,1:30.026,213.458
764,albers,mf1,22,16,R,0.0,46,,Spun off,35,1:30.403,212.568
764,sato,super_aguri,21,17,R,0.0,41,,+17 Laps,33,1:31.814,209.301
764,rosberg,williams,14,18,R,0.0,25,,Water leak,21,1:30.071,213.351
764,yamamoto,super_aguri,20,19,R,0.0,23,,Spun off,12,1:32.337,208.115
764,liuzzi,toro_rosso,18,20,R,0.0,12,,Spun off,12,1:32.148,208.542
764,raikkonen,mclaren,7,21,R,0.0,1,,Collision,,,
764,monteiro,mf1,19,22,R,0.0,0,,Collision,,,
767,alonso,renault,5,1,1,10.0,53,1:23:52.413,Finished,14,1:32.676,225.572
767,massa,ferrari,1,2,2,8.0,53,+16.151,Finished,37,1:33.296,224.073
767,fisichella,renault,6,3,3,6.0,53,+23.953,Finished,13,1:33.564,223.432
767,button,honda,7,4,4,5.0,53,+34.101,Finished,35,1:33.451,223.702
767,raikkonen,mclaren,11,5,5,4.0,53,+43.596,Finished,24,1:33.344,223.958
767,trulli,toyota,4,6,6,3.0,53,+46.717,Finished,2,1:33.866,222.713
767,ralf_schumacher,toyota,3,7,7,2.0,53,+48.869,Finished,2,1:33.607,223.329
767,heidfeld,bmw_sauber,9,8,8,1.0,53,+1:16.095,Finished,31,1:34.525,221.16
767,kubica,bmw_sauber,12,9,9,0.0,53,+1:16.932,Finished,39,1:33.509,223.563
767,rosberg,williams,10,10,10,0.0,52,,+1 Lap,33,1:34.802,220.514
767,rosa,mclaren,13,11,11,0.0,52,,+1 Lap,22,1:34.120,222.112
767,barrichello,honda,8,12,12,0.0,52,,+1 Lap,40,1:34.071,222.227
767,doornbos,red_bull,18,13,13,0.0,52,,+1 Lap,37,1:35.099,219.825
767,liuzzi,toro_rosso,15,14,14,0.0,52,,+1 Lap,22,1:34.131,222.086
767,sato,super_aguri,20,15,15,0.0,52,,+1 Lap,26,1:35.082,219.864
767,monteiro,spyker_mf1,21,16,16,0.0,51,,+2 Laps,27,1:35.260,219.454
767,yamamoto,super_aguri,22,17,17,0.0,50,,+3 Laps,22,1:35.594,218.687
767,speed,toro_rosso,19,18,18,0.0,48,,Steering,37,1:34.560,221.078
767,webber,williams,14,19,R,0.0,39,,Accident,19,1:35.092,219.841
767,michael_schumacher,ferrari,2,20,R,0.0,36,,Engine,32,1:32.792,225.29
767,coulthard,red_bull,17,21,R,0.0,35,,Gearbox,20,1:35.052,219.934
767,albers,spyker_mf1,16,22,R,0.0,20,,Driveshaft,19,1:36.036,217.68
770,alonso,mclaren,2,1,1,10.0,56,1:32:14.930,Finished,42,1:36.861,206.014
770,hamilton,mclaren,4,2,2,8.0,56,+17.557,Finished,22,1:36.701,206.355
770,raikkonen,ferrari,3,3,3,6.0,56,+18.339,Finished,40,1:37.228,205.237
770,heidfeld,bmw_sauber,5,4,4,5.0,56,+33.777,Finished,55,1:37.417,204.838
770,massa,ferrari,1,5,5,4.0,56,+36.705,Finished,42,1:37.199,205.298
770,fisichella,renault,12,6,6,3.0,56,+1:05.638,Finished,44,1:37.879,203.872
770,trulli,toyota,8,7,7,2.0,56,+1:10.132,Finished,40,1:38.016,203.587
770,kovalainen,renault,11,8,8,1.0,56,+1:12.015,Finished,41,1:37.810,204.015
770,wurz,williams,19,9,9,0.0,56,+1:29.924,Finished,19,1:37.864,203.903
770,webber,red_bull,10,10,10,0.0,56,+1:33.556,Finished,55,1:38.540,202.504
770,barrichello,honda,22,11,11,0.0,55,,+1 Lap,32,1:38.566,202.451
770,button,honda,15,12,12,0.0,55,,+1 Lap,54,1:38.658,202.262
770,sato,super_aguri,14,13,13,0.0,55,,+1 Lap,37,1:38.496,202.595
770,speed,toro_rosso,17,14,14,0.0,55,,+1 Lap,54,1:39.098,201.364
770,ralf_schumacher,toyota,9,15,15,0.0,55,,+1 Lap,52,1:39.243,201.07
770,davidson,super_aguri,18,16,16,0.0,55,,+1 Lap,32,1:39.566,200.417
770,liuzzi,toro_rosso,16,17,17,0.0,55,,+1 Lap,21,1:38.447,202.695
770,kubica,bmw_sauber,7,18,18,0.0,55,,+1 Lap,53,1:38.874,201.82
770,rosberg,williams,6,19,R,0.0,42,,Hydraulics,18,1:37.704,204.237
770,coulthard,red_bull,13,20,R,0.0,36,,Brakes,28,1:38.098,203.416
770,albers,spyker,20,21,R,0.0,7,,Engine,5,1:41.495,196.608
770,sutil,spyker,21,22,R,0.0,0,,Collision,,,
771,massa,ferrari,1,1,1,10.0,57,1:33:27.515,Finished,42,1:34.067,207.12
771,hamilton,mclaren,2,2,2,8.0,57,+2.360,Finished,18,1:34.270,206.674
771,raikkonen,ferrari,3,3,3,6.0,57,+10.839,Finished,39,1:34.357,206.483
771,heidfeld,bmw_sauber,5,4,4,5.0,57,+13.831,Finished,38,1:34.470,206.236
771,alonso,mclaren,4,5,5,4.0,57,+14.426,Finished,46,1:34.420,206.346
771,kubica,bmw_sauber,6,6,6,3.0,57,+45.529,Finished,46,1:34.819,205.477
771,trulli,toyota,9,7,7,2.0,57,+1:21.371,Finished,40,1:35.153,204.756
771,fisichella,renault,7,8,8,1.0,57,+1:21.701,Finished,51,1:35.200,204.655
771,kovalainen,renault,12,9,9,0.0,57,+1:29.411,Finished,27,1:35.475,204.065
771,rosberg,williams,10,10,10,0.0,57,+1:29.916,Finished,51,1:35.556,203.893
771,wurz,williams,11,11,11,0.0,56,,+1 Lap,27,1:35.992,202.966
771,ralf_schumacher,toyota,14,12,12,0.0,56,,+1 Lap,37,1:35.845,203.278
771,barrichello,honda,15,13,13,0.0,56,,+1 Lap,50,1:35.842,203.284
771,albers,spyker,22,14,14,0.0,55,,+2 Laps,40,1:37.184,200.477
771,sutil,spyker,20,15,15,0.0,53,,+4 Laps,45,1:36.772,201.33
771,davidson,super_aguri,13,16,16,0.0,51,,Engine,27,1:36.111,202.715
771,webber,red_bull,8,17,R,0.0,41,,Gearbox,37,1:35.705,203.575
771,coulthard,red_bull,21,18,R,0.0,36,,Driveshaft,34,1:35.384,204.26
771,sato,super_aguri,17,19,R,0.0,34,,Engine,23,1:36.359,202.193
771,liuzzi,toro_rosso,18,20,R,0.0,26,,Hydraulics,23,1:35.723,203.537
771,button,honda,16,21,R,0.0,0,,Collision,,,
771,speed,toro_rosso,19,22,R,0.0,0,,Collision,,,
775,hamilton,mclaren,1,1,1,10.0,73,1:31:09.965,Finished,20,1:13.222,206.101
775,alonso,mclaren,2,2,2,8.0,73,+1.500,Finished,21,1:13.257,206.003
775,massa,ferrari,3,3,3,6.0,73,+12.800,Finished,50,1:13.380,205.658
775,raikkonen,ferrari,4,4,4,5.0,73,+15.400,Finished,49,1:13.117,206.397
775,kovalainen,renault,6,5,5,4.0,73,+41.400,Finished,67,1:13.998,203.94
775,trulli,toyota,8,6,6,3.0,73,+1:06.700,Finished,30,1:14.016,203.891
775,webber,red_bull,9,7,7,2.0,73,+1:07.300,Finished,57,1:14.004,203.924
775,vettel,bmw_sauber,7,8,8,1.0,73,+1:07.700,Finished,53,1:13.862,204.316
775,fisichella,renault,10,9,9,0.0,72,,+1 Lap,67,1:14.009,203.91
775,wurz,williams,17,10,10,0.0,72,,+1 Lap,41,1:14.486,202.604
775,davidson,super_aguri,16,11,11,0.0,72,,+1 Lap,55,1:14.066,203.753
775,button,honda,13,12,12,0.0,72,,+1 Lap,42,1:14.703,202.015
775,speed,toro_rosso,20,13,13,0.0,71,,+2 Laps,66,1:15.092,200.969
775,sutil,spyker,21,14,14,0.0,71,,+2 Laps,49,1:14.858,201.597
775,albers,spyker,22,15,15,0.0,70,,+3 Laps,65,1:15.902,198.824
775,rosberg,williams,14,16,16,0.0,68,,Engine,34,1:14.066,203.753
775,liuzzi,toro_rosso,19,17,17,0.0,68,,Water pressure,64,1:15.426,200.079
775,heidfeld,bmw_sauber,5,18,R,0.0,56,,Transmission,20,1:13.414,205.562
775,sato,super_aguri,18,19,R,0.0,13,,Spun off,8,1:16.680,196.807
775,coulthard,red_bull,11,20,R,0.0,0,,Collision,,,
775,barrichello,honda,15,21,R,0.0,0,,Collision,,,
775,ralf_schumacher,toyota,12,22,R,0.0,0,,Collision,,,
778,alonso,mclaren,2,1,1,10.0,60,2:06:26.358,Finished,35,1:33.231,198.783
778,massa,ferrari,3,2,2,8.0,60,+8.155,Finished,34,1:32.853,199.592
778,webber,red_bull,6,3,3,6.0,60,+1:05.674,Finished,29,1:34.449,196.22
778,wurz,williams,12,4,4,5.0,60,+1:05.937,Finished,33,1:34.235,196.665
778,coulthard,red_bull,20,5,5,4.0,60,+1:13.656,Finished,48,1:34.316,196.496
778,heidfeld,bmw_sauber,4,6,6,3.0,60,+1:20.298,Finished,49,1:34.354,196.417
778,kubica,bmw_sauber,5,7,7,2.0,60,+1:22.415,Finished,49,1:34.451,196.216
778,kovalainen,renault,7,8,8,1.0,59,,+1 Lap,48,1:34.603,195.9
778,hamilton,mclaren,10,9,9,0.0,59,,+1 Lap,29,1:33.401,198.421
778,fisichella,renault,13,10,10,0.0,59,,+1 Lap,48,1:34.893,195.302
778,barrichello,honda,14,11,11,0.0,59,,+1 Lap,37,1:35.632,193.792
778,davidson,super_aguri,15,12,12,0.0,59,,+1 Lap,46,1:35.282,194.504
778,trulli,toyota,8,13,13,0.0,59,,+1 Lap,29,1:34.496,196.122
778,raikkonen,ferrari,1,14,R,0.0,34,,Hydraulics,32,1:33.904,197.359
778,sato,super_aguri,16,15,R,0.0,19,,Retired,18,1:37.401,190.273
778,ralf_schumacher,toyota,9,16,R,0.0,18,,Collision,18,1:36.195,192.658
778,markus_winkelhock,spyker,22,17,R,0.0,13,,Hydraulics,13,1:42.783,180.309
778,button,honda,17,18,R,0.0,2,,Spun off,2,2:20.041,132.338
778,sutil,spyker,21,19,R,0.0,2,,Spun off,2,2:25.798,127.112
778,rosberg,williams,11,20,R,0.0,2,,Spun off,2,2:50.950,108.41
778,speed,toro_rosso,18,21,R,0.0,2,,Spun off,2,3:01.900,101.884
778,liuzzi,toro_rosso,19,22,R,0.0,2,,Spun off,2,3:22.300,91.61
781,alonso,mclaren,1,1,1,10.0,53,1:18:37.806,Finished,15,1:22.871,251.653
781,hamilton,mclaren,2,2,2,8.0,53,+6.062,Finished,17,1:22.936,251.456
781,raikkonen,ferrari,5,3,3,6.0,53,+27.325,Finished,21,1:23.370,250.147
781,heidfeld,bmw_sauber,4,4,4,5.0,53,+56.562,Finished,19,1:23.681,249.217
781,kubica,bmw_sauber,6,5,5,4.0,53,+1:00.558,Finished,22,1:23.908,248.543
781,rosberg,williams,8,6,6,3.0,53,+1:05.810,Finished,52,1:24.472,246.884
781,kovalainen,renault,7,7,7,2.0,53,+1:06.751,Finished,53,1:24.226,247.605
781,button,honda,10,8,8,1.0,53,+1:02.168,Finished,32,1:24.532,246.708
781,webber,red_bull,11,9,9,0.0,53,+1:05.879,Finished,46,1:24.824,245.859
781,barrichello,honda,12,10,10,0.0,53,+1:06.958,Finished,52,1:24.767,246.024
781,trulli,toyota,9,11,11,0.0,53,+1:07.736,Finished,49,1:24.622,246.446
781,fisichella,renault,15,12,12,0.0,52,,+1 Lap,32,1:24.849,245.787
781,wurz,williams,13,13,13,0.0,52,,+1 Lap,42,1:25.000,245.35
781,davidson,super_aguri,14,14,14,0.0,52,,+1 Lap,46,1:25.116,245.016
781,ralf_schumacher,toyota,18,15,15,0.0,52,,+1 Lap,49,1:24.951,245.492
781,sato,super_aguri,17,16,16,0.0,52,,+1 Lap,49,1:24.669,246.309
781,liuzzi,toro_rosso,19,17,17,0.0,52,,+1 Lap,45,1:25.373,244.278
781,vettel,toro_rosso,16,18,18,0.0,52,,+1 Lap,47,1:25.313,244.45
781,sutil,spyker,21,19,19,0.0,52,,+1 Lap,30,1:25.377,244.267
781,yamamoto,spyker,22,20,20,0.0,52,,+1 Lap,34,1:25.478,243.978
781,massa,ferrari,3,21,R,0.0,10,,Suspension,8,1:23.971,248.357
781,coulthard,red_bull,20,22,R,0.0,1,,Accident,,,
783,hamilton,mclaren,1,1,1,10.0,67,2:00:34.579,Finished,27,1:28.193,186.259
783,kovalainen,renault,11,2,2,8.0,67,+8.377,Finished,34,1:29.655,183.222
783,raikkonen,ferrari,3,3,3,6.0,67,+9.478,Finished,29,1:29.619,183.295
783,coulthard,red_bull,12,4,4,5.0,67,+20.297,Finished,56,1:30.086,182.345
783,fisichella,renault,10,5,5,4.0,67,+38.864,Finished,33,1:30.387,181.738
783,massa,ferrari,4,6,6,3.0,67,+49.042,Finished,32,1:29.588,183.359
783,kubica,bmw_sauber,9,7,7,2.0,67,+49.285,Finished,32,1:29.021,184.527
783,sutil,spyker,20,8,8,1.0,67,+1:00.129,Finished,54,1:31.891,178.763
783,liuzzi,toro_rosso,14,9,9,0.0,67,+1:20.622,Finished,35,1:30.653,181.205
783,barrichello,honda,17,10,10,0.0,67,+1:28.342,Finished,57,1:31.060,180.395
783,button,honda,6,11,11,0.0,66,,Suspension,58,1:31.951,178.647
783,yamamoto,spyker,22,12,12,0.0,66,,+1 Lap,33,1:32.130,178.3
783,trulli,toyota,13,13,13,0.0,66,,+1 Lap,55,1:32.414,177.752
783,heidfeld,bmw_sauber,5,14,14,0.0,65,,Technical,28,1:29.084,184.396
783,sato,super_aguri,21,15,15,0.0,65,,Collision,54,1:31.507,179.514
783,ralf_schumacher,toyota,15,16,R,0.0,55,,Puncture,33,1:30.865,180.782
783,davidson,super_aguri,19,17,R,0.0,54,,Throttle,27,1:31.803,178.935
783,rosberg,williams,16,18,R,0.0,49,,Electronics,27,1:29.926,182.67
783,vettel,toro_rosso,8,19,R,0.0,46,,Collision,31,1:29.057,184.452
783,webber,red_bull,7,20,R,0.0,45,,Collision,30,1:28.940,184.695
783,alonso,mclaren,2,21,R,0.0,41,,Accident,25,1:28.511,185.59
783,wurz,williams,18,22,R,0.0,19,,Collision,19,2:05.636,130.749
785,raikkonen,ferrari,3,1,1,10.0,71,1:28:15.270,Finished,66,1:12.445,214.126
785,massa,ferrari,1,2,2,8.0,71,+1.493,Finished,71,1:12.584,213.716
785,alonso,mclaren,4,3,3,6.0,71,+57.019,Finished,59,1:13.150,212.062
785,rosberg,williams,10,4,4,5.0,71,+1:02.848,Finished,56,1:13.159,212.036
785,kubica,bmw_sauber,7,5,5,4.0,71,+1:10.957,Finished,61,1:12.686,213.416
785,heidfeld,bmw_sauber,6,6,6,3.0,71,+1:11.317,Finished,53,1:13.452,211.19
785,hamilton,mclaren,2,7,7,2.0,70,,+1 Lap,58,1:12.506,213.946
785,trulli,toyota,8,8,8,1.0,70,,+1 Lap,68,1:13.361,211.452
785,coulthard,red_bull,9,9,9,0.0,70,,+1 Lap,22,1:14.195,209.076
785,nakajima,williams,19,10,10,0.0,70,,+1 Lap,69,1:13.116,212.161
785,ralf_schumacher,toyota,15,11,11,0.0,70,,+1 Lap,65,1:13.368,211.432
785,sato,super_aguri,18,12,12,0.0,69,,+2 Laps,39,1:14.914,207.069
785,liuzzi,toro_rosso,14,13,13,0.0,69,,+2 Laps,56,1:13.643,210.643
785,davidson,super_aguri,20,14,14,0.0,68,,+3 Laps,64,1:14.329,208.699
785,sutil,spyker,21,15,R,0.0,43,,Brakes,13,1:15.202,206.276
785,barrichello,honda,11,16,R,0.0,40,,Engine,32,1:14.742,207.545
785,kovalainen,renault,17,17,R,0.0,35,,Accident,31,1:14.891,207.133
785,vettel,toro_rosso,13,18,R,0.0,34,,Hydraulics,18,1:14.423,208.435
785,button,honda,16,19,R,0.0,20,,Engine,20,1:14.039,209.516
785,webber,red_bull,5,20,R,0.0,14,,Gearbox,13,1:14.398,208.505
785,yamamoto,spyker,22,21,R,0.0,2,,Collision,2,1:50.404,140.505
785,fisichella,renault,12,22,R,0.0,2,,Collision,2,2:02.680,126.446
788,massa,ferrari,2,1,1,10.0,57,1:31:06.970,Finished,38,1:33.600,208.153
788,raikkonen,ferrari,4,2,2,8.0,57,+3.339,Finished,35,1:33.709,207.911
788,kubica,bmw_sauber,1,3,3,6.0,57,+4.998,Finished,55,1:33.775,207.765
788,heidfeld,bmw_sauber,6,4,4,5.0,57,+8.409,Finished,48,1:33.565,208.231
788,kovalainen,mclaren,5,5,5,4.0,57,+26.789,Finished,49,1:33.193,209.062
788,trulli,toyota,7,6,6,3.0,57,+41.314,Finished,45,1:34.204,206.819
788,webber,red_bull,11,7,7,2.0,57,+45.473,Finished,51,1:34.305,206.597
788,rosberg,williams,8,8,8,1.0,57,+55.889,Finished,57,1:34.072,207.109
788,glock,toyota,13,9,9,0.0,57,+1:09.500,Finished,56,1:34.807,205.503
788,alonso,renault,10,10,10,0.0,57,+1:17.181,Finished,35,1:35.194,204.668
788,barrichello,honda,12,11,11,0.0,57,+1:17.862,Finished,40,1:34.855,205.399
788,fisichella,force_india,18,12,12,0.0,56,,+1 Lap,56,1:35.057,204.963
788,hamilton,mclaren,3,13,13,0.0,56,,+1 Lap,25,1:35.520,203.969
788,nakajima,williams,16,14,14,0.0,56,,+1 Lap,30,1:35.433,204.155
788,bourdais,toro_rosso,15,15,15,0.0,56,,+1 Lap,33,1:35.333,204.369
788,davidson,super_aguri,21,16,16,0.0,56,,+1 Lap,45,1:35.324,204.389
788,sato,super_aguri,22,17,17,0.0,56,,+1 Lap,56,1:35.891,203.18
788,coulthard,red_bull,17,18,18,0.0,56,,+1 Lap,43,1:35.351,204.331
788,sutil,force_india,20,19,19,0.0,56,,+2 Laps,55,1:35.442,204.136
788,piquet_jr,renault,14,20,R,0.0,40,,Gearbox,31,1:35.129,204.808
788,button,honda,9,21,R,0.0,19,,Collision,11,1:36.125,202.686
788,vettel,toro_rosso,19,22,R,0.0,0,,Engine,,,
791,hamilton,mclaren,3,1,1,10.0,76,2:00:42.742,Finished,71,1:18.510,153.152
791,kubica,bmw_sauber,5,2,2,8.0,76,+3.064,Finished,75,1:17.933,154.286
791,massa,ferrari,1,3,3,6.0,76,+4.811,Finished,76,1:17.886,154.379
791,webber,red_bull,9,4,4,5.0,76,+19.295,Finished,74,1:19.036,152.133
791,vettel,toro_rosso,19,5,5,4.0,76,+24.657,Finished,74,1:18.787,152.614
791,barrichello,honda,14,6,6,3.0,76,+28.408,Finished,75,1:19.574,151.104
791,nakajima,williams,13,7,7,2.0,76,+30.180,Finished,75,1:19.910,150.469
791,kovalainen,mclaren,4,8,8,1.0,76,+33.191,Finished,74,1:17.282,155.586
791,raikkonen,ferrari,2,9,9,0.0,76,+33.792,Finished,74,1:16.689,156.789
791,alonso,renault,7,10,10,0.0,75,,+1 Lap,73,1:17.869,154.413
791,button,honda,11,11,11,0.0,75,,+1 Lap,74,1:19.582,151.089
791,glock,toyota,10,12,12,0.0,75,,+1 Lap,75,1:19.618,151.021
791,trulli,toyota,8,13,13,0.0,75,,+1 Lap,75,1:19.830,150.62
791,heidfeld,bmw_sauber,12,14,14,0.0,72,,+4 Laps,72,1:20.251,149.829
791,sutil,force_india,18,15,R,0.0,67,,Collision,60,1:22.039,146.564
791,rosberg,williams,6,16,R,0.0,59,,Accident,58,1:21.270,147.951
791,piquet_jr,renault,17,17,R,0.0,47,,Accident,40,1:31.187,131.86
791,fisichella,force_india,20,18,R,0.0,36,,Gearbox,33,1:32.849,129.5
791,coulthard,red_bull,15,19,R,0.0,7,,Accident,7,1:42.112,117.753
791,bourdais,toro_rosso,16,20,R,0.0,7,,Collision,7,1:41.150,118.872
792,kubica,bmw_sauber,2,1,1,10.0,70,1:36:24.227,Finished,47,1:17.539,202.473
792,heidfeld,bmw_sauber,8,2,2,8.0,70,+16.495,Finished,25,1:17.430,202.758
792,coulthard,red_bull,13,3,3,6.0,70,+23.352,Finished,36,1:18.085,201.057
792,glock,toyota,11,4,4,5.0,70,+42.627,Finished,31,1:19.087,198.51
792,massa,ferrari,6,5,5,4.0,70,+43.934,Finished,11,1:18.006,201.261
792,trulli,toyota,14,6,6,3.0,70,+47.775,Finished,38,1:18.870,199.056
792,barrichello,honda,9,7,7,2.0,70,+53.597,Finished,35,1:18.301,200.503
792,vettel,toro_rosso,19,8,8,1.0,70,+54.120,Finished,33,1:18.532,199.913
792,kovalainen,mclaren,7,9,9,0.0,70,+54.433,Finished,62,1:18.462,200.091
792,rosberg,williams,5,10,10,0.0,70,+54.749,Finished,14,1:17.977,201.336
792,button,honda,20,11,11,0.0,70,+1:07.540,Finished,58,1:19.352,197.847
792,webber,red_bull,10,12,12,0.0,70,+1:11.299,Finished,51,1:18.201,200.759
792,bourdais,toro_rosso,18,13,13,0.0,69,,+1 Lap,34,1:18.620,199.689
792,fisichella,force_india,17,14,R,0.0,51,,Spun off,41,1:19.066,198.563
792,nakajima,williams,12,15,R,0.0,46,,Accident,30,1:18.784,199.273
792,alonso,renault,4,16,R,0.0,44,,Spun off,16,1:18.225,200.697
792,piquet_jr,renault,15,17,R,0.0,43,,Brakes,16,1:19.239,198.129
792,raikkonen,ferrari,3,18,R,0.0,19,,Collision,14,1:17.387,202.871
792,hamilton,mclaren,1,19,R,0.0,19,,Collision,4,1:17.506,202.559
792,sutil,force_india,16,20,R,0.0,13,,Gearbox,7,1:20.666,194.624
793,massa,ferrari,2,1,1,10.0,70,1:31:50.245,Finished,20,1:16.729,206.956
793,raikkonen,ferrari,1,2,2,8.0,70,+17.984,Finished,16,1:16.630,207.224
793,trulli,toyota,4,3,3,6.0,70,+28.250,Finished,12,1:17.567,204.721
793,kovalainen,mclaren,10,4,4,5.0,70,+28.929,Finished,46,1:17.134,205.87
793,kubica,bmw_sauber,5,5,5,4.0,70,+30.512,Finished,16,1:17.172,205.768
793,webber,red_bull,6,6,6,3.0,70,+40.304,Finished,22,1:17.507,204.879
793,piquet_jr,renault,9,7,7,2.0,70,+41.033,Finished,24,1:17.758,204.218
793,alonso,renault,3,8,8,1.0,70,+43.372,Finished,39,1:17.641,204.525
793,coulthard,red_bull,7,9,9,0.0,70,+51.021,Finished,23,1:17.818,204.06
793,hamilton,mclaren,13,10,10,0.0,70,+54.538,Finished,40,1:17.453,205.022
793,glock,toyota,8,11,11,0.0,70,+57.700,Finished,45,1:17.836,204.013
793,vettel,toro_rosso,12,12,12,0.0,70,+58.065,Finished,36,1:17.760,204.212
793,heidfeld,bmw_sauber,11,13,13,0.0,70,+1:02.079,Finished,46,1:17.716,204.328
793,barrichello,honda,20,14,14,0.0,69,,+1 Lap,54,1:17.969,203.665
793,nakajima,williams,15,15,15,0.0,69,,+1 Lap,60,1:18.054,203.443
793,rosberg,williams,19,16,16,0.0,69,,+1 Lap,38,1:18.311,202.776
793,bourdais,toro_rosso,14,17,17,0.0,69,,+1 Lap,28,1:18.216,203.022
793,fisichella,force_india,17,18,18,0.0,69,,+1 Lap,53,1:18.557,202.141
793,sutil,force_india,18,19,19,0.0,69,,+1 Lap,41,1:18.462,202.385
793,button,honda,16,20,R,0.0,16,,Collision,15,1:20.876,196.345
794,hamilton,mclaren,4,1,1,10.0,60,1:39:09.440,Finished,16,1:32.817,199.398
794,heidfeld,bmw_sauber,5,2,2,8.0,60,+1:08.577,Finished,21,1:32.719,199.609
794,barrichello,honda,16,3,3,6.0,60,+1:22.273,Finished,21,1:33.386,198.183
794,raikkonen,ferrari,3,4,4,5.0,59,,+1 Lap,18,1:32.150,200.842
794,kovalainen,mclaren,1,5,5,4.0,59,,+1 Lap,17,1:33.130,198.728
794,alonso,renault,6,6,6,3.0,59,,+1 Lap,17,1:33.133,198.722
794,trulli,toyota,14,7,7,2.0,59,,+1 Lap,22,1:33.808,197.292
794,nakajima,williams,15,8,8,1.0,59,,+1 Lap,21,1:34.277,196.31
794,rosberg,williams,20,9,9,0.0,59,,+1 Lap,21,1:34.797,195.234
794,webber,red_bull,2,10,10,0.0,59,,+1 Lap,17,1:32.952,199.109
794,bourdais,toro_rosso,13,11,11,0.0,59,,+1 Lap,21,1:33.367,198.224
794,glock,toyota,12,12,12,0.0,59,,+1 Lap,19,1:34.610,195.619
794,massa,ferrari,9,13,13,0.0,58,,+2 Laps,19,1:33.257,198.458
794,kubica,bmw_sauber,10,14,R,0.0,39,,Spun off,22,1:33.539,197.859
794,button,honda,17,15,R,0.0,38,,Spun off,21,1:33.376,198.205
794,piquet_jr,renault,7,16,R,0.0,35,,Spun off,21,1:33.203,198.573
794,fisichella,force_india,19,17,R,0.0,16,,Spun off,21,1:34.930,194.96
794,sutil,force_india,18,18,R,0.0,10,,Spun off,5,1:38.160,188.545
794,vettel,toro_rosso,8,19,R,0.0,0,,Collision,,,
794,coulthard,red_bull,11,20,R,0.0,0,,Collision,,,
795,hamilton,mclaren,1,1,1,10.0,67,1:31:20.874,Finished,17,1:16.039,216.552
795,piquet_jr,renault,17,2,2,8.0,67,+5.586,Finished,66,1:16.910,214.099
795,massa,ferrari,2,3,3,6.0,67,+9.339,Finished,19,1:16.502,215.241
795,heidfeld,bmw_sauber,12,4,4,5.0,67,+9.825,Finished,52,1:15.987,216.7
795,kovalainen,mclaren,3,5,5,4.0,67,+12.411,Finished,63,1:16.495,215.261
795,raikkonen,ferrari,6,6,6,3.0,67,+14.403,Finished,66,1:16.342,215.692
795,kubica,bmw_sauber,7,7,7,2.0,67,+22.682,Finished,17,1:16.610,214.937
795,vettel,toro_rosso,9,8,8,1.0,67,+33.299,Finished,20,1:16.772,214.484
795,trulli,toyota,4,9,9,0.0,67,+37.158,Finished,17,1:17.023,213.785
795,rosberg,williams,13,10,10,0.0,67,+37.625,Finished,34,1:17.380,212.799
795,alonso,renault,5,11,11,0.0,67,+38.600,Finished,17,1:17.115,213.53
795,bourdais,toro_rosso,15,12,12,0.0,67,+39.111,Finished,63,1:16.969,213.935
795,coulthard,red_bull,10,13,13,0.0,67,+54.971,Finished,18,1:16.994,213.866
795,nakajima,williams,16,14,14,0.0,67,+1:00.003,Finished,23,1:17.691,211.947
795,sutil,force_india,19,15,15,0.0,67,+1:09.488,Finished,66,1:17.889,211.408
795,fisichella,force_india,20,16,16,0.0,67,+1:24.093,Finished,67,1:18.208,210.546
795,button,honda,14,17,17,0.0,66,,+1 Lap,56,1:17.636,212.097
795,barrichello,honda,18,18,R,0.0,50,,Collision,30,1:17.986,211.145
795,webber,red_bull,8,19,R,0.0,40,,Engine,20,1:17.206,213.278
795,glock,toyota,11,20,R,0.0,35,,Suspension,24,1:16.712,214.652
796,kovalainen,mclaren,2,1,1,10.0,70,1:37:27.067,Finished,19,1:21.753,192.917
796,glock,toyota,5,2,2,8.0,70,+11.061,Finished,42,1:21.671,193.111
796,raikkonen,ferrari,6,3,3,6.0,70,+16.856,Finished,61,1:21.195,194.243
796,alonso,renault,7,4,4,5.0,70,+21.614,Finished,47,1:21.793,192.823
796,hamilton,mclaren,1,5,5,4.0,70,+23.048,Finished,15,1:21.493,193.533
796,piquet_jr,renault,10,6,6,3.0,70,+32.298,Finished,64,1:21.537,193.428
796,trulli,toyota,9,7,7,2.0,70,+36.449,Finished,65,1:21.638,193.189
796,kubica,bmw_sauber,4,8,8,1.0,70,+48.321,Finished,70,1:21.941,192.475
796,webber,red_bull,8,9,9,0.0,70,+58.834,Finished,67,1:22.125,192.043
796,heidfeld,bmw_sauber,15,10,10,0.0,70,+1:07.709,Finished,67,1:22.183,191.908
796,coulthard,red_bull,13,11,11,0.0,70,+1:10.407,Finished,67,1:22.732,190.634
796,button,honda,12,12,12,0.0,69,,+1 Lap,63,1:22.397,191.409
796,nakajima,williams,16,13,13,0.0,69,,+1 Lap,67,1:23.307,189.319
796,rosberg,williams,14,14,14,0.0,69,,+1 Lap,57,1:22.397,191.409
796,fisichella,force_india,18,15,15,0.0,69,,+1 Lap,68,1:22.641,190.844
796,barrichello,honda,17,16,16,0.0,68,,+2 Laps,65,1:22.436,191.319
796,massa,ferrari,3,17,17,0.0,67,,Engine,16,1:21.355,193.861
796,bourdais,toro_rosso,19,18,18,0.0,67,,+3 Laps,29,1:23.220,189.516
796,sutil,force_india,20,19,R,0.0,62,,Brakes,29,1:23.650,188.542
796,vettel,toro_rosso,11,20,R,0.0,22,,Overheating,17,1:24.222,187.262
797,massa,ferrari,1,1,1,10.0,57,1:35:32.339,Finished,36,1:38.708,197.637
797,hamilton,mclaren,2,2,2,8.0,57,+5.611,Finished,16,1:38.884,197.285
797,kubica,bmw_sauber,3,3,3,6.0,57,+37.353,Finished,38,1:39.330,196.399
797,kovalainen,mclaren,5,4,4,5.0,57,+39.703,Finished,19,1:39.112,196.831
797,trulli,toyota,7,5,5,4.0,57,+50.684,Finished,37,1:39.657,195.755
797,vettel,toro_rosso,6,6,6,3.0,57,+52.625,Finished,36,1:39.485,196.093
797,glock,toyota,13,7,7,2.0,57,+1:07.990,Finished,54,1:39.535,195.995
797,rosberg,williams,9,8,8,1.0,57,+1:11.457,Finished,35,1:39.577,195.912
797,heidfeld,bmw_sauber,8,9,9,0.0,57,+1:22.177,Finished,57,1:39.526,196.013
797,bourdais,toro_rosso,10,10,10,0.0,57,+1:29.794,Finished,35,1:39.639,195.79
797,piquet_jr,renault,15,11,11,0.0,57,+1:32.717,Finished,29,1:39.544,195.977
797,webber,red_bull,14,12,12,0.0,56,,+1 Lap,27,1:40.264,194.57
797,button,honda,16,13,13,0.0,56,,+1 Lap,21,1:40.763,193.606
797,fisichella,force_india,18,14,14,0.0,56,,+1 Lap,54,1:40.353,194.397
797,nakajima,williams,11,15,15,0.0,56,,+1 Lap,56,1:39.803,195.469
797,barrichello,honda,19,16,16,0.0,56,,+1 Lap,56,1:40.593,193.933
797,coulthard,red_bull,17,17,17,0.0,56,,+1 Lap,13,1:40.978,193.194
797,raikkonen,ferrari,4,18,R,0.0,45,,Engine,34,1:39.424,196.214
797,sutil,force_india,20,19,R,0.0,41,,Accident,28,1:40.661,193.802
797,alonso,renault,12,20,R,0.0,0,,Collision,,,
799,vettel,toro_rosso,1,1,1,10.0,53,1:26:47.494,Finished,53,1:30.510,230.414
799,kovalainen,mclaren,2,2,2,8.0,53,+12.512,Finished,53,1:30.300,230.95
799,kubica,bmw_sauber,11,3,3,6.0,53,+20.471,Finished,52,1:30.298,230.955
799,alonso,renault,8,4,4,5.0,53,+23.903,Finished,51,1:29.961,231.82
799,heidfeld,bmw_sauber,10,5,5,4.0,53,+27.748,Finished,53,1:29.807,232.217
799,massa,ferrari,6,6,6,3.0,53,+28.816,Finished,52,1:29.696,232.505
799,hamilton,mclaren,15,7,7,2.0,53,+29.912,Finished,52,1:29.721,232.44
799,webber,red_bull,3,8,8,1.0,53,+32.048,Finished,52,1:29.681,232.544
799,raikkonen,ferrari,14,9,9,0.0,53,+39.468,Finished,53,1:28.047,236.859
799,piquet_jr,renault,17,10,10,0.0,53,+54.445,Finished,53,1:30.918,229.38
799,glock,toyota,9,11,11,0.0,53,+58.888,Finished,53,1:29.948,231.853
799,nakajima,williams,18,12,12,0.0,53,+1:02.015,Finished,53,1:30.215,231.167
799,trulli,toyota,7,13,13,0.0,53,+1:05.954,Finished,52,1:30.853,229.544
799,rosberg,williams,5,14,14,0.0,53,+1:08.635,Finished,53,1:30.019,231.671
799,button,honda,19,15,15,0.0,53,+1:13.370,Finished,52,1:29.827,232.166
799,coulthard,red_bull,13,16,16,0.0,52,,+1 Lap,49,1:32.459,225.557
799,barrichello,honda,16,17,17,0.0,52,,+1 Lap,42,1:33.918,222.053
799,bourdais,toro_rosso,4,18,18,0.0,52,,+1 Lap,52,1:29.258,233.646
799,sutil,force_india,20,19,19,0.0,51,,+2 Laps,51,1:33.458,223.146
799,fisichella,force_india,12,20,R,0.0,11,,Accident,6,1:37.304,214.326
803,massa,ferrari,1,1,1,10.0,71,1:34:11.435,Finished,36,1:13.736,210.377
803,alonso,renault,6,2,2,8.0,71,+13.298,Finished,39,1:14.229,208.98
803,raikkonen,ferrari,3,3,3,6.0,71,+16.235,Finished,59,1:14.117,209.296
803,vettel,toro_rosso,7,4,4,5.0,71,+38.011,Finished,25,1:14.214,209.022
803,hamilton,mclaren,4,5,5,4.0,71,+38.907,Finished,31,1:14.159,209.177
803,glock,toyota,10,6,6,3.0,71,+44.368,Finished,32,1:14.057,209.465
803,kovalainen,mclaren,5,7,7,2.0,71,+55.074,Finished,36,1:14.207,209.042
803,trulli,toyota,2,8,8,1.0,71,+1:08.433,Finished,40,1:14.167,209.155
803,webber,red_bull,12,9,9,0.0,71,+1:19.666,Finished,40,1:15.033,206.741
803,heidfeld,bmw_sauber,8,10,10,0.0,70,,+1 Lap,41,1:14.652,207.796
803,kubica,bmw_sauber,13,11,11,0.0,70,,+1 Lap,61,1:14.375,208.57
803,rosberg,williams,18,12,12,0.0,70,,+1 Lap,35,1:14.934,207.014
803,button,honda,17,13,13,0.0,70,,+1 Lap,59,1:14.759,207.498
803,bourdais,toro_rosso,9,14,14,0.0,70,,+1 Lap,57,1:14.951,206.967
803,barrichello,honda,15,15,15,0.0,70,,+1 Lap,35,1:15.414,205.696
803,sutil,force_india,20,16,16,0.0,69,,+2 Laps,60,1:15.773,204.721
803,nakajima,williams,16,17,17,0.0,69,,+2 Laps,50,1:15.865,204.473
803,fisichella,force_india,19,18,18,0.0,69,,+2 Laps,36,1:15.212,206.249
803,piquet_jr,renault,11,19,R,0.0,0,,Accident,,,
803,coulthard,red_bull,14,20,R,0.0,0,,Collision,,,
806,vettel,red_bull,1,1,1,10.0,56,1:57:43.485,Finished,42,1:52.627,174.235
806,webber,red_bull,3,2,2,8.0,56,+10.970,Finished,42,1:52.980,173.69
806,button,brawn,5,3,3,6.0,56,+44.975,Finished,44,1:53.546,172.825
806,barrichello,brawn,4,4,4,5.0,56,+1:03.704,Finished,42,1:52.592,174.289
806,kovalainen,mclaren,12,5,5,4.0,56,+1:05.102,Finished,41,1:54.516,171.361
806,hamilton,mclaren,9,6,6,3.0,56,+1:11.866,Finished,39,1:54.665,171.138
806,glock,toyota,19,7,7,2.0,56,+1:14.476,Finished,42,1:52.703,174.117
806,buemi,toro_rosso,10,8,8,1.0,56,+1:16.439,Finished,42,1:54.590,171.25
806,alonso,renault,2,9,9,0.0,56,+1:24.309,Finished,38,1:54.481,171.413
806,raikkonen,ferrari,8,10,10,0.0,56,+1:31.750,Finished,38,1:55.396,170.054
806,bourdais,toro_rosso,15,11,11,0.0,56,+1:34.156,Finished,43,1:53.474,172.934
806,heidfeld,bmw_sauber,11,12,12,0.0,56,+1:35.834,Finished,40,1:54.158,171.898
806,kubica,bmw_sauber,17,13,13,0.0,56,+1:46.853,Finished,44,1:55.350,170.122
806,fisichella,force_india,20,14,14,0.0,55,,+1 Lap,37,1:56.239,168.821
806,rosberg,williams,7,15,15,0.0,55,,+1 Lap,55,1:54.243,171.77
806,piquet_jr,renault,16,16,16,0.0,54,,+2 Laps,42,1:55.535,169.849
806,sutil,force_india,18,17,17,0.0,50,,Spun off,41,1:54.777,170.971
806,nakajima,williams,14,18,R,0.0,43,,Retired,38,1:56.167,168.925
806,massa,ferrari,13,19,R,0.0,20,,Electronics,16,1:56.484,168.466
806,trulli,toyota,6,20,R,0.0,18,,Collision,14,2:00.330,163.081
807,button,brawn,4,1,1,10.0,57,1:31:48.182,Finished,11,1:34.588,205.979
807,vettel,red_bull,3,2,2,8.0,57,+7.187,Finished,16,1:34.756,205.614
807,trulli,toyota,1,3,3,6.0,57,+9.170,Finished,10,1:34.556,206.049
807,hamilton,mclaren,5,4,4,5.0,57,+22.096,Finished,13,1:34.915,205.269
807,barrichello,brawn,6,5,5,4.0,57,+37.779,Finished,25,1:34.901,205.3
807,raikkonen,ferrari,10,6,6,3.0,57,+42.057,Finished,42,1:35.498,204.016
807,glock,toyota,2,7,7,2.0,57,+42.880,Finished,6,1:34.574,206.01
807,alonso,renault,7,8,8,1.0,57,+52.775,Finished,29,1:35.722,203.539
807,rosberg,williams,9,9,9,0.0,57,+58.198,Finished,37,1:35.816,203.339
807,piquet_jr,renault,15,10,10,0.0,57,+1:05.149,Finished,37,1:35.441,204.138
807,webber,red_bull,18,11,11,0.0,57,+1:07.641,Finished,50,1:35.165,204.73
807,kovalainen,mclaren,11,12,12,0.0,57,+1:17.824,Finished,54,1:35.520,203.969
807,bourdais,toro_rosso,20,13,13,0.0,57,+1:18.805,Finished,30,1:35.410,204.205
807,massa,ferrari,8,14,14,0.0,56,,+1 Lap,41,1:35.065,204.946
807,fisichella,force_india,17,15,15,0.0,56,,+1 Lap,9,1:36.376,202.158
807,sutil,force_india,19,16,16,0.0,56,,+1 Lap,28,1:36.219,202.488
807,buemi,toro_rosso,16,17,17,0.0,56,,+1 Lap,38,1:36.473,201.954
807,kubica,bmw_sauber,13,18,18,0.0,56,,+1 Lap,50,1:35.706,203.573
807,heidfeld,bmw_sauber,14,19,19,0.0,56,,+1 Lap,52,1:35.924,203.11
807,nakajima,williams,12,20,R,0.0,48,,Oil pressure,39,1:36.153,202.627
810,button,brawn,2,1,1,10.0,58,1:26:24.848,Finished,40,1:27.579,219.422
810,webber,red_bull,4,2,2,8.0,58,+6.714,Finished,42,1:27.809,218.847
810,vettel,red_bull,1,3,3,6.0,58,+7.461,Finished,51,1:27.622,219.314
810,trulli,toyota,5,4,4,5.0,58,+27.843,Finished,40,1:27.868,218.7
810,rosberg,williams,9,5,5,4.0,58,+31.539,Finished,36,1:28.222,217.823
810,massa,ferrari,7,6,6,3.0,58,+39.996,Finished,41,1:28.176,217.936
810,kubica,bmw_sauber,10,7,7,2.0,58,+46.247,Finished,58,1:28.008,218.352
810,glock,toyota,13,8,8,1.0,58,+46.959,Finished,56,1:27.883,218.663
810,raikkonen,ferrari,6,9,9,0.0,58,+50.246,Finished,58,1:28.061,218.221
810,alonso,renault,8,10,10,0.0,58,+1:02.420,Finished,57,1:28.389,217.411
810,heidfeld,bmw_sauber,11,11,11,0.0,58,+1:04.327,Finished,43,1:28.214,217.842
810,nakajima,williams,12,12,12,0.0,58,+1:06.376,Finished,58,1:27.988,218.402
810,hamilton,mclaren,16,13,13,0.0,58,+1:20.454,Finished,53,1:28.562,216.986
810,kovalainen,mclaren,14,14,14,0.0,57,,+1 Lap,41,1:29.174,215.497
810,buemi,toro_rosso,18,15,15,0.0,57,,+1 Lap,57,1:28.624,216.835
810,piquet_jr,renault,17,16,16,0.0,57,,+1 Lap,45,1:28.340,217.532
810,sutil,force_india,15,17,17,0.0,57,,+1 Lap,55,1:29.192,215.454
810,bourdais,toro_rosso,20,18,18,0.0,57,,+1 Lap,53,1:29.022,215.865
810,barrichello,brawn,3,19,R,0.0,47,,Gearbox,37,1:28.526,217.075
810,fisichella,force_india,19,20,R,0.0,4,,Brakes,3,1:34.070,204.281
811,vettel,red_bull,1,1,1,10.0,60,1:22:49.328,Finished,16,1:20.735,229.238
811,webber,red_bull,3,2,2,8.0,60,+15.188,Finished,57,1:20.915,228.728
811,barrichello,brawn,2,3,3,6.0,60,+41.175,Finished,18,1:21.429,227.285
811,massa,ferrari,11,4,4,5.0,60,+45.043,Finished,22,1:21.509,227.062
811,rosberg,williams,7,5,5,4.0,60,+45.915,Finished,17,1:21.054,228.336
811,button,brawn,6,6,6,3.0,60,+46.285,Finished,54,1:21.189,227.956
811,trulli,toyota,4,7,7,2.0,60,+1:08.307,Finished,17,1:21.806,226.237
811,raikkonen,ferrari,9,8,8,1.0,60,+1:09.622,Finished,14,1:21.656,226.653
811,glock,toyota,8,9,9,0.0,60,+1:09.823,Finished,51,1:21.671,226.611
811,fisichella,force_india,16,10,10,0.0,60,+1:11.522,Finished,20,1:21.810,226.226
811,nakajima,williams,5,11,11,0.0,60,+1:14.023,Finished,14,1:21.845,226.129
811,piquet_jr,renault,14,12,12,0.0,59,,+1 Lap,25,1:22.505,224.32
811,kubica,bmw_sauber,12,13,13,0.0,59,,+1 Lap,41,1:22.182,225.202
811,alonso,renault,10,14,14,0.0,59,,+1 Lap,36,1:21.852,226.11
811,heidfeld,bmw_sauber,15,15,15,0.0,59,,+1 Lap,59,1:21.956,225.823
811,hamilton,mclaren,18,16,16,0.0,59,,+1 Lap,24,1:22.576,224.128
811,sutil,force_india,20,17,17,0.0,59,,+1 Lap,50,1:23.475,221.714
811,buemi,toro_rosso,19,18,18,0.0,59,,+1 Lap,24,1:22.711,223.762
811,bourdais,toro_rosso,17,19,R,0.0,37,,Collision,26,1:22.466,224.427
811,kovalainen,mclaren,13,20,R,0.0,36,,Collision,32,1:22.418,224.557
814,barrichello,brawn,3,1,1,10.0,57,1:35:51.289,Finished,39,1:38.990,197.074
814,hamilton,mclaren,1,2,2,8.0,57,+2.358,Finished,57,1:39.056,196.943
814,raikkonen,ferrari,6,3,3,6.0,57,+15.994,Finished,39,1:39.207,196.643
814,kovalainen,mclaren,2,4,4,5.0,57,+20.032,Finished,56,1:39.341,196.378
814,rosberg,williams,7,5,5,4.0,57,+20.870,Finished,52,1:39.329,196.401
814,alonso,renault,8,6,6,3.0,57,+27.744,Finished,46,1:39.494,196.076
814,button,brawn,5,7,7,2.0,57,+34.913,Finished,46,1:38.874,197.305
814,kubica,bmw_sauber,10,8,8,1.0,57,+36.667,Finished,55,1:39.374,196.312
814,webber,red_bull,9,9,9,0.0,57,+44.910,Finished,50,1:39.528,196.009
814,sutil,force_india,12,10,10,0.0,57,+47.935,Finished,36,1:39.622,195.824
814,heidfeld,bmw_sauber,11,11,11,0.0,57,+48.822,Finished,53,1:39.704,195.663
814,fisichella,force_india,16,12,12,0.0,57,+1:03.614,Finished,53,1:40.111,194.867
814,trulli,toyota,18,13,13,0.0,57,+1:04.527,Finished,52,1:39.941,195.199
814,glock,toyota,13,14,14,0.0,57,+1:26.519,Finished,55,1:38.683,197.687
814,grosjean,renault,14,15,15,0.0,57,+1:31.774,Finished,41,1:39.428,196.206
814,alguersuari,toro_rosso,19,16,16,0.0,56,,+1 Lap,29,1:40.935,193.276
814,badoer,ferrari,20,17,17,0.0,56,,+1 Lap,52,1:40.590,193.939
814,nakajima,williams,17,18,18,0.0,54,,+3 Laps,53,1:39.747,195.578
814,buemi,toro_rosso,15,19,R,0.0,41,,Brakes,37,1:41.042,193.072
814,vettel,red_bull,4,20,R,0.0,23,,Engine,13,1:39.992,195.099
818,vettel,red_bull,1,1,1,10.0,53,1:28:20.443,Finished,43,1:32.572,225.826
818,trulli,toyota,2,2,2,8.0,53,+4.877,Finished,38,1:33.152,224.42
818,hamilton,mclaren,3,3,3,6.0,53,+6.472,Finished,13,1:33.259,224.162
818,raikkonen,ferrari,5,4,4,5.0,53,+7.940,Finished,33,1:32.999,224.789
818,rosberg,williams,7,5,5,4.0,53,+8.793,Finished,43,1:33.595,223.358
818,heidfeld,bmw_sauber,4,6,6,3.0,53,+9.509,Finished,13,1:33.600,223.346
818,barrichello,brawn,6,7,7,2.0,53,+10.641,Finished,17,1:33.910,222.608
818,button,brawn,10,8,8,1.0,53,+11.474,Finished,42,1:33.251,224.182
818,kubica,bmw_sauber,9,9,9,0.0,53,+11.777,Finished,44,1:33.334,223.982
818,alonso,renault,16,10,10,0.0,53,+13.065,Finished,28,1:33.946,222.523
818,kovalainen,mclaren,11,11,11,0.0,53,+13.735,Finished,35,1:33.801,222.867
818,fisichella,ferrari,14,12,12,0.0,53,+14.596,Finished,33,1:33.479,223.635
818,sutil,force_india,8,13,13,0.0,53,+14.959,Finished,36,1:33.668,223.184
818,liuzzi,force_india,18,14,14,0.0,53,+15.734,Finished,36,1:34.294,221.702
818,nakajima,williams,15,15,15,0.0,53,+17.973,Finished,26,1:34.783,220.558
818,grosjean,renault,17,16,16,0.0,52,,+1 Lap,39,1:34.643,220.884
818,webber,red_bull,19,17,17,0.0,51,,+2 Laps,50,1:32.569,225.833
818,alguersuari,toro_rosso,12,18,R,0.0,43,,Accident,34,1:34.049,222.279
818,buemi,toro_rosso,13,19,R,0.0,11,,Clutch,5,1:35.392,219.15
818,glock,toyota,20,20,W,0.0,0,,Injured,,,
822,button,mclaren,4,1,1,25.0,58,1:33:36.531,Finished,52,1:29.291,213.804
822,kubica,renault,9,2,2,18.0,58,+12.034,Finished,52,1:29.570,213.138
822,massa,ferrari,5,3,3,15.0,58,+14.488,Finished,52,1:29.537,213.216
822,alonso,ferrari,3,4,4,12.0,58,+16.304,Finished,47,1:29.707,212.812
822,rosberg,mercedes,6,5,5,10.0,58,+16.683,Finished,53,1:28.489,215.742
822,hamilton,mclaren,11,6,6,8.0,58,+29.898,Finished,47,1:28.506,215.7
822,liuzzi,force_india,13,7,7,6.0,58,+59.847,Finished,55,1:29.685,212.865
822,barrichello,williams,8,8,8,4.0,58,+1:00.536,Finished,58,1:29.210,213.998
822,webber,red_bull,2,9,9,2.0,58,+1:07.319,Finished,47,1:28.358,216.061
822,michael_schumacher,mercedes,7,10,10,1.0,58,+1:09.391,Finished,58,1:29.185,214.058
822,alguersuari,toro_rosso,17,11,11,0.0,58,+1:11.301,Finished,49,1:29.713,212.798
822,rosa,sauber,14,12,12,0.0,58,+1:14.084,Finished,54,1:30.587,210.745
822,kovalainen,lotus_racing,19,13,13,0.0,56,,+2 Laps,52,1:33.638,203.878
822,chandhok,hrt,22,14,14,0.0,53,,+5 Laps,48,1:35.045,200.86
822,glock,virgin,23,15,R,0.0,41,,Suspension,37,1:34.230,202.597
822,grassi,virgin,24,16,R,0.0,26,,Hydraulics,17,1:36.607,197.613
822,vettel,red_bull,1,17,R,0.0,25,,Wheel,22,1:31.556,208.515
822,sutil,force_india,10,18,R,0.0,9,,Engine,6,1:43.223,184.947
822,petrov,renault,18,19,R,0.0,9,,Spun off,6,1:43.132,185.11
822,bruno_senna,hrt,21,20,R,0.0,4,,Hydraulics,4,2:27.276,129.626
822,buemi,toro_rosso,12,21,R,0.0,0,,Collision,,,
822,hulkenberg,williams,15,22,R,0.0,0,,Collision,,,
822,kobayashi,sauber,16,23,R,0.0,0,,Collision,,,
822,trulli,lotus_racing,20,24,W,0.0,0,,Hydraulics,,,
825,webber,red_bull,1,1,1,25.0,66,1:35:44.101,Finished,62,1:24.828,197.552
825,alonso,ferrari,4,2,2,18.0,66,+24.065,Finished,57,1:24.846,197.51
825,vettel,red_bull,2,3,3,15.0,66,+51.338,Finished,56,1:25.176,196.745
825,michael_schumacher,mercedes,6,4,4,12.0,66,+1:02.195,Finished,64,1:25.529,195.933
825,button,mclaren,5,5,5,10.0,66,+1:03.728,Finished,64,1:25.166,196.768
825,massa,ferrari,9,6,6,8.0,66,+1:05.767,Finished,64,1:25.497,196.006
825,sutil,force_india,11,7,7,6.0,66,+1:12.941,Finished,65,1:25.845,195.212
825,kubica,renault,7,8,8,4.0,66,+1:13.677,Finished,66,1:25.466,196.077
825,barrichello,williams,17,9,9,2.0,65,,+1 Lap,59,1:25.728,195.478
825,alguersuari,toro_rosso,15,10,10,1.0,65,,+1 Lap,63,1:25.655,195.645
825,petrov,renault,19,11,11,0.0,65,,+1 Lap,63,1:25.470,196.068
825,kobayashi,sauber,10,12,12,0.0,65,,+1 Lap,62,1:26.083,194.672
825,rosberg,mercedes,8,13,13,0.0,65,,+1 Lap,50,1:25.455,196.103
825,hamilton,mclaren,3,14,14,0.0,64,,Puncture,59,1:24.357,198.655
825,liuzzi,force_india,16,15,15,0.0,64,,Engine,63,1:25.924,195.032
825,hulkenberg,williams,13,16,16,0.0,64,,+2 Laps,63,1:26.863,192.924
825,trulli,lotus_racing,18,17,17,0.0,63,,+3 Laps,56,1:29.564,187.106
825,glock,virgin,22,18,18,0.0,63,,+3 Laps,60,1:29.776,186.664
825,grassi,virgin,23,19,19,0.0,62,,+4 Laps,47,1:29.904,186.398
825,buemi,toro_rosso,14,20,R,0.0,42,,Hydraulics,41,1:26.724,193.233
825,chandhok,hrt,24,21,R,0.0,27,,Suspension,26,1:32.041,182.071
825,rosa,sauber,12,22,R,0.0,18,,Collision,9,1:30.411,185.353
825,bruno_senna,hrt,21,23,R,0.0,0,,Accident,,,
825,kovalainen,lotus_racing,20,24,W,0.0,0,,Gearbox,,,
828,hamilton,mclaren,1,1,1,25.0,70,1:33:53.456,Finished,62,1:17.806,201.778
828,button,mclaren,4,2,2,18.0,70,+2.254,Finished,66,1:18.144,200.906
828,alonso,ferrari,3,3,3,15.0,70,+9.214,Finished,44,1:18.207,200.744
828,vettel,red_bull,2,4,4,12.0,70,+37.817,Finished,62,1:18.417,200.206
828,webber,red_bull,7,5,5,10.0,70,+39.291,Finished,62,1:18.148,200.895
828,rosberg,mercedes,10,6,6,8.0,70,+56.084,Finished,68,1:17.832,201.711
828,kubica,renault,8,7,7,6.0,70,+57.300,Finished,67,1:16.972,203.965
828,buemi,toro_rosso,15,8,8,4.0,69,,+1 Lap,39,1:19.784,196.776
828,liuzzi,force_india,5,9,9,2.0,69,,+1 Lap,66,1:19.349,197.855
828,sutil,force_india,9,10,10,1.0,69,,+1 Lap,68,1:19.530,197.404
828,michael_schumacher,mercedes,13,11,11,0.0,69,,+1 Lap,44,1:19.577,197.288
828,alguersuari,toro_rosso,16,12,12,0.0,69,,+1 Lap,69,1:19.842,196.633
828,hulkenberg,williams,12,13,13,0.0,69,,+1 Lap,64,1:18.912,198.95
828,barrichello,williams,11,14,14,0.0,69,,+1 Lap,65,1:19.175,198.289
828,massa,ferrari,6,15,15,0.0,69,,+1 Lap,45,1:18.325,200.441
828,kovalainen,lotus_racing,19,16,16,0.0,68,,+2 Laps,65,1:20.654,194.653
828,petrov,renault,14,17,17,0.0,68,,+2 Laps,58,1:19.453,197.596
828,chandhok,hrt,24,18,18,0.0,66,,+4 Laps,47,1:21.884,191.729
828,grassi,virgin,23,19,19,0.0,65,,+5 Laps,49,1:21.937,191.605
828,glock,virgin,21,20,R,0.0,55,,Mechanical,43,1:21.669,192.234
828,trulli,lotus_racing,20,21,R,0.0,47,,Brakes,38,1:20.791,194.323
828,rosa,sauber,17,22,R,0.0,31,,Engine,21,1:20.574,194.846
828,bruno_senna,hrt,22,23,R,0.0,14,,Hydraulics,5,1:24.524,185.741
828,kobayashi,sauber,18,24,R,0.0,1,,Accident,,,
830,webber,red_bull,2,1,1,25.0,52,1:24:38.200,Finished,45,1:32.364,229.608
830,hamilton,mclaren,4,2,2,18.0,52,+1.360,Finished,43,1:32.758,228.633
830,rosberg,mercedes,5,3,3,15.0,52,+21.307,Finished,50,1:32.952,228.156
830,button,mclaren,14,4,4,12.0,52,+21.986,Finished,52,1:33.003,228.031
830,barrichello,williams,8,5,5,10.0,52,+31.456,Finished,50,1:33.615,226.54
830,kobayashi,sauber,12,6,6,8.0,52,+32.171,Finished,52,1:33.558,226.678
830,vettel,red_bull,1,7,7,6.0,52,+36.734,Finished,52,1:31.967,230.6
830,sutil,force_india,11,8,8,4.0,52,+40.932,Finished,42,1:34.337,224.806
830,michael_schumacher,mercedes,10,9,9,2.0,52,+41.599,Finished,47,1:34.171,225.203
830,hulkenberg,williams,13,10,10,1.0,52,+42.012,Finished,48,1:33.989,225.639
830,liuzzi,force_india,20,11,11,0.0,52,+42.459,Finished,51,1:34.018,225.569
830,buemi,toro_rosso,16,12,12,0.0,52,+47.627,Finished,52,1:32.980,228.087
830,petrov,renault,15,13,13,0.0,52,+59.374,Finished,52,1:32.484,229.311
830,alonso,ferrari,3,14,14,0.0,52,+1:02.385,Finished,52,1:30.874,233.373
830,massa,ferrari,7,15,15,0.0,52,+1:07.489,Finished,52,1:31.646,231.407
830,trulli,lotus_racing,21,16,16,0.0,51,,+1 Lap,44,1:36.519,219.724
830,kovalainen,lotus_racing,18,17,17,0.0,51,,+1 Lap,48,1:36.251,220.336
830,glock,virgin,19,18,18,0.0,50,,+2 Laps,49,1:36.415,219.961
830,chandhok,hrt,23,19,19,0.0,50,,+2 Laps,40,1:38.798,214.656
830,yamamoto,hrt,24,20,20,0.0,50,,+2 Laps,50,1:38.309,215.723
830,alguersuari,toro_rosso,17,21,R,0.0,44,,Brakes,43,1:33.748,226.219
830,rosa,sauber,9,22,R,0.0,29,,Collision,23,1:35.883,221.182
830,kubica,renault,6,23,R,0.0,19,,Driveshaft,12,1:36.846,218.982
830,grassi,virgin,22,24,R,0.0,9,,Hydraulics,7,1:40.641,210.725
831,alonso,ferrari,2,1,1,25.0,67,1:27:38.864,Finished,66,1:15.880,217.005
831,massa,ferrari,3,2,2,18.0,67,+4.196,Finished,66,1:16.097,216.386
831,vettel,red_bull,1,3,3,15.0,67,+5.121,Finished,67,1:15.824,217.166
831,hamilton,mclaren,6,4,4,12.0,67,+26.896,Finished,65,1:16.503,215.238
831,button,mclaren,5,5,5,10.0,67,+29.482,Finished,65,1:16.451,215.385
831,webber,red_bull,4,6,6,8.0,67,+43.606,Finished,57,1:16.678,214.747
831,kubica,renault,7,7,7,6.0,66,,+1 Lap,62,1:17.166,213.389
831,rosberg,mercedes,9,8,8,4.0,66,,+1 Lap,66,1:16.609,214.94
831,michael_schumacher,mercedes,11,9,9,2.0,66,,+1 Lap,66,1:17.088,213.605
831,petrov,renault,13,10,10,1.0,66,,+1 Lap,62,1:17.198,213.3
831,kobayashi,sauber,12,11,11,0.0,66,,+1 Lap,63,1:17.100,213.571
831,barrichello,williams,8,12,12,0.0,66,,+1 Lap,63,1:17.029,213.768
831,hulkenberg,williams,10,13,13,0.0,66,,+1 Lap,61,1:16.836,214.305
831,rosa,sauber,14,14,14,0.0,66,,+1 Lap,61,1:16.527,215.171
831,alguersuari,toro_rosso,15,15,15,0.0,66,,+1 Lap,66,1:16.971,213.929
831,liuzzi,force_india,21,16,16,0.0,65,,+2 Laps,64,1:16.596,214.977
831,sutil,force_india,19,17,17,0.0,65,,+2 Laps,65,1:16.687,214.722
831,glock,virgin,23,18,18,0.0,64,,+3 Laps,62,1:18.211,210.538
831,bruno_senna,hrt,20,19,19,0.0,63,,+4 Laps,57,1:20.861,203.638
831,kovalainen,lotus_racing,18,20,R,0.0,56,,Collision,51,1:20.664,204.135
831,grassi,virgin,24,21,R,0.0,50,,Gearbox,49,1:20.703,204.037
831,yamamoto,hrt,22,22,R,0.0,19,,Engine,16,1:23.541,197.105
831,trulli,lotus_racing,17,23,R,0.0,3,,Gearbox,2,2:14.452,122.47
831,buemi,toro_rosso,16,24,R,0.0,1,,Collision,,,
832,webber,red_bull,2,1,1,25.0,70,1:41:05.571,Finished,46,1:22.651,190.821
832,alonso,ferrari,3,2,2,18.0,70,+17.821,Finished,67,1:23.195,189.573
832,vettel,red_bull,1,3,3,15.0,70,+19.252,Finished,70,1:22.362,191.491
832,massa,ferrari,4,4,4,12.0,70,+27.474,Finished,69,1:23.329,189.269
832,petrov,renault,7,5,5,10.0,70,+1:13.192,Finished,61,1:23.799,188.207
832,hulkenberg,williams,10,6,6,8.0,70,+1:16.723,Finished,66,1:24.204,187.302
832,rosa,sauber,9,7,7,6.0,69,,+1 Lap,65,1:24.342,186.995
832,button,mclaren,11,8,8,4.0,69,,+1 Lap,61,1:24.205,187.3
832,kobayashi,sauber,23,9,9,2.0,69,,+1 Lap,68,1:24.282,187.128
832,barrichello,williams,12,10,10,1.0,69,,+1 Lap,68,1:22.811,190.452
832,michael_schumacher,mercedes,14,11,11,0.0,69,,+1 Lap,64,1:25.372,184.739
832,buemi,toro_rosso,15,12,12,0.0,69,,+1 Lap,58,1:25.449,184.573
832,liuzzi,force_india,16,13,13,0.0,69,,+1 Lap,58,1:25.358,184.77
832,kovalainen,lotus_racing,19,14,14,0.0,67,,+3 Laps,64,1:27.457,180.335
832,trulli,lotus_racing,20,15,15,0.0,67,,+3 Laps,58,1:27.429,180.393
832,glock,virgin,18,16,16,0.0,67,,+3 Laps,59,1:27.674,179.889
832,bruno_senna,hrt,22,17,17,0.0,67,,+3 Laps,61,1:28.093,179.033
832,grassi,virgin,21,18,18,0.0,66,,+4 Laps,62,1:27.287,180.686
832,yamamoto,hrt,24,19,19,0.0,66,,+4 Laps,59,1:29.278,176.657
832,hamilton,mclaren,5,20,R,0.0,23,,Gearbox,22,1:26.258,182.842
832,kubica,renault,8,21,R,0.0,23,,Retired,21,1:26.825,181.648
832,rosberg,mercedes,6,22,R,0.0,15,,Wheel,13,1:27.954,179.316
832,sutil,force_india,13,23,R,0.0,15,,Collision,12,1:28.177,178.862
832,alguersuari,toro_rosso,17,24,R,0.0,1,,Engine,,,
833,hamilton,mclaren,2,1,1,25.0,44,1:29:04.268,Finished,32,1:49.069,231.178
833,webber,red_bull,1,2,2,18.0,44,+1.571,Finished,32,1:49.395,230.489
833,kubica,renault,3,3,3,15.0,44,+3.493,Finished,29,1:49.807,229.624
833,massa,ferrari,6,4,4,12.0,44,+8.264,Finished,26,1:50.111,228.99
833,sutil,force_india,8,5,5,10.0,44,+9.094,Finished,25,1:50.477,228.232
833,rosberg,mercedes,14,6,6,8.0,44,+12.359,Finished,31,1:51.688,225.757
833,michael_schumacher,mercedes,21,7,7,6.0,44,+15.548,Finished,32,1:51.914,225.301
833,kobayashi,sauber,17,8,8,4.0,44,+16.678,Finished,29,1:51.749,225.634
833,petrov,renault,23,9,9,2.0,44,+23.851,Finished,32,1:51.175,226.799
833,liuzzi,force_india,12,10,10,1.0,44,+34.831,Finished,31,1:52.267,224.593
833,rosa,sauber,24,11,11,0.0,44,+36.019,Finished,31,1:52.537,224.054
833,buemi,toro_rosso,16,12,12,0.0,44,+39.895,Finished,30,1:52.966,223.203
833,alguersuari,toro_rosso,11,13,13,0.0,44,+49.457,Finished,31,1:51.576,225.984
833,hulkenberg,williams,9,14,14,0.0,43,,+1 Lap,28,1:51.864,225.402
833,vettel,red_bull,4,15,15,0.0,43,,+1 Lap,22,1:50.868,227.427
833,kovalainen,lotus_racing,13,16,16,0.0,43,,+1 Lap,23,1:55.797,217.746
833,grassi,virgin,22,17,17,0.0,43,,+1 Lap,25,1:55.705,217.919
833,glock,virgin,20,18,18,0.0,43,,+1 Lap,31,1:55.268,218.745
833,trulli,lotus_racing,15,19,19,0.0,43,,+1 Lap,24,1:55.103,219.059
833,yamamoto,hrt,19,20,20,0.0,42,,+2 Laps,31,1:55.484,218.336
833,alonso,ferrari,10,21,R,0.0,37,,Accident,29,1:51.374,226.393
833,button,mclaren,5,22,R,0.0,15,,Collision,6,1:52.879,223.375
833,bruno_senna,hrt,18,23,R,0.0,5,,Retired,5,2:20.201,179.844
833,barrichello,williams,7,24,R,0.0,0,,Collision,,,
834,alonso,ferrari,1,1,1,25.0,53,1:16:24.572,Finished,52,1:24.139,247.861
834,button,mclaren,2,2,2,18.0,53,+2.938,Finished,46,1:24.598,246.516
834,massa,ferrari,3,3,3,15.0,53,+4.223,Finished,51,1:24.575,246.583
834,vettel,red_bull,6,4,4,12.0,53,+28.196,Finished,50,1:24.493,246.822
834,rosberg,mercedes,7,5,5,10.0,53,+29.942,Finished,52,1:24.491,246.828
834,webber,red_bull,4,6,6,8.0,53,+31.276,Finished,52,1:24.278,247.452
834,hulkenberg,williams,8,7,7,6.0,53,+32.812,Finished,52,1:24.576,246.58
834,kubica,renault,9,8,8,4.0,53,+34.028,Finished,48,1:24.560,246.627
834,michael_schumacher,mercedes,12,9,9,2.0,53,+44.948,Finished,49,1:24.947,245.503
834,barrichello,williams,10,10,10,1.0,53,+1:04.213,Finished,48,1:25.239,244.662
834,buemi,toro_rosso,14,11,11,0.0,53,+1:05.056,Finished,51,1:25.224,244.705
834,liuzzi,force_india,19,12,12,0.0,53,+1:06.106,Finished,51,1:25.102,245.056
834,petrov,renault,20,13,13,0.0,53,+1:18.919,Finished,53,1:24.644,246.382
834,rosa,sauber,16,14,14,0.0,52,,+1 Lap,47,1:26.325,241.584
834,alguersuari,toro_rosso,15,15,15,0.0,52,,+1 Lap,51,1:25.472,243.995
834,sutil,force_india,11,16,16,0.0,52,,+1 Lap,51,1:24.937,245.532
834,glock,virgin,24,17,17,0.0,51,,+2 Laps,50,1:27.765,237.62
834,kovalainen,lotus_racing,18,18,18,0.0,51,,+2 Laps,50,1:27.822,237.466
834,yamamoto,hrt,23,19,19,0.0,51,,+2 Laps,45,1:28.875,234.653
834,grassi,virgin,21,20,20,0.0,50,,+3 Laps,46,1:28.171,236.526
834,trulli,lotus_racing,17,21,R,0.0,46,,Engine,30,1:29.017,234.278
834,bruno_senna,hrt,22,22,R,0.0,11,,Retired,10,1:30.880,229.476
834,hamilton,mclaren,5,23,R,0.0,0,,Collision,,,
834,kobayashi,sauber,13,24,R,0.0,0,,Gearbox,,,
837,alonso,ferrari,3,1,1,25.0,55,2:48:20.810,Finished,42,1:50.257,183.335
837,hamilton,mclaren,4,2,2,18.0,55,+14.999,Finished,42,1:50.430,183.048
837,massa,ferrari,6,3,3,15.0,55,+30.868,Finished,44,1:50.502,182.928
837,michael_schumacher,mercedes,9,4,4,12.0,55,+39.688,Finished,43,1:51.835,180.748
837,kubica,renault,8,5,5,10.0,55,+47.734,Finished,45,1:51.604,181.122
837,liuzzi,force_india,17,6,6,8.0,55,+53.571,Finished,45,1:51.371,181.501
837,barrichello,williams,10,7,7,6.0,55,+1:09.257,Finished,45,1:51.564,181.187
837,kobayashi,sauber,12,8,8,4.0,55,+1:17.889,Finished,42,1:53.086,178.748
837,heidfeld,sauber,13,9,9,2.0,55,+1:20.107,Finished,42,1:53.263,178.469
837,hulkenberg,williams,11,10,10,1.0,55,+1:20.851,Finished,43,1:51.982,180.511
837,alguersuari,toro_rosso,15,11,11,0.0,55,+1:24.146,Finished,43,1:51.962,180.543
837,button,mclaren,7,12,12,0.0,55,+1:29.939,Finished,42,1:52.193,180.171
837,kovalainen,lotus_racing,21,13,13,0.0,54,,+1 Lap,43,1:55.018,175.746
837,bruno_senna,hrt,24,14,14,0.0,53,,+2 Laps,30,1:59.290,169.452
837,yamamoto,hrt,23,15,15,0.0,53,,+2 Laps,36,1:58.313,170.851
837,sutil,force_india,14,16,R,0.0,46,,Collision,40,1:52.601,179.518
837,vettel,red_bull,1,17,R,0.0,45,,Engine,44,1:50.375,183.139
837,petrov,renault,20,18,R,0.0,39,,Accident,39,1:53.031,178.835
837,glock,virgin,19,19,R,0.0,31,,Collision,29,1:58.102,171.157
837,buemi,toro_rosso,16,20,R,0.0,30,,Collision,27,1:56.768,173.112
837,grassi,virgin,22,21,R,0.0,25,,Accident,25,2:02.635,164.83
837,trulli,lotus_racing,18,22,R,0.0,25,,Hydraulics,20,2:05.161,161.503
837,webber,red_bull,2,23,R,0.0,18,,Accident,18,2:00.025,168.414
837,rosberg,mercedes,5,24,R,0.0,18,,Collision,18,2:00.652,167.539
839,vettel,red_bull,1,1,1,25.0,55,1:39:36.837,Finished,50,1:41.739,196.526
839,hamilton,mclaren,2,2,2,18.0,55,+10.162,Finished,47,1:41.274,197.428
839,button,mclaren,4,3,3,15.0,55,+11.047,Finished,48,1:41.636,196.725
839,rosberg,mercedes,9,4,4,12.0,55,+30.747,Finished,52,1:41.711,196.58
839,kubica,renault,11,5,5,10.0,55,+39.026,Finished,51,1:41.753,196.499
839,petrov,renault,10,6,6,8.0,55,+43.520,Finished,52,1:42.311,195.427
839,alonso,ferrari,3,7,7,6.0,55,+43.797,Finished,52,1:42.227,195.588
839,webber,red_bull,5,8,8,4.0,55,+44.243,Finished,52,1:42.196,195.647
839,alguersuari,toro_rosso,17,9,9,2.0,55,+50.201,Finished,49,1:42.727,194.636
839,massa,ferrari,6,10,10,1.0,55,+50.868,Finished,52,1:42.725,194.64
839,heidfeld,sauber,14,11,11,0.0,55,+51.551,Finished,52,1:42.673,194.738
839,barrichello,williams,7,12,12,0.0,55,+57.686,Finished,50,1:42.669,194.746
839,sutil,force_india,13,13,13,0.0,55,+58.325,Finished,52,1:42.695,194.696
839,kobayashi,sauber,12,14,14,0.0,55,+59.558,Finished,53,1:42.733,194.624
839,buemi,toro_rosso,18,15,15,0.0,55,+1:03.178,Finished,50,1:42.573,194.928
839,hulkenberg,williams,15,16,16,0.0,55,+1:04.763,Finished,51,1:42.397,195.263
839,kovalainen,lotus_racing,20,17,17,0.0,54,,+1 Lap,52,1:45.378,189.739
839,grassi,virgin,22,18,18,0.0,53,,+2 Laps,50,1:46.126,188.402
839,bruno_senna,hrt,23,19,19,0.0,53,,+2 Laps,52,1:46.255,188.173
839,klien,hrt,24,20,20,0.0,53,,+2 Laps,44,1:46.646,187.483
839,trulli,lotus_racing,19,21,21,0.0,51,,Rear wing,42,1:45.979,188.663
839,glock,virgin,21,22,R,0.0,43,,Gearbox,39,1:46.837,187.148
839,michael_schumacher,mercedes,8,23,R,0.0,0,,Collision,,,
839,liuzzi,force_india,16,24,R,0.0,0,,Collision,,,
842,hamilton,mclaren,3,1,1,25.0,56,1:36:58.226,Finished,48,1:40.415,195.424
842,vettel,red_bull,1,2,2,18.0,56,+5.198,Finished,47,1:41.321,193.677
842,webber,red_bull,18,3,3,15.0,56,+7.555,Finished,42,1:38.993,198.232
842,button,mclaren,2,4,4,12.0,56,+10.000,Finished,39,1:40.623,195.021
842,rosberg,mercedes,4,5,5,10.0,56,+13.448,Finished,41,1:41.166,193.974
842,massa,ferrari,6,6,6,8.0,56,+15.840,Finished,39,1:41.678,192.997
842,alonso,ferrari,5,7,7,6.0,56,+30.622,Finished,41,1:42.070,192.256
842,michael_schumacher,mercedes,14,8,8,4.0,56,+31.026,Finished,46,1:41.215,193.88
842,petrov,renault,10,9,9,2.0,56,+57.404,Finished,50,1:41.261,193.792
842,kobayashi,sauber,13,10,10,1.0,56,+1:03.273,Finished,32,1:42.577,191.306
842,resta,force_india,8,11,11,0.0,56,+1:08.757,Finished,45,1:42.614,191.237
842,heidfeld,renault,16,12,12,0.0,56,+1:12.739,Finished,51,1:42.406,191.625
842,barrichello,williams,15,13,13,0.0,56,+1:30.189,Finished,45,1:42.031,192.329
842,buemi,toro_rosso,9,14,14,0.0,56,+1:30.671,Finished,45,1:41.696,192.963
842,sutil,force_india,11,15,15,0.0,55,,+1 Lap,54,1:41.157,193.991
842,kovalainen,lotus_racing,19,16,16,0.0,55,,+1 Lap,45,1:42.672,191.129
842,perez,sauber,12,17,17,0.0,55,,+1 Lap,39,1:41.643,193.063
842,maldonado,williams,17,18,18,0.0,55,,+1 Lap,46,1:41.702,192.951
842,trulli,lotus_racing,20,19,19,0.0,55,,+1 Lap,53,1:42.052,192.29
842,ambrosio,virgin,21,20,20,0.0,54,,+2 Laps,45,1:44.806,187.237
842,glock,virgin,22,21,21,0.0,54,,+2 Laps,54,1:44.381,187.999
842,liuzzi,hrt,23,22,22,0.0,54,,+2 Laps,52,1:43.384,189.812
842,karthikeyan,hrt,24,23,23,0.0,54,,+2 Laps,41,1:46.081,184.986
842,alguersuari,toro_rosso,7,24,R,0.0,9,,Wheel,5,1:45.700,185.653
844,vettel,red_bull,2,1,1,25.0,66,1:39:03.301,Finished,60,1:27.162,192.262
844,hamilton,mclaren,3,2,2,18.0,66,+0.630,Finished,52,1:26.727,193.227
844,button,mclaren,5,3,3,15.0,66,+35.697,Finished,63,1:27.518,191.48
844,webber,red_bull,1,4,4,12.0,66,+47.966,Finished,50,1:27.187,192.207
844,alonso,ferrari,4,5,5,10.0,65,,+1 Lap,22,1:28.737,188.85
844,michael_schumacher,mercedes,10,6,6,8.0,65,,+1 Lap,34,1:29.463,187.317
844,rosberg,mercedes,7,7,7,6.0,65,,+1 Lap,34,1:29.155,187.964
844,heidfeld,renault,24,8,8,4.0,65,,+1 Lap,61,1:26.958,192.713
844,perez,sauber,12,9,9,2.0,65,,+1 Lap,55,1:27.247,192.075
844,kobayashi,sauber,14,10,10,1.0,65,,+1 Lap,52,1:27.615,191.268
844,petrov,renault,6,11,11,0.0,65,,+1 Lap,35,1:29.592,187.047
844,resta,force_india,16,12,12,0.0,65,,+1 Lap,42,1:29.469,187.305
844,sutil,force_india,17,13,13,0.0,65,,+1 Lap,52,1:28.791,188.735
844,buemi,toro_rosso,11,14,14,0.0,65,,+1 Lap,27,1:30.049,186.098
844,maldonado,williams,9,15,15,0.0,65,,+1 Lap,64,1:29.391,187.468
844,alguersuari,toro_rosso,13,16,16,0.0,64,,+2 Laps,52,1:29.132,188.013
844,barrichello,williams,19,17,17,0.0,64,,+2 Laps,60,1:26.891,192.862
844,trulli,lotus_racing,18,18,18,0.0,64,,+2 Laps,34,1:30.783,184.594
844,glock,virgin,20,19,19,0.0,63,,+3 Laps,40,1:31.635,182.877
844,ambrosio,virgin,23,20,20,0.0,62,,+4 Laps,36,1:32.549,181.071
844,karthikeyan,hrt,22,21,21,0.0,61,,+5 Laps,33,1:32.848,180.488
844,massa,ferrari,8,22,R,0.0,58,,Gearbox,24,1:29.081,188.12
844,kovalainen,lotus_racing,15,23,R,0.0,48,,Accident,34,1:30.618,184.93
844,liuzzi,hrt,21,24,R,0.0,28,,Gearbox,22,1:33.884,178.496
845,vettel,red_bull,1,1,1,25.0,78,2:09:38.373,Finished,78,1:16.267,157.656
845,alonso,ferrari,4,2,2,18.0,78,+1.138,Finished,77,1:16.471,157.236
845,button,mclaren,2,3,3,15.0,78,+2.378,Finished,78,1:16.463,157.252
845,webber,red_bull,3,4,4,12.0,78,+23.101,Finished,78,1:16.234,157.724
845,kobayashi,sauber,12,5,5,10.0,78,+26.916,Finished,76,1:18.308,153.547
845,hamilton,mclaren,9,6,6,8.0,78,+27.210,Finished,54,1:17.847,154.456
845,sutil,force_india,14,7,7,6.0,77,,+1 Lap,77,1:18.872,152.449
845,heidfeld,renault,15,8,8,4.0,77,,+1 Lap,77,1:17.857,154.436
845,barrichello,williams,11,9,9,2.0,77,,+1 Lap,76,1:18.584,153.008
845,buemi,toro_rosso,16,10,10,1.0,77,,+1 Lap,77,1:18.832,152.526
845,rosberg,mercedes,7,11,11,0.0,76,,+2 Laps,56,1:18.699,152.784
845,resta,force_india,13,12,12,0.0,76,,+2 Laps,75,1:18.724,152.736
845,trulli,lotus_racing,18,13,13,0.0,76,,+2 Laps,66,1:21.277,147.938
845,kovalainen,lotus_racing,17,14,14,0.0,76,,+2 Laps,54,1:20.678,149.036
845,ambrosio,virgin,21,15,15,0.0,75,,+3 Laps,75,1:21.391,147.731
845,liuzzi,hrt,23,16,16,0.0,75,,+3 Laps,74,1:21.566,147.414
845,karthikeyan,hrt,22,17,17,0.0,74,,+4 Laps,74,1:22.731,145.338
845,maldonado,williams,8,18,18,0.0,73,,Accident,62,1:18.904,152.387
845,petrov,renault,10,19,R,0.0,67,,Collision,57,1:20.058,150.191
845,alguersuari,toro_rosso,19,20,R,0.0,66,,Collision,59,1:18.608,152.961
845,massa,ferrari,6,21,R,0.0,32,,Accident,16,1:20.202,149.921
845,michael_schumacher,mercedes,5,22,R,0.0,32,,Engine,30,1:19.801,150.674
845,glock,virgin,20,23,R,0.0,30,,Suspension,30,1:22.102,146.451
845,perez,sauber,0,24,W,0.0,0,,Injury,,,
848,alonso,ferrari,3,1,1,25.0,52,1:28:41.196,Finished,41,1:34.908,223.454
848,vettel,red_bull,2,2,2,18.0,52,+16.511,Finished,38,1:35.565,221.918
848,webber,red_bull,1,3,3,15.0,52,+16.947,Finished,49,1:35.665,221.686
848,hamilton,mclaren,10,4,4,12.0,52,+28.986,Finished,39,1:36.180,220.499
848,massa,ferrari,4,5,5,10.0,52,+29.010,Finished,49,1:35.474,222.129
848,rosberg,mercedes,9,6,6,8.0,52,+1:00.665,Finished,32,1:37.073,218.47
848,perez,sauber,12,7,7,6.0,52,+1:05.590,Finished,35,1:36.656,219.413
848,heidfeld,renault,16,8,8,4.0,52,+1:15.542,Finished,37,1:37.117,218.371
848,michael_schumacher,mercedes,13,9,9,2.0,52,+1:17.912,Finished,34,1:37.034,218.558
848,alguersuari,toro_rosso,18,10,10,1.0,52,+1:19.108,Finished,38,1:37.160,218.275
848,sutil,force_india,11,11,11,0.0,52,+1:19.712,Finished,42,1:36.744,219.213
848,petrov,renault,14,12,12,0.0,52,+1:20.681,Finished,40,1:36.308,220.206
848,barrichello,williams,15,13,13,0.0,51,,+1 Lap,38,1:36.733,219.238
848,maldonado,williams,7,14,14,0.0,51,,+1 Lap,41,1:37.036,218.553
848,resta,force_india,6,15,15,0.0,51,,+1 Lap,48,1:37.936,216.545
848,glock,virgin,20,16,16,0.0,50,,+2 Laps,49,1:39.811,212.477
848,ambrosio,virgin,22,17,17,0.0,50,,+2 Laps,30,1:40.560,210.894
848,liuzzi,hrt,23,18,18,0.0,50,,+2 Laps,40,1:40.524,210.97
848,ricciardo,hrt,24,19,19,0.0,49,,+3 Laps,30,1:40.910,210.163
848,button,mclaren,5,20,R,0.0,39,,Wheel nut,31,1:36.982,218.675
848,buemi,toro_rosso,19,21,R,0.0,25,,Accident,24,1:40.224,211.602
848,kobayashi,sauber,8,22,R,0.0,23,,Engine,23,1:40.703,210.595
848,trulli,lotus_racing,21,23,R,0.0,10,,Oil leak,9,1:55.491,183.629
848,kovalainen,lotus_racing,17,24,R,0.0,2,,Gearbox,2,2:10.404,162.629
852,vettel,red_bull,1,1,1,25.0,53,1:20:46.172,Finished,49,1:26.557,240.937
852,button,mclaren,3,2,2,18.0,53,+9.590,Finished,52,1:26.207,241.915
852,alonso,ferrari,4,3,3,15.0,53,+16.909,Finished,50,1:27.191,239.185
852,hamilton,mclaren,2,4,4,12.0,53,+17.417,Finished,52,1:26.187,241.971
852,michael_schumacher,mercedes,8,5,5,10.0,53,+32.677,Finished,46,1:27.402,238.607
852,massa,ferrari,6,6,6,8.0,53,+42.993,Finished,53,1:26.924,239.919
852,alguersuari,toro_rosso,18,7,7,6.0,52,,+1 Lap,49,1:28.357,236.028
852,resta,force_india,11,8,8,4.0,52,,+1 Lap,52,1:28.054,236.841
852,bruno_senna,renault,10,9,9,2.0,52,,+1 Lap,51,1:26.895,240.0
852,buemi,toro_rosso,16,10,10,1.0,52,,+1 Lap,51,1:28.202,236.443
852,maldonado,williams,14,11,11,0.0,52,,+1 Lap,51,1:28.934,234.497
852,barrichello,williams,13,12,12,0.0,52,,+1 Lap,49,1:28.377,235.975
852,kovalainen,lotus_racing,20,13,13,0.0,51,,+2 Laps,50,1:29.639,232.653
852,trulli,lotus_racing,19,14,14,0.0,51,,+2 Laps,50,1:29.825,232.171
852,glock,virgin,21,15,15,0.0,51,,+2 Laps,51,1:30.783,229.721
852,ricciardo,hrt,23,16,R,0.0,39,,+14 Laps,36,1:32.013,226.65
852,perez,sauber,15,17,R,0.0,32,,Gearbox,29,1:29.403,233.267
852,kobayashi,sauber,17,18,R,0.0,21,,Gearbox,21,1:30.000,231.72
852,sutil,force_india,12,19,R,0.0,9,,Hydraulics,8,1:31.455,228.033
852,webber,red_bull,5,20,R,0.0,4,,Accident,4,1:30.994,229.188
852,ambrosio,virgin,22,21,R,0.0,1,,Gearbox,,,
852,petrov,renault,7,22,R,0.0,0,,Collision,,,
852,rosberg,mercedes,9,23,R,0.0,0,,Collision,,,
852,liuzzi,hrt,24,24,R,0.0,0,,Collision,,,
856,vettel,red_bull,1,1,1,25.0,60,1:30:35.002,Finished,60,1:27.249,211.463
856,button,mclaren,4,2,2,18.0,60,+8.433,Finished,60,1:27.967,209.737
856,alonso,ferrari,3,3,3,15.0,60,+24.301,Finished,58,1:27.953,209.771
856,webber,red_bull,2,4,4,12.0,60,+25.529,Finished,59,1:27.520,210.808
856,michael_schumacher,mercedes,11,5,5,10.0,60,+1:05.421,Finished,48,1:28.549,208.359
856,rosberg,mercedes,7,6,6,8.0,60,+1:06.851,Finished,59,1:28.600,208.239
856,hamilton,mclaren,5,7,7,6.0,60,+1:24.183,Finished,58,1:28.721,207.955
856,alguersuari,toro_rosso,10,8,8,4.0,59,,+1 Lap,57,1:29.239,206.748
856,sutil,force_india,8,9,9,2.0,59,,+1 Lap,59,1:29.289,206.632
856,perez,sauber,20,10,10,1.0,59,,+1 Lap,58,1:29.345,206.502
856,petrov,renault,16,11,11,0.0,59,,+1 Lap,58,1:29.289,206.632
856,bruno_senna,renault,14,12,12,0.0,59,,+1 Lap,55,1:29.310,206.583
856,resta,force_india,12,13,13,0.0,59,,+1 Lap,59,1:28.679,208.053
856,kovalainen,lotus_racing,18,14,14,0.0,58,,+2 Laps,58,1:30.294,204.332
856,barrichello,williams,15,15,15,0.0,58,,+2 Laps,56,1:28.635,208.157
856,ambrosio,virgin,21,16,16,0.0,57,,+3 Laps,51,1:31.990,200.565
856,karthikeyan,hrt,24,17,17,0.0,57,,+3 Laps,44,1:31.988,200.569
856,ricciardo,hrt,23,18,18,0.0,57,,+3 Laps,49,1:31.674,201.256
856,trulli,lotus_racing,19,19,19,0.0,55,,+5 Laps,52,1:31.691,201.219
856,massa,ferrari,6,20,R,0.0,32,,Suspension,19,1:30.243,204.447
856,buemi,toro_rosso,9,21,R,0.0,24,,Engine,23,1:30.956,202.845
856,maldonado,williams,13,22,R,0.0,12,,Gearbox,12,1:33.573,197.172
856,glock,virgin,22,23,R,0.0,2,,Collision,2,2:09.008,143.014
856,kobayashi,sauber,17,24,R,0.0,0,,Collision,,,
857,hamilton,mclaren,2,1,1,25.0,55,1:37:11.886,Finished,51,1:43.461,193.255
857,alonso,ferrari,5,2,2,18.0,55,+8.457,Finished,41,1:43.914,192.412
857,button,mclaren,3,3,3,15.0,55,+25.881,Finished,51,1:43.154,193.83
857,webber,red_bull,4,4,4,12.0,55,+35.784,Finished,51,1:42.612,194.854
857,massa,ferrari,6,5,5,10.0,55,+50.578,Finished,51,1:44.288,191.722
857,rosberg,mercedes,7,6,6,8.0,55,+52.317,Finished,55,1:43.993,192.266
857,michael_schumacher,mercedes,8,7,7,6.0,55,+1:15.964,Finished,48,1:44.916,190.575
857,sutil,force_india,9,8,8,4.0,55,+1:17.122,Finished,53,1:44.709,190.952
857,resta,force_india,10,9,9,2.0,55,+1:41.087,Finished,49,1:44.120,192.032
857,kobayashi,sauber,16,10,10,1.0,54,,+1 Lap,47,1:43.521,193.143
857,perez,sauber,11,11,11,0.0,54,,+1 Lap,41,1:44.566,191.213
857,barrichello,williams,24,12,12,0.0,54,,+1 Lap,50,1:44.438,191.447
857,petrov,renault,12,13,13,0.0,54,,+1 Lap,52,1:43.673,192.86
857,maldonado,williams,23,14,14,0.0,54,,+1 Lap,52,1:44.628,191.099
857,alguersuari,toro_rosso,15,15,15,0.0,54,,+1 Lap,47,1:44.093,192.082
857,bruno_senna,renault,14,16,16,0.0,54,,+1 Lap,32,1:46.150,188.359
857,kovalainen,lotus_racing,17,17,17,0.0,54,,+1 Lap,50,1:46.610,187.547
857,trulli,lotus_racing,18,18,18,0.0,53,,+2 Laps,36,1:47.444,186.091
857,glock,virgin,19,19,19,0.0,53,,+2 Laps,42,1:48.085,184.987
857,liuzzi,hrt,22,20,20,0.0,53,,+2 Laps,52,1:49.242,183.028
857,ricciardo,hrt,20,21,R,0.0,48,,Mechanical,35,1:48.274,184.664
857,buemi,toro_rosso,13,22,R,0.0,19,,Hydraulics,17,1:47.094,186.699
857,ambrosio,virgin,21,23,R,0.0,18,,Brakes,16,1:51.196,179.812
857,vettel,red_bull,1,24,R,0.0,1,,Puncture,,,
858,webber,red_bull,2,1,1,25.0,71,1:32:17.464,Finished,71,1:15.324,205.942
858,vettel,red_bull,1,2,2,18.0,71,+16.983,Finished,68,1:16.076,203.906
858,button,mclaren,3,3,3,15.0,71,+27.638,Finished,63,1:15.580,205.244
858,alonso,ferrari,5,4,4,12.0,71,+35.048,Finished,65,1:16.181,203.625
858,massa,ferrari,7,5,5,10.0,71,+1:06.733,Finished,64,1:17.271,200.753
858,sutil,force_india,8,6,6,8.0,70,,+1 Lap,36,1:17.161,201.039
858,rosberg,mercedes,6,7,7,6.0,70,,+1 Lap,45,1:17.207,200.919
858,resta,force_india,11,8,8,4.0,70,,+1 Lap,64,1:17.452,200.284
858,kobayashi,sauber,16,9,9,2.0,70,,+1 Lap,55,1:17.644,199.788
858,petrov,renault,15,10,10,1.0,70,,+1 Lap,58,1:17.011,201.43
858,alguersuari,toro_rosso,13,11,11,0.0,70,,+1 Lap,55,1:17.162,201.036
858,buemi,toro_rosso,14,12,12,0.0,70,,+1 Lap,59,1:17.428,200.346
858,perez,sauber,17,13,13,0.0,70,,+1 Lap,63,1:17.780,199.439
858,barrichello,williams,12,14,14,0.0,70,,+1 Lap,70,1:16.684,202.289
858,michael_schumacher,mercedes,10,15,15,0.0,70,,+1 Lap,62,1:16.681,202.297
858,kovalainen,lotus_racing,19,16,16,0.0,69,,+2 Laps,69,1:18.023,198.818
858,bruno_senna,renault,9,17,17,0.0,69,,+2 Laps,62,1:18.274,198.18
858,trulli,lotus_racing,20,18,18,0.0,69,,+2 Laps,47,1:18.596,197.368
858,ambrosio,virgin,23,19,19,0.0,68,,+3 Laps,60,1:19.902,194.142
858,ricciardo,hrt,22,20,20,0.0,68,,+3 Laps,64,1:19.649,194.759
858,liuzzi,hrt,21,21,R,0.0,61,,Retired,60,1:20.648,192.346
858,hamilton,mclaren,4,22,R,0.0,46,,Gearbox,35,1:17.209,200.914
858,maldonado,williams,18,23,R,0.0,26,,Retired,26,1:19.706,194.62
858,glock,virgin,24,24,R,0.0,21,,Retired,14,1:21.773,189.7
859,button,mclaren,2,1,1,25.0,58,1:34:09.565,Finished,56,1:29.187,214.053
859,vettel,red_bull,6,2,2,18.0,58,+2.139,Finished,57,1:29.417,213.503
859,hamilton,mclaren,1,3,3,15.0,58,+4.075,Finished,57,1:29.538,213.214
859,webber,red_bull,5,4,4,12.0,58,+4.547,Finished,57,1:29.438,213.452
859,alonso,ferrari,12,5,5,10.0,58,+21.565,Finished,52,1:30.277,211.469
859,kobayashi,sauber,13,6,6,8.0,58,+36.766,Finished,55,1:30.620,210.668
859,raikkonen,lotus_f1,17,7,7,6.0,58,+38.014,Finished,50,1:30.759,210.346
859,perez,sauber,22,8,8,4.0,58,+39.458,Finished,46,1:30.843,210.151
859,ricciardo,toro_rosso,10,9,9,2.0,58,+39.556,Finished,53,1:30.592,210.733
859,resta,force_india,15,10,10,1.0,58,+39.737,Finished,57,1:30.605,210.703
859,vergne,toro_rosso,11,11,11,0.0,58,+39.848,Finished,52,1:30.274,211.476
859,rosberg,mercedes,7,12,12,0.0,58,+57.642,Finished,53,1:30.931,209.948
859,maldonado,williams,8,13,13,0.0,57,,Accident,53,1:30.254,211.523
859,glock,marussia,20,14,14,0.0,57,,+1 Lap,43,1:34.253,202.548
859,pic,marussia,21,15,15,0.0,53,,+5 Laps,45,1:35.011,200.932
859,bruno_senna,williams,14,16,16,0.0,52,,Collision,49,1:30.855,210.123
859,massa,ferrari,16,17,R,0.0,46,,Collision,46,1:31.940,207.644
859,kovalainen,caterham,18,18,R,0.0,38,,Suspension,26,1:33.693,203.759
859,petrov,caterham,19,19,R,0.0,34,,Steering,27,1:33.214,204.806
859,michael_schumacher,mercedes,4,20,R,0.0,10,,Gearbox,4,1:34.021,203.048
859,grosjean,lotus_f1,3,21,R,0.0,1,,Collision,,,
859,hulkenberg,force_india,9,22,R,0.0,0,,Collision,,,
861,rosberg,mercedes,1,1,1,25.0,56,1:36:26.929,Finished,40,1:40.967,194.356
861,button,mclaren,5,2,2,18.0,56,+20.626,Finished,56,1:40.422,195.411
861,hamilton,mclaren,7,3,3,15.0,56,+26.012,Finished,40,1:40.530,195.201
861,webber,red_bull,6,4,4,12.0,56,+27.924,Finished,52,1:40.490,195.279
861,vettel,red_bull,11,5,5,10.0,56,+30.483,Finished,33,1:40.601,195.063
861,grosjean,lotus_f1,10,6,6,8.0,56,+31.491,Finished,35,1:41.120,194.062
861,bruno_senna,williams,14,7,7,6.0,56,+34.597,Finished,37,1:41.293,193.731
861,maldonado,williams,13,8,8,4.0,56,+35.643,Finished,36,1:40.482,195.294
861,alonso,ferrari,9,9,9,2.0,56,+37.256,Finished,41,1:41.152,194.001
861,kobayashi,sauber,3,10,10,1.0,56,+38.720,Finished,40,1:39.960,196.314
861,perez,sauber,8,11,11,0.0,56,+41.066,Finished,37,1:41.071,194.156
861,resta,force_india,15,12,12,0.0,56,+42.273,Finished,40,1:41.498,193.339
861,massa,ferrari,12,13,13,0.0,56,+42.779,Finished,48,1:41.240,193.832
861,raikkonen,lotus_f1,4,14,14,0.0,56,+50.573,Finished,43,1:41.794,192.777
861,hulkenberg,force_india,16,15,15,0.0,56,+51.213,Finished,48,1:40.977,194.337
861,vergne,toro_rosso,24,16,16,0.0,56,+51.756,Finished,48,1:40.019,196.198
861,ricciardo,toro_rosso,17,17,17,0.0,56,+1:03.156,Finished,40,1:41.251,193.811
861,petrov,caterham,19,18,18,0.0,55,,+1 Lap,38,1:42.385,191.664
861,glock,marussia,20,19,19,0.0,55,,+1 Lap,41,1:42.748,190.987
861,pic,marussia,21,20,20,0.0,55,,+1 Lap,39,1:42.621,191.224
861,rosa,hrt,22,21,21,0.0,55,,+1 Lap,54,1:43.610,189.398
861,karthikeyan,hrt,23,22,22,0.0,54,,+2 Laps,40,1:43.935,188.806
861,kovalainen,caterham,18,23,23,0.0,53,,+3 Laps,53,1:41.190,193.928
861,michael_schumacher,mercedes,2,24,R,0.0,12,,Wheel nut,9,1:44.109,188.49
864,webber,red_bull,1,1,1,25.0,78,1:46:06.557,Finished,45,1:18.805,152.579
864,rosberg,mercedes,2,2,2,18.0,78,+0.643,Finished,46,1:18.977,152.246
864,alonso,ferrari,5,3,3,15.0,78,+0.947,Finished,45,1:18.857,152.478
864,vettel,red_bull,9,4,4,12.0,78,+1.343,Finished,43,1:19.076,152.056
864,hamilton,mclaren,3,5,5,10.0,78,+4.101,Finished,46,1:18.806,152.577
864,massa,ferrari,7,6,6,8.0,78,+6.195,Finished,41,1:19.101,152.008
864,resta,force_india,14,7,7,6.0,78,+41.537,Finished,51,1:19.757,150.757
864,hulkenberg,force_india,10,8,8,4.0,78,+42.562,Finished,35,1:18.423,153.322
864,raikkonen,lotus_f1,8,9,9,2.0,78,+44.036,Finished,51,1:19.246,151.73
864,bruno_senna,williams,13,10,10,1.0,78,+44.516,Finished,51,1:19.187,151.843
864,perez,sauber,23,11,11,0.0,77,,+1 Lap,49,1:17.296,155.557
864,vergne,toro_rosso,16,12,12,0.0,77,,+1 Lap,25,1:19.013,152.177
864,kovalainen,caterham,17,13,13,0.0,77,,+1 Lap,76,1:19.305,151.617
864,glock,marussia,19,14,14,0.0,77,,+1 Lap,60,1:19.637,150.985
864,karthikeyan,hrt,22,15,15,0.0,76,,+2 Laps,44,1:20.286,149.764
864,button,mclaren,12,16,16,0.0,70,,Collision,51,1:19.923,150.444
864,ricciardo,toro_rosso,15,17,R,0.0,65,,Retired,44,1:19.752,150.767
864,pic,marussia,21,18,R,0.0,64,,Retired,61,1:19.604,151.047
864,michael_schumacher,mercedes,6,19,R,0.0,63,,Fuel pressure,52,1:18.904,152.387
864,petrov,caterham,18,20,R,0.0,15,,Electrical,12,1:20.825,148.765
864,kobayashi,sauber,11,21,R,0.0,5,,Accident,4,1:25.480,140.664
864,rosa,hrt,20,22,R,0.0,0,,Accident,,,
864,maldonado,williams,24,23,R,0.0,0,,Accident,,,
864,grosjean,lotus_f1,4,24,R,0.0,0,,Accident,,,
866,alonso,ferrari,11,1,1,25.0,57,1:44:16.649,Finished,40,1:43.666,188.185
866,raikkonen,lotus_f1,5,2,2,18.0,57,+6.421,Finished,43,1:43.686,188.148
866,michael_schumacher,mercedes,12,3,3,15.0,57,+12.639,Finished,43,1:43.099,189.22
866,webber,red_bull,19,4,4,12.0,57,+13.628,Finished,40,1:42.717,189.923
866,hulkenberg,force_india,8,5,5,10.0,57,+19.993,Finished,40,1:44.226,187.174
866,rosberg,mercedes,6,6,6,8.0,57,+21.176,Finished,54,1:42.163,190.953
866,resta,force_india,10,7,7,6.0,57,+22.866,Finished,45,1:44.101,187.398
866,button,mclaren,9,8,8,4.0,57,+24.653,Finished,48,1:44.806,186.138
866,perez,sauber,15,9,9,2.0,57,+27.777,Finished,43,1:43.526,188.439
866,bruno_senna,williams,14,10,10,1.0,57,+35.961,Finished,44,1:44.111,187.38
866,ricciardo,toro_rosso,17,11,11,0.0,57,+37.041,Finished,44,1:43.674,188.17
866,maldonado,williams,3,12,12,0.0,57,+54.630,Finished,43,1:44.064,187.465
866,petrov,caterham,20,13,13,0.0,57,+1:15.871,Finished,54,1:44.253,187.125
866,kovalainen,caterham,16,14,14,0.0,57,+1:34.654,Finished,40,1:45.294,185.275
866,pic,marussia,23,15,15,0.0,57,+1:36.551,Finished,43,1:46.701,182.832
866,massa,ferrari,13,16,16,0.0,56,,+1 Lap,36,1:44.431,186.806
866,rosa,hrt,21,17,17,0.0,56,,+1 Lap,36,1:46.799,182.664
866,karthikeyan,hrt,22,18,18,0.0,56,,+1 Lap,42,1:46.388,183.37
866,hamilton,mclaren,2,19,19,0.0,55,,Collision,43,1:44.007,187.568
866,grosjean,lotus_f1,4,20,R,0.0,40,,Electronics,38,1:43.764,188.007
866,vettel,red_bull,1,21,R,0.0,33,,Gearbox,18,1:44.555,186.585
866,kobayashi,sauber,7,22,R,0.0,33,,Collision,22,1:45.082,185.649
866,vergne,toro_rosso,18,23,R,0.0,26,,Collision,22,1:45.491,184.929
866,glock,marussia,0,24,W,0.0,0,,Withdrew,,,
868,alonso,ferrari,1,1,1,25.0,67,1:31:05.862,Finished,66,1:19.044,208.319
868,button,mclaren,6,2,2,18.0,67,+6.949,Finished,67,1:19.469,207.205
868,raikkonen,lotus_f1,10,3,3,15.0,67,+16.409,Finished,62,1:19.719,206.555
868,kobayashi,sauber,12,4,4,12.0,67,+21.925,Finished,56,1:19.485,207.163
868,vettel,red_bull,2,5,5,10.0,67,+23.732,Finished,61,1:19.161,208.011
868,perez,sauber,17,6,6,8.0,67,+27.896,Finished,62,1:19.270,207.725
868,michael_schumacher,mercedes,3,7,7,6.0,67,+28.970,Finished,57,1:18.725,209.163
868,webber,red_bull,8,8,8,4.0,67,+46.941,Finished,59,1:19.794,206.361
868,hulkenberg,force_india,4,9,9,2.0,67,+48.162,Finished,56,1:19.372,207.458
868,rosberg,mercedes,21,10,10,1.0,67,+48.889,Finished,59,1:19.105,208.158
868,resta,force_india,9,11,11,0.0,67,+59.227,Finished,67,1:19.717,206.56
868,massa,ferrari,13,12,12,0.0,67,+1:11.428,Finished,67,1:19.225,207.843
868,ricciardo,toro_rosso,11,13,13,0.0,67,+1:16.829,Finished,44,1:20.066,205.66
868,vergne,toro_rosso,15,14,14,0.0,67,+1:16.965,Finished,59,1:19.645,206.747
868,maldonado,williams,5,15,15,0.0,66,,+1 Lap,59,1:19.607,206.846
868,petrov,caterham,18,16,16,0.0,66,,+1 Lap,62,1:19.997,205.837
868,bruno_senna,williams,14,17,17,0.0,66,,+1 Lap,62,1:19.894,206.103
868,grosjean,lotus_f1,19,18,18,0.0,66,,+1 Lap,60,1:20.013,205.796
868,kovalainen,caterham,16,19,19,0.0,65,,+2 Laps,61,1:20.596,204.307
868,pic,marussia,20,20,20,0.0,65,,+2 Laps,45,1:21.753,201.416
868,rosa,hrt,23,21,21,0.0,64,,+3 Laps,51,1:22.407,199.817
868,glock,marussia,22,22,22,0.0,64,,+3 Laps,54,1:22.778,198.922
868,karthikeyan,hrt,24,23,23,0.0,64,,+3 Laps,55,1:21.788,201.33
868,hamilton,mclaren,7,24,R,0.0,56,,Puncture,34,1:20.091,205.596
870,button,mclaren,1,1,1,25.0,44,1:29:08.530,Finished,40,1:54.293,220.611
870,vettel,red_bull,10,2,2,18.0,44,+13.624,Finished,39,1:54.198,220.795
870,raikkonen,lotus_f1,3,3,3,15.0,44,+25.334,Finished,34,1:53.640,221.879
870,hulkenberg,force_india,11,4,4,12.0,44,+27.843,Finished,40,1:53.760,221.645
870,massa,ferrari,14,5,5,10.0,44,+29.845,Finished,30,1:53.464,222.223
870,webber,red_bull,12,6,6,8.0,44,+31.244,Finished,42,1:53.768,221.629
870,michael_schumacher,mercedes,13,7,7,6.0,44,+53.374,Finished,37,1:53.507,222.139
870,vergne,toro_rosso,15,8,8,4.0,44,+58.865,Finished,31,1:53.995,221.188
870,ricciardo,toro_rosso,16,9,9,2.0,44,+1:02.982,Finished,42,1:54.605,220.011
870,resta,force_india,9,10,10,1.0,44,+1:03.783,Finished,28,1:54.562,220.093
870,rosberg,mercedes,23,11,11,0.0,44,+1:05.111,Finished,39,1:53.073,222.992
870,bruno_senna,williams,17,12,12,0.0,44,+1:11.529,Finished,43,1:52.822,223.488
870,kobayashi,sauber,2,13,13,0.0,44,+1:56.119,Finished,26,1:55.598,218.121
870,petrov,caterham,19,14,14,0.0,43,,+1 Lap,28,1:56.741,215.985
870,glock,marussia,20,15,15,0.0,43,,+1 Lap,30,1:56.956,215.588
870,pic,marussia,22,16,16,0.0,43,,+1 Lap,27,1:57.939,213.791
870,kovalainen,caterham,18,17,17,0.0,43,,+1 Lap,33,1:56.475,216.479
870,rosa,hrt,21,18,18,0.0,43,,+1 Lap,30,1:57.315,214.929
870,karthikeyan,hrt,24,19,R,0.0,29,,Spun off,16,1:59.113,211.684
870,maldonado,williams,6,20,R,0.0,4,,Collision,4,2:56.181,143.116
870,perez,sauber,4,21,R,0.0,0,,Collision,,,
870,alonso,ferrari,5,22,R,0.0,0,,Collision,,,
870,hamilton,mclaren,7,23,R,0.0,0,,Collision,,,
870,grosjean,lotus_f1,8,24,R,0.0,0,,Collision,,,
871,hamilton,mclaren,1,1,1,25.0,53,1:19:41.221,Finished,52,1:28.427,235.841
871,perez,sauber,12,2,2,18.0,53,+4.356,Finished,53,1:27.562,238.171
871,alonso,ferrari,10,3,3,15.0,53,+20.594,Finished,44,1:28.835,234.758
871,massa,ferrari,3,4,4,12.0,53,+29.667,Finished,33,1:28.914,234.55
871,raikkonen,lotus_f1,7,5,5,10.0,53,+30.881,Finished,52,1:29.109,234.036
871,michael_schumacher,mercedes,4,6,6,8.0,53,+31.259,Finished,51,1:27.718,237.748
871,rosberg,mercedes,6,7,7,6.0,53,+33.550,Finished,53,1:27.239,239.053
871,resta,force_india,9,8,8,4.0,53,+41.057,Finished,51,1:29.068,234.144
871,kobayashi,sauber,8,9,9,2.0,53,+43.898,Finished,39,1:29.032,234.239
871,bruno_senna,williams,13,10,10,1.0,53,+48.144,Finished,52,1:28.742,235.004
871,maldonado,williams,22,11,11,0.0,53,+48.682,Finished,51,1:28.053,236.843
871,ricciardo,toro_rosso,14,12,12,0.0,53,+50.316,Finished,46,1:28.621,235.325
871,ambrosio,lotus_f1,15,13,13,0.0,53,+1:15.861,Finished,52,1:28.677,235.177
871,kovalainen,caterham,17,14,14,0.0,52,,+1 Lap,46,1:29.399,233.277
871,petrov,caterham,18,15,15,0.0,52,,+1 Lap,46,1:29.066,234.149
871,pic,marussia,20,16,16,0.0,52,,+1 Lap,44,1:29.753,232.357
871,glock,marussia,19,17,17,0.0,52,,+1 Lap,50,1:29.888,232.008
871,rosa,hrt,23,18,18,0.0,52,,+1 Lap,51,1:30.398,230.699
871,karthikeyan,hrt,21,19,19,0.0,52,,+1 Lap,44,1:31.086,228.957
871,webber,red_bull,11,20,20,0.0,51,,Vibrations,43,1:29.202,233.792
871,hulkenberg,force_india,24,21,21,0.0,50,,Brakes,46,1:28.578,235.439
871,vettel,red_bull,5,22,22,0.0,47,,Alternator,46,1:28.713,235.081
871,button,mclaren,2,23,R,0.0,32,,Fuel pressure,31,1:28.926,234.518
871,vergne,toro_rosso,16,24,R,0.0,8,,Suspension,6,1:31.962,226.776
872,vettel,red_bull,3,1,1,25.0,59,2:00:26.144,Finished,50,1:52.134,162.865
872,button,mclaren,4,2,2,18.0,59,+8.959,Finished,47,1:52.625,162.155
872,alonso,ferrari,5,3,3,15.0,59,+15.227,Finished,53,1:52.709,162.034
872,resta,force_india,6,4,4,12.0,59,+19.063,Finished,54,1:52.931,161.716
872,rosberg,mercedes,10,5,5,10.0,59,+34.784,Finished,55,1:53.897,160.344
872,raikkonen,lotus_f1,12,6,6,8.0,59,+35.759,Finished,53,1:53.785,160.502
872,grosjean,lotus_f1,8,7,7,6.0,59,+36.698,Finished,56,1:54.123,160.027
872,massa,ferrari,13,8,8,4.0,59,+42.829,Finished,47,1:53.997,160.204
872,ricciardo,toro_rosso,15,9,9,2.0,59,+45.820,Finished,53,1:54.267,159.825
872,perez,sauber,14,10,10,1.0,59,+50.619,Finished,51,1:52.778,161.935
872,webber,red_bull,7,11,11,0.0,59,+1:27.175,Finished,53,1:53.726,160.585
872,glock,marussia,20,12,12,0.0,59,+1:31.918,Finished,30,1:56.057,157.36
872,kobayashi,sauber,17,13,13,0.0,59,+1:37.141,Finished,52,1:51.690,163.513
872,hulkenberg,force_india,11,14,14,0.0,59,+1:39.413,Finished,52,1:51.033,164.48
872,kovalainen,caterham,19,15,15,0.0,59,+1:47.967,Finished,48,1:55.233,158.485
872,pic,marussia,21,16,16,0.0,59,+2:12.925,Finished,37,1:56.486,156.781
872,rosa,hrt,24,17,17,0.0,58,,+1 Lap,48,1:57.671,155.202
872,bruno_senna,williams,22,18,18,0.0,57,,Retired,27,1:53.610,160.749
872,petrov,caterham,18,19,19,0.0,57,,+2 Laps,44,1:55.140,158.613
872,vergne,toro_rosso,16,20,R,0.0,38,,Collision,28,1:53.510,160.891
872,michael_schumacher,mercedes,9,21,R,0.0,38,,Collision,26,1:56.047,157.374
872,maldonado,williams,2,22,R,0.0,36,,Hydraulics,27,1:55.120,158.641
872,karthikeyan,hrt,23,23,R,0.0,30,,Accident,26,1:58.507,154.107
872,hamilton,mclaren,1,24,R,0.0,22,,Gearbox,14,1:55.541,158.063
873,vettel,red_bull,1,1,1,25.0,53,1:28:56.242,Finished,52,1:35.774,218.276
873,massa,ferrari,10,2,2,18.0,53,+20.639,Finished,50,1:36.894,215.753
873,kobayashi,sauber,3,3,3,15.0,53,+24.538,Finished,52,1:36.679,216.233
873,button,mclaren,8,4,4,12.0,53,+25.098,Finished,51,1:36.606,216.396
873,hamilton,mclaren,9,5,5,10.0,53,+46.490,Finished,45,1:37.760,213.842
873,raikkonen,lotus_f1,7,6,6,8.0,53,+50.424,Finished,49,1:37.886,213.566
873,hulkenberg,force_india,15,7,7,6.0,53,+51.159,Finished,46,1:37.938,213.453
873,maldonado,williams,12,8,8,4.0,53,+52.364,Finished,45,1:37.771,213.818
873,webber,red_bull,2,9,9,2.0,53,+54.675,Finished,49,1:37.128,215.233
873,ricciardo,toro_rosso,14,10,10,1.0,53,+1:06.919,Finished,50,1:37.455,214.511
873,michael_schumacher,mercedes,23,11,11,0.0,53,+1:07.769,Finished,43,1:36.942,215.646
873,resta,force_india,11,12,12,0.0,53,+1:23.460,Finished,48,1:37.535,214.335
873,vergne,toro_rosso,19,13,13,0.0,53,+1:28.645,Finished,39,1:37.533,214.339
873,bruno_senna,williams,16,14,14,0.0,53,+1:28.709,Finished,44,1:36.819,215.92
873,kovalainen,caterham,17,15,15,0.0,52,,+1 Lap,52,1:38.043,213.224
873,glock,marussia,18,16,16,0.0,52,,+1 Lap,48,1:38.756,211.685
873,petrov,caterham,22,17,17,0.0,52,,+1 Lap,47,1:38.344,212.572
873,rosa,hrt,20,18,18,0.0,52,,+1 Lap,50,1:39.351,210.417
873,grosjean,lotus_f1,4,19,19,0.0,51,,+2 Laps,32,1:38.277,212.717
873,pic,marussia,21,20,R,0.0,37,,Engine,34,1:40.493,208.026
873,karthikeyan,hrt,24,21,R,0.0,32,,Vibrations,21,1:41.388,206.19
873,perez,sauber,5,22,R,0.0,18,,Spun off,17,1:38.983,211.199
873,alonso,ferrari,6,23,R,0.0,0,,Collision,,,
873,rosberg,mercedes,13,24,R,0.0,0,,Collision,,,
874,vettel,red_bull,2,1,1,25.0,55,1:36:28.651,Finished,55,1:42.499,197.211
874,webber,red_bull,1,2,2,18.0,55,+8.231,Finished,54,1:42.037,198.104
874,alonso,ferrari,4,3,3,15.0,55,+13.944,Finished,52,1:42.442,197.321
874,massa,ferrari,6,4,4,12.0,55,+20.168,Finished,48,1:42.242,197.707
874,raikkonen,lotus_f1,5,5,5,10.0,55,+36.739,Finished,51,1:42.822,196.592
874,hulkenberg,force_india,8,6,6,8.0,55,+45.301,Finished,54,1:42.645,196.931
874,grosjean,lotus_f1,7,7,7,6.0,55,+54.812,Finished,44,1:42.783,196.666
874,vergne,toro_rosso,16,8,8,4.0,55,+1:09.589,Finished,48,1:42.721,196.785
874,ricciardo,toro_rosso,21,9,9,2.0,55,+1:11.787,Finished,45,1:43.148,195.97
874,hamilton,mclaren,3,10,10,1.0,55,+1:19.692,Finished,49,1:42.721,196.785
874,perez,sauber,12,11,11,0.0,55,+1:20.062,Finished,49,1:42.495,197.219
874,resta,force_india,14,12,12,0.0,55,+1:24.448,Finished,48,1:43.517,195.272
874,michael_schumacher,mercedes,10,13,13,0.0,55,+1:29.241,Finished,49,1:43.184,195.902
874,maldonado,williams,15,14,14,0.0,55,+1:34.924,Finished,55,1:42.679,196.865
874,bruno_senna,williams,17,15,15,0.0,55,+1:36.902,Finished,49,1:43.411,195.472
874,petrov,caterham,18,16,16,0.0,54,,+1 Lap,50,1:45.013,192.49
874,kovalainen,caterham,19,17,17,0.0,54,,+1 Lap,43,1:44.955,192.596
874,glock,marussia,20,18,18,0.0,54,,+1 Lap,42,1:45.236,192.082
874,pic,marussia,24,19,19,0.0,53,,+2 Laps,52,1:44.462,193.505
874,karthikeyan,hrt,23,20,20,0.0,53,,+2 Laps,39,1:47.068,188.795
874,rosa,hrt,22,21,R,0.0,16,,Throttle,9,1:49.861,183.996
874,kobayashi,sauber,13,22,R,0.0,16,,Collision damage,3,1:47.066,188.799
874,rosberg,mercedes,9,23,R,0.0,1,,Collision,,,
874,button,mclaren,11,24,R,0.0,0,,Collision,,,
878,button,mclaren,2,1,1,25.0,71,1:45:22.656,Finished,37,1:18.108,198.601
878,alonso,ferrari,7,2,2,18.0,71,+2.754,Finished,36,1:18.623,197.301
878,massa,ferrari,5,3,3,15.0,71,+3.615,Finished,37,1:18.879,196.66
878,webber,red_bull,3,4,4,12.0,71,+4.936,Finished,39,1:18.903,196.6
878,hulkenberg,force_india,6,5,5,10.0,71,+5.708,Finished,38,1:18.210,198.342
878,vettel,red_bull,4,6,6,8.0,71,+9.453,Finished,36,1:19.090,196.136
878,michael_schumacher,mercedes,13,7,7,6.0,71,+11.907,Finished,37,1:20.158,193.522
878,vergne,toro_rosso,17,8,8,4.0,71,+28.653,Finished,39,1:18.983,196.401
878,kobayashi,sauber,14,9,9,2.0,71,+31.250,Finished,35,1:18.973,196.426
878,raikkonen,lotus_f1,8,10,10,1.0,70,,+1 Lap,34,1:19.444,195.262
878,petrov,caterham,19,11,11,0.0,70,,+1 Lap,39,1:20.528,192.633
878,pic,marussia,22,12,12,0.0,70,,+1 Lap,36,1:20.310,193.156
878,ricciardo,toro_rosso,15,13,13,0.0,70,,+1 Lap,36,1:19.308,195.596
878,kovalainen,caterham,20,14,14,0.0,70,,+1 Lap,39,1:19.256,195.725
878,rosberg,mercedes,9,15,15,0.0,70,,+1 Lap,38,1:20.266,193.262
878,glock,marussia,21,16,16,0.0,70,,+1 Lap,34,1:19.686,194.669
878,rosa,hrt,24,17,17,0.0,69,,+2 Laps,37,1:21.085,191.31
878,karthikeyan,hrt,23,18,18,0.0,69,,+2 Laps,40,1:21.544,190.233
878,resta,force_india,10,19,19,0.0,68,,Accident,39,1:19.314,195.582
878,hamilton,mclaren,1,20,R,0.0,54,,Collision,38,1:18.069,198.701
878,grosjean,lotus_f1,18,21,R,0.0,5,,Accident,2,1:22.184,188.752
878,maldonado,williams,16,22,R,0.0,1,,Collision,,,
878,bruno_senna,williams,11,23,R,0.0,0,,Collision,,,
878,perez,sauber,12,24,R,0.0,0,,Collision,,,
881,alonso,ferrari,3,1,1,25.0,56,1:36:26.945,Finished,46,1:39.506,197.21
881,raikkonen,lotus_f1,2,2,2,18.0,56,+10.168,Finished,51,1:39.955,196.324
881,hamilton,mercedes,1,3,3,15.0,56,+12.322,Finished,50,1:39.981,196.273
881,vettel,red_bull,9,4,4,12.0,56,+12.525,Finished,53,1:36.808,202.706
881,button,mclaren,8,5,5,10.0,56,+35.285,Finished,56,1:38.058,200.122
881,massa,ferrari,5,6,6,8.0,56,+40.827,Finished,55,1:40.284,195.68
881,ricciardo,toro_rosso,7,7,7,6.0,56,+42.691,Finished,55,1:40.240,195.766
881,resta,force_india,11,8,8,4.0,56,+51.084,Finished,55,1:40.101,196.038
881,grosjean,lotus_f1,6,9,9,2.0,56,+53.423,Finished,55,1:40.563,195.137
881,hulkenberg,sauber,10,10,10,1.0,56,+56.598,Finished,31,1:40.630,195.007
881,perez,mclaren,12,11,11,0.0,56,+1:03.860,Finished,55,1:41.281,193.754
881,vergne,toro_rosso,15,12,12,0.0,56,+1:12.604,Finished,56,1:40.138,195.965
881,bottas,williams,16,13,13,0.0,56,+1:33.861,Finished,53,1:38.200,199.832
881,maldonado,williams,14,14,14,0.0,56,+1:35.453,Finished,54,1:40.968,194.354
881,jules_bianchi,marussia,18,15,15,0.0,55,,+1 Lap,35,1:41.537,193.265
881,pic,caterham,20,16,16,0.0,55,,+1 Lap,48,1:41.997,192.393
881,chilton,marussia,19,17,17,0.0,55,,+1 Lap,39,1:41.978,192.429
881,garde,caterham,21,18,18,0.0,55,,+1 Lap,42,1:42.357,191.717
881,rosberg,mercedes,4,19,R,0.0,21,,Suspension,7,1:43.378,189.823
881,webber,red_bull,22,20,R,0.0,15,,Wheel,12,1:43.416,189.754
881,sutil,force_india,13,21,R,0.0,5,,Collision,3,1:44.257,188.223
881,gutierrez,sauber,17,22,R,0.0,4,,Collision,2,1:44.775,187.292
883,alonso,ferrari,5,1,1,25.0,66,1:39:16.596,Finished,53,1:26.681,193.329
883,raikkonen,lotus_f1,4,2,2,18.0,66,+9.338,Finished,47,1:26.757,193.16
883,massa,ferrari,9,3,3,15.0,66,+26.049,Finished,56,1:26.394,193.971
883,vettel,red_bull,3,4,4,12.0,66,+38.273,Finished,55,1:27.036,192.541
883,webber,red_bull,7,5,5,10.0,66,+47.963,Finished,55,1:27.017,192.583
883,rosberg,mercedes,1,6,6,8.0,66,+1:08.020,Finished,56,1:27.591,191.321
883,resta,force_india,10,7,7,6.0,66,+1:08.988,Finished,55,1:26.776,193.117
883,button,mclaren,14,8,8,4.0,66,+1:19.506,Finished,55,1:27.957,190.524
883,perez,mclaren,8,9,9,2.0,66,+1:21.738,Finished,55,1:27.251,192.066
883,ricciardo,toro_rosso,11,10,10,1.0,65,,+1 Lap,55,1:28.083,190.252
883,gutierrez,sauber,19,11,11,0.0,65,,+1 Lap,56,1:26.217,194.37
883,hamilton,mercedes,2,12,12,0.0,65,,+1 Lap,53,1:27.895,190.659
883,sutil,force_india,13,13,13,0.0,65,,+1 Lap,38,1:26.564,193.59
883,maldonado,williams,17,14,14,0.0,65,,+1 Lap,56,1:27.849,190.759
883,hulkenberg,sauber,15,15,15,0.0,65,,+1 Lap,58,1:26.586,193.541
883,bottas,williams,16,16,16,0.0,65,,+1 Lap,27,1:29.747,186.724
883,pic,caterham,22,17,17,0.0,65,,+1 Lap,43,1:29.362,187.529
883,jules_bianchi,marussia,20,18,18,0.0,64,,+2 Laps,55,1:28.884,188.537
883,chilton,marussia,21,19,19,0.0,64,,+2 Laps,49,1:28.011,190.408
883,vergne,toro_rosso,12,20,20,0.0,52,,Accident,41,1:28.231,189.933
883,garde,caterham,18,21,21,0.0,21,,Wheel,11,1:30.597,184.973
883,grosjean,lotus_f1,6,22,22,0.0,8,,Suspension,5,1:31.136,183.879
886,rosberg,mercedes,2,1,1,25.0,52,1:32:59.456,Finished,50,1:33.531,226.744
886,webber,red_bull,4,2,2,18.0,52,+0.765,Finished,52,1:33.401,227.059
886,alonso,ferrari,9,3,3,15.0,52,+7.124,Finished,50,1:34.090,225.396
886,hamilton,mercedes,1,4,4,12.0,52,+7.756,Finished,51,1:34.159,225.231
886,raikkonen,lotus_f1,8,5,5,10.0,52,+11.257,Finished,49,1:35.384,222.339
886,massa,ferrari,11,6,6,8.0,52,+14.573,Finished,51,1:35.273,222.598
886,sutil,force_india,6,7,7,6.0,52,+16.335,Finished,35,1:35.961,221.002
886,ricciardo,toro_rosso,5,8,8,4.0,52,+16.543,Finished,37,1:35.927,221.08
886,resta,force_india,21,9,9,2.0,52,+17.943,Finished,52,1:35.330,222.465
886,hulkenberg,sauber,14,10,10,1.0,52,+19.709,Finished,48,1:36.013,220.882
886,maldonado,williams,15,11,11,0.0,52,+21.135,Finished,52,1:35.907,221.126
886,bottas,williams,16,12,12,0.0,52,+25.094,Finished,52,1:36.312,220.196
886,button,mclaren,10,13,13,0.0,52,+25.969,Finished,39,1:36.356,220.096
886,gutierrez,sauber,17,14,14,0.0,52,+26.285,Finished,32,1:36.439,219.906
886,pic,caterham,18,15,15,0.0,52,+31.613,Finished,52,1:37.091,218.43
886,jules_bianchi,marussia,19,16,16,0.0,52,+36.097,Finished,51,1:37.978,216.452
886,chilton,marussia,20,17,17,0.0,52,+1:07.660,Finished,50,1:39.156,213.881
886,garde,caterham,22,18,18,0.0,52,+1:07.759,Finished,50,1:38.722,214.821
886,grosjean,lotus_f1,7,19,19,0.0,51,,Retired,48,1:35.614,221.804
886,perez,mclaren,13,20,20,0.0,46,,Wheel,37,1:36.131,220.611
886,vettel,red_bull,3,21,R,0.0,41,,Gearbox,37,1:35.018,223.195
886,vergne,toro_rosso,12,22,R,0.0,35,,Tyre,30,1:38.370,215.59
889,vettel,red_bull,2,1,1,25.0,44,1:23:42.196,Finished,40,1:50.756,227.657
889,alonso,ferrari,9,2,2,18.0,44,+16.869,Finished,36,1:51.383,226.375
889,hamilton,mercedes,1,3,3,15.0,44,+27.734,Finished,39,1:51.596,225.943
889,rosberg,mercedes,4,4,4,12.0,44,+29.872,Finished,39,1:51.582,225.971
889,webber,red_bull,3,5,5,10.0,44,+33.845,Finished,31,1:51.397,226.347
889,button,mclaren,6,6,6,8.0,44,+40.794,Finished,36,1:50.823,227.519
889,massa,ferrari,10,7,7,6.0,44,+53.922,Finished,40,1:52.182,224.763
889,grosjean,lotus_f1,7,8,8,4.0,44,+55.846,Finished,34,1:52.497,224.133
889,sutil,force_india,12,9,9,2.0,44,+1:09.547,Finished,35,1:52.226,224.675
889,ricciardo,toro_rosso,19,10,10,1.0,44,+1:13.470,Finished,38,1:50.967,227.224
889,perez,mclaren,13,11,11,0.0,44,+1:21.936,Finished,34,1:53.472,222.208
889,vergne,toro_rosso,18,12,12,0.0,44,+1:26.740,Finished,29,1:53.065,223.008
889,hulkenberg,sauber,11,13,13,0.0,44,+1:28.258,Finished,41,1:53.110,222.919
889,gutierrez,sauber,21,14,14,0.0,44,+1:40.436,Finished,30,1:51.849,225.432
889,bottas,williams,20,15,15,0.0,44,+1:47.456,Finished,31,1:52.688,223.754
889,garde,caterham,14,16,16,0.0,43,,+1 Lap,43,1:53.995,221.188
889,maldonado,williams,17,17,17,0.0,43,,+1 Lap,35,1:52.579,223.97
889,jules_bianchi,marussia,15,18,18,0.0,43,,+1 Lap,37,1:54.894,219.457
889,chilton,marussia,16,19,19,0.0,42,,+2 Laps,31,1:54.924,219.4
889,resta,force_india,5,20,R,0.0,26,,Collision,21,1:54.757,219.719
889,raikkonen,lotus_f1,8,21,R,0.0,25,,Brakes,20,1:53.688,221.785
889,pic,caterham,22,22,R,0.0,8,,Oil leak,7,1:57.330,214.901
893,vettel,red_bull,2,1,1,25.0,53,1:26:49.301,Finished,39,1:35.317,219.322
893,webber,red_bull,1,2,2,18.0,53,+7.129,Finished,44,1:34.587,221.015
893,grosjean,lotus_f1,4,3,3,15.0,53,+9.910,Finished,48,1:35.991,217.782
893,alonso,ferrari,8,4,4,12.0,53,+45.605,Finished,39,1:35.877,218.041
893,raikkonen,lotus_f1,9,5,5,10.0,53,+47.325,Finished,35,1:35.516,218.865
893,hulkenberg,sauber,7,6,6,8.0,53,+51.615,Finished,33,1:36.482,216.674
893,gutierrez,sauber,14,7,7,6.0,53,+1:11.630,Finished,50,1:36.499,216.636
893,rosberg,mercedes,6,8,8,4.0,53,+1:12.023,Finished,46,1:34.650,220.868
893,button,mclaren,10,9,9,2.0,53,+1:20.821,Finished,53,1:35.549,218.79
893,massa,ferrari,5,10,10,1.0,53,+1:29.263,Finished,30,1:37.001,215.515
893,resta,force_india,12,11,11,0.0,53,+1:38.572,Finished,41,1:37.407,214.617
893,vergne,toro_rosso,17,12,12,0.0,52,,+1 Lap,52,1:35.895,218.0
893,ricciardo,toro_rosso,16,13,13,0.0,52,,+1 Lap,52,1:35.020,220.008
893,sutil,force_india,22,14,14,0.0,52,,+1 Lap,29,1:37.367,214.705
893,perez,mclaren,11,15,15,0.0,52,,+1 Lap,46,1:35.845,218.114
893,maldonado,williams,15,16,16,0.0,52,,+1 Lap,30,1:37.423,214.581
893,bottas,williams,13,17,17,0.0,52,,+1 Lap,43,1:37.856,213.632
893,pic,caterham,20,18,18,0.0,52,,+1 Lap,51,1:37.489,214.436
893,chilton,marussia,18,19,19,0.0,52,,+1 Lap,45,1:38.713,211.777
893,hamilton,mercedes,3,20,R,0.0,7,,Puncture,3,1:41.202,206.569
893,garde,caterham,19,21,R,0.0,0,,Accident,,,
893,jules_bianchi,marussia,21,22,R,0.0,0,,Accident,,,
896,vettel,red_bull,1,1,1,25.0,56,1:39:17.148,Finished,54,1:39.856,198.754
896,grosjean,lotus_f1,3,2,2,18.0,56,+6.284,Finished,52,1:40.445,197.588
896,webber,red_bull,2,3,3,15.0,56,+8.396,Finished,52,1:40.591,197.301
896,hamilton,mercedes,5,4,4,12.0,56,+27.358,Finished,50,1:40.818,196.857
896,alonso,ferrari,6,5,5,10.0,56,+29.592,Finished,52,1:41.186,196.141
896,hulkenberg,sauber,4,6,6,8.0,56,+30.400,Finished,54,1:40.952,196.596
896,perez,mclaren,7,7,7,6.0,56,+46.692,Finished,47,1:41.830,194.901
896,bottas,williams,9,8,8,4.0,56,+54.509,Finished,54,1:40.492,197.496
896,rosberg,mercedes,12,9,9,2.0,56,+59.141,Finished,51,1:41.133,196.244
896,button,mclaren,15,10,10,1.0,56,+1:17.278,Finished,50,1:41.285,195.95
896,ricciardo,toro_rosso,10,11,11,0.0,56,+1:21.004,Finished,45,1:42.119,194.349
896,vergne,toro_rosso,14,12,12,0.0,56,+1:24.574,Finished,52,1:41.320,195.882
896,massa,ferrari,13,13,13,0.0,56,+1:26.914,Finished,53,1:41.209,196.097
896,gutierrez,sauber,20,14,14,0.0,56,+1:31.707,Finished,51,1:41.401,195.725
896,kovalainen,lotus_f1,8,15,15,0.0,56,+1:35.063,Finished,52,1:41.028,196.448
896,resta,force_india,11,16,16,0.0,56,+1:36.853,Finished,54,1:41.148,196.215
896,maldonado,williams,17,17,17,0.0,55,,+1 Lap,42,1:43.058,192.578
896,jules_bianchi,marussia,19,18,18,0.0,55,,+1 Lap,45,1:43.419,191.906
896,garde,caterham,18,19,19,0.0,55,,+1 Lap,45,1:43.933,190.957
896,pic,caterham,22,20,20,0.0,55,,+1 Lap,48,1:43.968,190.893
896,chilton,marussia,21,21,21,0.0,54,,+2 Laps,48,1:43.775,191.248
896,sutil,force_india,16,22,R,0.0,0,,Accident,,,
900,hamilton,mercedes,2,1,1,25.0,57,1:39:42.743,Finished,49,1:37.108,200.634
900,rosberg,mercedes,1,2,2,18.0,57,+1.085,Finished,49,1:37.020,200.816
900,perez,force_india,4,3,3,15.0,57,+24.067,Finished,36,1:39.320,196.165
900,ricciardo,red_bull,13,4,4,12.0,57,+24.489,Finished,38,1:39.269,196.266
900,hulkenberg,force_india,11,5,5,10.0,57,+28.654,Finished,37,1:38.785,197.228
900,vettel,red_bull,10,6,6,8.0,57,+29.879,Finished,18,1:39.312,196.181
900,massa,williams,7,7,7,6.0,57,+31.265,Finished,40,1:39.272,196.26
900,bottas,williams,3,8,8,4.0,57,+31.876,Finished,50,1:39.762,195.296
900,alonso,ferrari,9,9,9,2.0,57,+32.595,Finished,53,1:39.732,195.355
900,raikkonen,ferrari,5,10,10,1.0,57,+33.462,Finished,35,1:39.438,195.933
900,kvyat,toro_rosso,12,11,11,0.0,57,+41.342,Finished,12,1:40.160,194.52
900,grosjean,lotus_f1,16,12,12,0.0,57,+43.143,Finished,39,1:39.443,195.923
900,chilton,marussia,21,13,13,0.0,57,+59.909,Finished,48,1:41.825,191.34
900,maldonado,lotus_f1,17,14,14,0.0,57,+1:02.803,Finished,52,1:39.666,195.484
900,kobayashi,caterham,18,15,15,0.0,57,+1:27.900,Finished,17,1:41.246,192.434
900,jules_bianchi,marussia,19,16,16,0.0,56,,+1 Lap,44,1:42.175,190.684
900,button,mclaren,6,17,17,0.0,55,,Clutch,37,1:39.565,195.683
900,kevin_magnussen,mclaren,8,18,R,0.0,40,,Clutch,40,1:40.108,194.621
900,gutierrez,sauber,15,19,R,0.0,39,,Collision,32,1:40.698,193.481
900,ericsson,caterham,20,20,R,0.0,33,,Retired,28,1:41.134,192.647
900,vergne,toro_rosso,14,21,R,0.0,18,,Retired,16,1:41.650,191.669
900,sutil,sauber,22,22,R,0.0,17,,Collision,9,1:41.791,191.403
902,hamilton,mercedes,1,1,1,25.0,66,1:41:05.155,Finished,54,1:29.483,187.275
902,rosberg,mercedes,2,2,2,18.0,66,+0.636,Finished,51,1:29.236,187.794
902,ricciardo,red_bull,3,3,3,15.0,66,+49.014,Finished,65,1:30.012,186.175
902,vettel,red_bull,15,4,4,12.0,66,+1:16.702,Finished,55,1:28.918,188.465
902,bottas,williams,4,5,5,10.0,66,+1:19.293,Finished,47,1:30.424,185.326
902,alonso,ferrari,7,6,6,8.0,66,+1:27.743,Finished,55,1:29.898,186.411
902,raikkonen,ferrari,6,7,7,6.0,65,,+1 Lap,53,1:30.580,185.007
902,grosjean,lotus_f1,5,8,8,4.0,65,,+1 Lap,47,1:31.068,184.016
902,perez,force_india,11,9,9,2.0,65,,+1 Lap,39,1:30.756,184.648
902,hulkenberg,force_india,10,10,10,1.0,65,,+1 Lap,42,1:31.411,183.325
902,button,mclaren,8,11,11,0.0,65,,+1 Lap,43,1:30.563,185.042
902,kevin_magnussen,mclaren,14,12,12,0.0,65,,+1 Lap,43,1:30.318,185.544
902,massa,williams,9,13,13,0.0,65,,+1 Lap,55,1:30.468,185.236
902,kvyat,toro_rosso,12,14,14,0.0,65,,+1 Lap,59,1:30.269,185.645
902,maldonado,lotus_f1,22,15,15,0.0,65,,+1 Lap,39,1:31.235,183.679
902,gutierrez,sauber,13,16,16,0.0,65,,+1 Lap,55,1:30.666,184.832
902,sutil,sauber,16,17,17,0.0,65,,+1 Lap,38,1:31.473,183.201
902,jules_bianchi,marussia,18,18,18,0.0,64,,+2 Laps,46,1:31.784,182.58
902,chilton,marussia,17,19,19,0.0,64,,+2 Laps,44,1:31.767,182.614
902,ericsson,caterham,19,20,20,0.0,64,,+2 Laps,54,1:33.350,179.517
902,kobayashi,caterham,20,21,R,0.0,34,,Brakes,25,1:33.064,180.069
902,vergne,toro_rosso,21,22,R,0.0,24,,Exhaust,18,1:31.781,182.586
904,ricciardo,red_bull,6,1,1,25.0,70,1:39:12.830,Finished,68,1:18.640,199.638
904,rosberg,mercedes,1,2,2,18.0,70,+4.236,Finished,33,1:18.881,199.028
904,vettel,red_bull,3,3,3,15.0,70,+5.247,Finished,48,1:19.171,198.299
904,button,mclaren,9,4,4,12.0,70,+11.755,Finished,64,1:18.759,199.337
904,hulkenberg,force_india,11,5,5,10.0,70,+12.843,Finished,64,1:18.936,198.89
904,alonso,ferrari,7,6,6,8.0,70,+14.869,Finished,64,1:18.614,199.704
904,bottas,williams,4,7,7,6.0,70,+23.578,Finished,52,1:19.321,197.924
904,vergne,toro_rosso,8,8,8,4.0,70,+28.026,Finished,56,1:19.399,197.73
904,kevin_magnussen,mclaren,12,9,9,2.0,70,+29.254,Finished,56,1:18.819,199.185
904,raikkonen,ferrari,10,10,10,1.0,70,+53.678,Finished,68,1:18.529,199.921
904,perez,force_india,13,11,11,0.0,69,,Collision,63,1:19.491,197.501
904,massa,williams,5,12,12,0.0,69,,Collision,58,1:18.504,199.984
904,sutil,sauber,16,13,13,0.0,69,,+1 Lap,66,1:20.226,195.692
904,gutierrez,sauber,22,14,14,0.0,64,,ERS,51,1:20.112,195.97
904,grosjean,lotus_f1,14,15,R,0.0,59,,Rear wing,54,1:19.650,197.107
904,kvyat,toro_rosso,15,16,R,0.0,47,,Drivetrain,43,1:19.978,196.298
904,hamilton,mercedes,2,17,R,0.0,46,,Brakes,24,1:18.942,198.875
904,kobayashi,caterham,21,18,R,0.0,23,,Suspension,20,1:23.130,188.856
904,maldonado,lotus_f1,17,19,R,0.0,21,,Power Unit,21,1:21.514,192.6
904,ericsson,caterham,20,20,R,0.0,7,,Turbo,7,1:51.041,141.385
904,chilton,marussia,18,21,R,0.0,0,,Collision,,,
904,jules_bianchi,marussia,19,22,R,0.0,0,,Collision,,,
905,rosberg,mercedes,3,1,1,25.0,71,1:27:54.976,Finished,50,1:12.598,214.518
905,hamilton,mercedes,9,2,2,18.0,71,+1.932,Finished,41,1:12.217,215.65
905,bottas,williams,2,3,3,15.0,71,+8.172,Finished,63,1:12.581,214.568
905,massa,williams,1,4,4,12.0,71,+17.358,Finished,63,1:12.586,214.553
905,alonso,ferrari,4,5,5,10.0,71,+18.553,Finished,58,1:12.595,214.527
905,perez,force_india,15,6,6,8.0,71,+28.546,Finished,59,1:12.142,215.874
905,kevin_magnussen,mclaren,6,7,7,6.0,71,+32.031,Finished,53,1:12.746,214.081
905,ricciardo,red_bull,5,8,8,4.0,71,+43.522,Finished,55,1:13.060,213.161
905,hulkenberg,force_india,10,9,9,2.0,71,+44.137,Finished,60,1:13.156,212.882
905,raikkonen,ferrari,8,10,10,1.0,71,+47.777,Finished,55,1:12.884,213.676
905,button,mclaren,11,11,11,0.0,71,+50.966,Finished,60,1:12.858,213.752
905,maldonado,lotus_f1,13,12,12,0.0,70,,+1 Lap,64,1:13.187,212.791
905,sutil,sauber,16,13,13,0.0,70,,+1 Lap,59,1:13.709,211.284
905,grosjean,lotus_f1,22,14,14,0.0,70,,+1 Lap,42,1:13.953,210.587
905,jules_bianchi,marussia,18,15,15,0.0,69,,+2 Laps,65,1:14.476,209.108
905,kobayashi,caterham,19,16,16,0.0,69,,+2 Laps,40,1:15.274,206.892
905,chilton,marussia,21,17,17,0.0,69,,+2 Laps,40,1:14.847,208.072
905,ericsson,caterham,20,18,18,0.0,69,,+2 Laps,33,1:14.672,208.56
905,gutierrez,sauber,17,19,19,0.0,69,,+2 Laps,53,1:14.036,210.351
905,vergne,toro_rosso,14,20,R,0.0,59,,Brakes,55,1:13.317,212.414
905,vettel,red_bull,12,21,R,0.0,34,,Electrical,30,1:14.254,209.734
905,kvyat,toro_rosso,7,22,R,0.0,24,,Suspension,23,1:14.332,209.514
906,hamilton,mercedes,6,1,1,25.0,52,2:26:52.094,Finished,26,1:37.176,218.239
906,bottas,williams,14,2,2,18.0,52,+30.135,Finished,34,1:38.264,215.822
906,ricciardo,red_bull,8,3,3,15.0,52,+46.495,Finished,34,1:38.459,215.395
906,button,mclaren,3,4,4,12.0,52,+47.390,Finished,52,1:38.284,215.778
906,vettel,red_bull,2,5,5,10.0,52,+53.864,Finished,52,1:37.481,217.556
906,alonso,ferrari,16,6,6,8.0,52,+59.946,Finished,52,1:38.587,215.115
906,kevin_magnussen,mclaren,5,7,7,6.0,52,+1:02.563,Finished,32,1:38.677,214.919
906,hulkenberg,force_india,4,8,8,4.0,52,+1:28.692,Finished,52,1:38.625,215.032
906,kvyat,toro_rosso,9,9,9,2.0,52,+1:29.340,Finished,45,1:38.407,215.509
906,vergne,toro_rosso,10,10,10,1.0,51,,+1 Lap,44,1:39.261,213.654
906,perez,force_india,7,11,11,0.0,51,,+1 Lap,41,1:38.716,214.834
906,grosjean,lotus_f1,11,12,12,0.0,51,,+1 Lap,48,1:38.919,214.393
906,sutil,sauber,13,13,13,0.0,51,,+1 Lap,34,1:40.041,211.989
906,jules_bianchi,marussia,12,14,14,0.0,51,,+1 Lap,51,1:39.961,212.158
906,kobayashi,caterham,22,15,15,0.0,50,,+2 Laps,31,1:41.462,209.02
906,chilton,marussia,17,16,16,0.0,50,,+2 Laps,50,1:40.399,211.233
906,maldonado,lotus_f1,20,17,17,0.0,49,,+3 Laps,48,1:40.314,211.412
906,rosberg,mercedes,1,18,R,0.0,28,,Gearbox,26,1:38.091,216.203
906,ericsson,caterham,21,19,R,0.0,11,,Suspension,7,1:44.319,203.295
906,gutierrez,sauber,19,20,R,0.0,9,,Collision,7,1:42.566,206.77
906,massa,williams,15,21,R,0.0,0,,Collision,,,
906,raikkonen,ferrari,18,22,R,0.0,0,,Collision,,,
907,rosberg,mercedes,1,1,1,25.0,67,1:33:42.914,Finished,67,1:21.298,202.543
907,bottas,williams,2,2,2,18.0,67,+20.789,Finished,45,1:21.494,202.056
907,hamilton,mercedes,20,3,3,15.0,67,+22.530,Finished,53,1:19.908,206.066
907,vettel,red_bull,6,4,4,12.0,67,+44.014,Finished,39,1:21.545,201.93
907,alonso,ferrari,7,5,5,10.0,67,+52.467,Finished,57,1:20.548,204.429
907,ricciardo,red_bull,5,6,6,8.0,67,+52.549,Finished,53,1:20.846,203.676
907,hulkenberg,force_india,9,7,7,6.0,67,+1:04.178,Finished,44,1:22.098,200.57
907,button,mclaren,11,8,8,4.0,67,+1:24.711,Finished,64,1:21.346,202.424
907,kevin_magnussen,mclaren,4,9,9,2.0,66,,+1 Lap,56,1:20.224,205.255
907,perez,force_india,10,10,10,1.0,66,,+1 Lap,54,1:20.752,203.913
907,raikkonen,ferrari,12,11,11,0.0,66,,+1 Lap,55,1:21.338,202.444
907,maldonado,lotus_f1,18,12,12,0.0,66,,+1 Lap,41,1:22.305,200.065
907,vergne,toro_rosso,13,13,13,0.0,66,,+1 Lap,58,1:21.876,201.113
907,gutierrez,sauber,16,14,14,0.0,66,,+1 Lap,61,1:22.008,200.79
907,jules_bianchi,marussia,17,15,15,0.0,66,,+1 Lap,57,1:22.522,199.539
907,kobayashi,caterham,19,16,16,0.0,65,,+2 Laps,50,1:22.866,198.711
907,chilton,marussia,21,17,17,0.0,65,,+2 Laps,50,1:23.035,198.306
907,ericsson,caterham,22,18,18,0.0,65,,+2 Laps,49,1:23.230,197.842
907,sutil,sauber,15,19,R,0.0,47,,Brakes,41,1:22.529,199.522
907,kvyat,toro_rosso,8,20,R,0.0,44,,Oil leak,34,1:22.179,200.372
907,grosjean,lotus_f1,14,21,R,0.0,26,,Water leak,26,1:24.137,195.709
907,massa,williams,3,22,R,0.0,0,,Collision,,,
908,ricciardo,red_bull,4,1,1,25.0,70,1:53:05.058,Finished,58,1:26.608,182.103
908,alonso,ferrari,5,2,2,18.0,70,+5.225,Finished,40,1:27.419,180.413
908,hamilton,mercedes,22,3,3,15.0,70,+5.857,Finished,36,1:27.380,180.494
908,rosberg,mercedes,1,4,4,12.0,70,+6.361,Finished,64,1:25.724,183.981
908,massa,williams,6,5,5,10.0,70,+29.841,Finished,51,1:28.229,178.757
908,raikkonen,ferrari,16,6,6,8.0,70,+31.491,Finished,47,1:27.983,179.257
908,vettel,red_bull,2,7,7,6.0,70,+40.964,Finished,52,1:28.746,177.716
908,bottas,williams,3,8,8,4.0,70,+41.344,Finished,63,1:26.850,181.595
908,vergne,toro_rosso,8,9,9,2.0,70,+58.527,Finished,31,1:29.120,176.97
908,button,mclaren,7,10,10,1.0,70,+1:07.280,Finished,50,1:29.156,176.898
908,sutil,sauber,11,11,11,0.0,70,+1:08.169,Finished,41,1:28.704,177.8
908,kevin_magnussen,mclaren,21,12,12,0.0,70,+1:18.465,Finished,41,1:28.883,177.442
908,maldonado,lotus_f1,20,13,13,0.0,70,+1:24.024,Finished,45,1:29.128,176.954
908,kvyat,toro_rosso,10,14,14,0.0,69,,+1 Lap,51,1:29.401,176.414
908,jules_bianchi,marussia,15,15,15,0.0,69,,+1 Lap,49,1:29.883,175.468
908,chilton,marussia,18,16,16,0.0,69,,+1 Lap,47,1:29.499,176.22
908,gutierrez,sauber,13,17,R,0.0,33,,Retired,29,1:30.485,174.3
908,kobayashi,caterham,17,18,R,0.0,26,,Retired,21,1:32.888,169.791
908,perez,force_india,12,19,R,0.0,23,,Accident,21,1:30.280,174.696
908,hulkenberg,force_india,9,20,R,0.0,16,,Accident,14,1:41.151,155.921
908,grosjean,lotus_f1,14,21,R,0.0,11,,Accident,7,1:46.312,148.352
908,ericsson,caterham,19,22,R,0.0,8,,Accident,6,1:48.459,145.415
909,ricciardo,red_bull,5,1,1,25.0,44,1:24:36.556,Finished,44,1:52.974,223.187
909,rosberg,mercedes,1,2,2,18.0,44,+3.383,Finished,36,1:50.511,228.161
909,bottas,williams,6,3,3,15.0,44,+28.032,Finished,40,1:52.716,223.698
909,raikkonen,ferrari,8,4,4,12.0,44,+36.815,Finished,39,1:54.090,221.004
909,vettel,red_bull,3,5,5,10.0,44,+52.196,Finished,36,1:52.953,223.229
909,button,mclaren,10,6,6,8.0,44,+54.580,Finished,38,1:53.483,222.186
909,alonso,ferrari,4,7,7,6.0,44,+1:01.162,Finished,29,1:53.879,221.413
909,perez,force_india,13,8,8,4.0,44,+1:04.293,Finished,28,1:54.532,220.151
909,kvyat,toro_rosso,11,9,9,2.0,44,+1:05.347,Finished,26,1:54.159,220.87
909,hulkenberg,force_india,18,10,10,1.0,44,+1:05.697,Finished,40,1:53.612,221.934
909,vergne,toro_rosso,12,11,11,0.0,44,+1:11.920,Finished,31,1:53.276,222.592
909,kevin_magnussen,mclaren,7,12,12,0.0,44,+1:14.262,Finished,28,1:54.203,220.785
909,massa,williams,9,13,13,0.0,44,+1:15.975,Finished,37,1:52.512,224.104
909,sutil,sauber,14,14,14,0.0,44,+1:22.447,Finished,36,1:52.413,224.301
909,gutierrez,sauber,20,15,15,0.0,44,+1:30.825,Finished,32,1:54.000,221.178
909,chilton,marussia,19,16,16,0.0,43,,+1 Lap,31,1:55.247,218.785
909,ericsson,caterham,22,17,17,0.0,43,,+1 Lap,26,1:55.900,217.553
909,jules_bianchi,marussia,16,18,18,0.0,39,,Gearbox,32,1:56.347,216.717
909,hamilton,mercedes,2,19,R,0.0,38,,Retired,33,1:53.707,221.748
909,grosjean,lotus_f1,15,20,R,0.0,33,,Retired,21,1:55.649,218.025
909,maldonado,lotus_f1,17,21,R,0.0,1,,Mechanical,,,
909,lotterer,caterham,21,22,R,0.0,1,,Power Unit,,,
912,hamilton,mercedes,2,1,1,25.0,44,1:51:43.021,Finished,39,1:51.600,187.322
912,rosberg,mercedes,1,2,2,18.0,44,+9.180,Finished,15,1:52.551,185.739
912,vettel,red_bull,9,3,3,15.0,44,+29.122,Finished,32,1:51.915,186.795
912,ricciardo,red_bull,6,4,4,12.0,44,+38.818,Finished,38,1:52.231,186.269
912,button,mclaren,8,5,5,10.0,44,+1:07.550,Finished,33,1:51.721,187.119
912,bottas,williams,3,6,6,8.0,44,+1:53.773,Finished,41,1:54.103,183.213
912,massa,williams,4,7,7,6.0,44,+1:55.126,Finished,39,1:53.450,184.267
912,hulkenberg,force_india,13,8,8,4.0,44,+1:55.948,Finished,28,1:52.814,185.306
912,vergne,toro_rosso,20,9,9,2.0,44,+2:07.638,Finished,35,1:53.562,184.086
912,perez,force_india,11,10,10,1.0,43,,+1 Lap,27,1:53.556,184.095
912,kvyat,toro_rosso,12,11,11,0.0,43,,+1 Lap,25,1:54.021,183.345
912,raikkonen,ferrari,10,12,12,0.0,43,,+1 Lap,36,1:52.426,185.946
912,gutierrez,sauber,15,13,13,0.0,43,,+1 Lap,40,1:55.372,181.198
912,kevin_magnussen,mclaren,7,14,14,0.0,43,,+1 Lap,38,1:53.510,184.17
912,grosjean,lotus_f1,16,15,15,0.0,43,,+1 Lap,28,1:55.302,181.308
912,maldonado,lotus_f1,22,16,16,0.0,43,,+1 Lap,26,1:54.702,182.256
912,ericsson,caterham,17,17,17,0.0,43,,+1 Lap,27,1:54.669,182.309
912,chilton,marussia,21,18,18,0.0,43,,+1 Lap,25,1:56.472,179.486
912,kobayashi,caterham,19,19,19,0.0,43,,+1 Lap,29,1:55.641,180.776
912,jules_bianchi,marussia,18,20,20,0.0,41,,Accident,27,1:55.985,180.24
912,sutil,sauber,14,21,21,0.0,40,,Accident,25,1:55.753,180.601
912,alonso,ferrari,5,22,R,0.0,2,,Electronics,,,
913,hamilton,mercedes,1,1,1,25.0,53,1:31:50.744,Finished,48,1:41.606,207.2
913,rosberg,mercedes,2,2,2,18.0,53,+13.657,Finished,52,1:41.360,207.703
913,bottas,williams,3,3,3,15.0,53,+17.425,Finished,53,1:40.896,208.658
913,button,mclaren,4,4,4,12.0,53,+30.234,Finished,47,1:41.964,206.472
913,kevin_magnussen,mclaren,11,5,5,10.0,53,+53.616,Finished,44,1:43.076,204.245
913,alonso,ferrari,7,6,6,8.0,53,+1:00.016,Finished,53,1:42.179,206.038
913,ricciardo,red_bull,6,7,7,6.0,53,+1:01.812,Finished,50,1:43.050,204.296
913,vettel,red_bull,10,8,8,4.0,53,+1:06.185,Finished,53,1:42.630,205.133
913,raikkonen,ferrari,8,9,9,2.0,53,+1:18.877,Finished,45,1:42.919,204.556
913,perez,force_india,12,10,10,1.0,53,+1:20.067,Finished,47,1:42.924,204.547
913,massa,williams,18,11,11,0.0,53,+1:20.877,Finished,47,1:42.879,204.636
913,hulkenberg,force_india,17,12,12,0.0,53,+1:21.309,Finished,50,1:42.685,205.023
913,vergne,toro_rosso,9,13,13,0.0,53,+1:37.295,Finished,53,1:42.550,205.293
913,kvyat,toro_rosso,5,14,14,0.0,52,,+1 Lap,52,1:42.022,206.355
913,gutierrez,sauber,13,15,15,0.0,52,,+1 Lap,45,1:44.075,202.284
913,sutil,sauber,14,16,16,0.0,52,,+1 Lap,42,1:43.822,202.777
913,grosjean,lotus_f1,15,17,17,0.0,52,,+1 Lap,49,1:44.461,201.537
913,maldonado,lotus_f1,21,18,18,0.0,52,,+1 Lap,50,1:44.030,202.372
913,ericsson,caterham,16,19,19,0.0,51,,+2 Laps,48,1:43.979,202.471
913,kobayashi,caterham,19,20,R,0.0,21,,Brakes,17,1:47.407,196.009
913,chilton,marussia,20,21,R,0.0,9,,Suspension,8,1:48.268,194.45
914,hamilton,mercedes,2,1,1,25.0,56,1:40:04.785,Finished,49,1:41.929,194.712
914,rosberg,mercedes,1,2,2,18.0,56,+4.314,Finished,48,1:41.932,194.706
914,ricciardo,red_bull,5,3,3,15.0,56,+25.560,Finished,33,1:42.831,193.004
914,massa,williams,4,4,4,12.0,56,+26.924,Finished,50,1:42.971,192.741
914,bottas,williams,3,5,5,10.0,56,+30.992,Finished,55,1:42.505,193.617
914,alonso,ferrari,6,6,6,8.0,56,+1:35.231,Finished,47,1:41.474,195.585
914,vettel,red_bull,18,7,7,6.0,56,+1:35.734,Finished,50,1:41.379,195.768
914,kevin_magnussen,mclaren,7,8,8,4.0,56,+1:40.682,Finished,29,1:44.287,190.309
914,maldonado,lotus_f1,10,9,9,2.0,56,+1:47.870,Finished,38,1:43.808,191.187
914,vergne,toro_rosso,14,10,10,1.0,56,+1:48.863,Finished,17,1:44.180,190.504
914,grosjean,lotus_f1,16,11,11,0.0,55,,+1 Lap,51,1:44.440,190.03
914,button,mclaren,12,12,12,0.0,55,,+1 Lap,33,1:44.255,190.367
914,raikkonen,ferrari,8,13,13,0.0,55,,+1 Lap,54,1:42.888,192.897
914,gutierrez,sauber,15,14,14,0.0,55,,+1 Lap,47,1:43.006,192.676
914,kvyat,toro_rosso,17,15,15,0.0,55,,+1 Lap,53,1:41.689,195.171
914,hulkenberg,force_india,13,16,R,0.0,16,,Engine,15,1:46.226,186.835
914,perez,force_india,11,17,R,0.0,1,,Collision damage,,,
914,sutil,sauber,9,18,R,0.0,0,,Collision,,,
915,rosberg,mercedes,1,1,1,25.0,71,1:30:02.555,Finished,62,1:13.619,210.711
915,hamilton,mercedes,2,2,2,18.0,71,+1.457,Finished,62,1:13.555,210.895
915,massa,williams,3,3,3,15.0,71,+41.031,Finished,59,1:14.101,209.341
915,button,mclaren,5,4,4,12.0,71,+48.658,Finished,68,1:13.999,209.629
915,vettel,red_bull,6,5,5,10.0,71,+51.420,Finished,68,1:14.018,209.576
915,alonso,ferrari,8,6,6,8.0,71,+1:01.906,Finished,55,1:14.313,208.744
915,raikkonen,ferrari,10,7,7,6.0,71,+1:03.730,Finished,37,1:14.963,206.934
915,hulkenberg,force_india,12,8,8,4.0,71,+1:03.934,Finished,70,1:13.728,210.4
915,kevin_magnussen,mclaren,7,9,9,2.0,71,+1:10.085,Finished,62,1:14.544,208.097
915,bottas,williams,4,10,10,1.0,70,,+1 Lap,64,1:14.229,208.98
915,kvyat,toro_rosso,17,11,11,0.0,70,,+1 Lap,62,1:14.144,209.219
915,maldonado,lotus_f1,16,12,12,0.0,70,,+1 Lap,47,1:14.810,207.357
915,vergne,toro_rosso,15,13,13,0.0,70,,+1 Lap,65,1:14.774,207.457
915,gutierrez,sauber,11,14,14,0.0,70,,+1 Lap,64,1:14.875,207.177
915,perez,force_india,18,15,15,0.0,70,,+1 Lap,70,1:14.550,208.08
915,sutil,sauber,13,16,16,0.0,70,,+1 Lap,42,1:14.834,207.29
915,grosjean,lotus_f1,14,17,17,0.0,63,,+8 Laps,63,1:14.070,209.428
915,ricciardo,red_bull,9,18,R,0.0,39,,Suspension,30,1:15.387,205.77
917,hamilton,mercedes,1,1,1,25.0,58,1:31:54.067,Finished,50,1:30.945,209.915
917,rosberg,mercedes,2,2,2,18.0,58,+1.360,Finished,47,1:31.092,209.577
917,vettel,ferrari,4,3,3,15.0,58,+34.523,Finished,52,1:31.457,208.74
917,massa,williams,3,4,4,12.0,58,+38.196,Finished,50,1:31.719,208.144
917,nasr,sauber,10,5,5,10.0,58,+1:35.149,Finished,46,1:32.612,206.137
917,ricciardo,red_bull,6,6,6,8.0,57,,+1 Lap,46,1:32.797,205.726
917,hulkenberg,force_india,13,7,7,6.0,57,,+1 Lap,48,1:31.970,207.576
917,ericsson,sauber,15,8,8,4.0,57,,+1 Lap,51,1:31.560,208.505
917,sainz,toro_rosso,7,9,9,2.0,57,,+1 Lap,49,1:32.872,205.56
917,perez,force_india,14,10,10,1.0,57,,+1 Lap,46,1:31.959,207.601
917,button,mclaren,16,11,11,0.0,56,,+2 Laps,56,1:33.338,204.534
917,raikkonen,ferrari,5,12,R,0.0,40,,Wheel,36,1:31.426,208.811
917,max_verstappen,toro_rosso,11,13,R,0.0,32,,Engine,30,1:34.295,202.458
917,grosjean,lotus_f1,8,14,R,0.0,0,,Power loss,,,
917,maldonado,lotus_f1,9,15,R,0.0,0,,Accident,,,
917,kvyat,red_bull,12,16,W,0.0,0,,Withdrew,,,
917,kevin_magnussen,mclaren,17,17,W,0.0,0,,Withdrew,,,
917,bottas,williams,0,18,W,0.0,0,,Withdrew,,,
919,hamilton,mercedes,1,1,1,25.0,56,1:39:42.008,Finished,31,1:42.208,191.996
919,rosberg,mercedes,2,2,2,18.0,56,+0.714,Finished,39,1:42.565,191.328
919,vettel,ferrari,3,3,3,15.0,56,+2.988,Finished,15,1:43.018,190.487
919,raikkonen,ferrari,6,4,4,12.0,56,+3.835,Finished,48,1:43.026,190.472
919,massa,williams,4,5,5,10.0,56,+8.544,Finished,37,1:42.734,191.013
919,bottas,williams,5,6,6,8.0,56,+9.885,Finished,37,1:43.051,190.426
919,grosjean,lotus_f1,8,7,7,6.0,56,+19.008,Finished,34,1:43.134,190.272
919,nasr,sauber,9,8,8,4.0,56,+22.625,Finished,46,1:43.692,189.248
919,ricciardo,red_bull,7,9,9,2.0,56,+32.117,Finished,46,1:43.245,190.068
919,ericsson,sauber,10,10,10,1.0,55,,+1 Lap,32,1:44.204,188.319
919,perez,force_india,15,11,11,0.0,55,,+1 Lap,44,1:43.512,189.578
919,alonso,mclaren,18,12,12,0.0,55,,+1 Lap,40,1:43.728,189.183
919,sainz,toro_rosso,14,13,13,0.0,55,,+1 Lap,41,1:42.652,191.166
919,button,mclaren,17,14,14,0.0,55,,+1 Lap,21,1:44.991,186.907
919,stevens,manor,19,15,15,0.0,54,,+2 Laps,40,1:45.414,186.157
919,merhi,manor,20,16,16,0.0,54,,+2 Laps,43,1:45.963,185.192
919,max_verstappen,toro_rosso,13,17,17,0.0,52,,Transmission,46,1:43.880,188.906
919,maldonado,lotus_f1,11,18,R,0.0,49,,Brakes,37,1:43.686,189.259
919,kvyat,red_bull,12,19,R,0.0,15,,Power Unit,13,1:46.291,184.621
919,hulkenberg,force_india,16,20,R,0.0,9,,Gearbox,6,1:45.844,185.401
923,hamilton,mercedes,1,1,1,25.0,70,1:31:53.145,Finished,64,1:17.472,202.648
923,rosberg,mercedes,2,2,2,18.0,70,+2.285,Finished,63,1:17.637,202.218
923,bottas,williams,4,3,3,15.0,70,+40.666,Finished,67,1:17.922,201.478
923,raikkonen,ferrari,3,4,4,12.0,70,+45.625,Finished,42,1:16.987,203.925
923,vettel,ferrari,18,5,5,10.0,70,+49.903,Finished,59,1:17.105,203.613
923,massa,williams,15,6,6,8.0,70,+56.381,Finished,64,1:17.553,202.437
923,maldonado,lotus_f1,6,7,7,6.0,70,+1:06.664,Finished,51,1:18.385,200.288
923,hulkenberg,force_india,7,8,8,4.0,69,,+1 Lap,66,1:18.238,200.664
923,kvyat,red_bull,8,9,9,2.0,69,,+1 Lap,69,1:18.048,201.153
923,grosjean,lotus_f1,5,10,10,1.0,69,,+1 Lap,51,1:17.969,201.356
923,perez,force_india,10,11,11,0.0,69,,+1 Lap,49,1:18.889,199.008
923,sainz,toro_rosso,11,12,12,0.0,69,,+1 Lap,61,1:18.811,199.205
923,ricciardo,red_bull,9,13,13,0.0,69,,+1 Lap,67,1:19.060,198.578
923,ericsson,sauber,12,14,14,0.0,69,,+1 Lap,58,1:18.890,199.006
923,max_verstappen,toro_rosso,19,15,15,0.0,69,,+1 Lap,50,1:18.616,199.699
923,nasr,sauber,14,16,16,0.0,68,,+2 Laps,47,1:19.088,198.507
923,stevens,manor,17,17,17,0.0,66,,+4 Laps,38,1:20.707,194.525
923,merhi,manor,16,18,R,0.0,57,,Retired,37,1:20.804,194.292
923,button,mclaren,20,19,R,0.0,54,,Retired,49,1:18.856,199.092
923,alonso,mclaren,13,20,R,0.0,44,,Engine,41,1:19.580,197.28
925,hamilton,mercedes,1,1,1,25.0,52,1:31:27.729,Finished,29,1:37.093,218.425
925,rosberg,mercedes,2,2,2,18.0,52,+10.956,Finished,24,1:37.403,217.73
925,vettel,ferrari,6,3,3,15.0,52,+25.443,Finished,31,1:37.707,217.053
925,massa,williams,3,4,4,12.0,52,+36.839,Finished,26,1:37.466,217.589
925,bottas,williams,4,5,5,10.0,52,+1:03.194,Finished,32,1:37.513,217.484
925,kvyat,red_bull,7,6,6,8.0,52,+1:03.955,Finished,28,1:37.910,216.603
925,hulkenberg,force_india,9,7,7,6.0,52,+1:18.744,Finished,32,1:38.296,215.752
925,raikkonen,ferrari,5,8,8,4.0,51,,+1 Lap,31,1:37.493,217.529
925,perez,force_india,11,9,9,2.0,51,,+1 Lap,25,1:38.466,215.379
925,alonso,mclaren,17,10,10,1.0,51,,+1 Lap,30,1:38.883,214.471
925,ericsson,sauber,15,11,11,0.0,51,,+1 Lap,31,1:38.131,216.115
925,merhi,manor,20,12,12,0.0,49,,+3 Laps,26,1:42.324,207.259
925,stevens,manor,19,13,13,0.0,49,,+3 Laps,28,1:41.919,208.082
925,sainz,toro_rosso,8,14,R,0.0,31,,Electrical,26,1:38.697,214.875
925,ricciardo,red_bull,10,15,R,0.0,21,,Electrical,14,1:39.940,212.203
925,max_verstappen,toro_rosso,13,16,R,0.0,3,,Spun off,3,2:20.776,150.647
925,grosjean,lotus_f1,12,17,R,0.0,0,,Collision,,,
925,maldonado,lotus_f1,14,18,R,0.0,0,,Collision,,,
925,button,mclaren,18,19,R,0.0,0,,Collision,,,
925,nasr,sauber,16,20,W,0.0,0,,Gearbox,,,
928,hamilton,mercedes,1,1,1,25.0,53,1:18:00.688,Finished,48,1:26.672,240.617
928,vettel,ferrari,3,2,2,18.0,53,+25.042,Finished,52,1:27.376,238.678
928,massa,williams,5,3,3,15.0,53,+47.635,Finished,31,1:27.874,237.326
928,bottas,williams,6,4,4,12.0,53,+47.996,Finished,49,1:27.525,238.272
928,raikkonen,ferrari,2,5,5,10.0,53,+1:08.860,Finished,43,1:27.584,238.111
928,perez,force_india,7,6,6,8.0,53,+1:12.783,Finished,46,1:28.140,236.609
928,hulkenberg,force_india,9,7,7,6.0,52,,+1 Lap,36,1:28.913,234.552
928,ricciardo,red_bull,19,8,8,4.0,52,,+1 Lap,50,1:28.065,236.811
928,ericsson,sauber,12,9,9,2.0,52,,+1 Lap,22,1:28.516,235.604
928,kvyat,red_bull,18,10,10,1.0,52,,+1 Lap,39,1:28.231,236.365
928,sainz,toro_rosso,17,11,11,0.0,52,,+1 Lap,38,1:27.510,238.313
928,max_verstappen,toro_rosso,20,12,12,0.0,52,,+1 Lap,35,1:27.390,238.64
928,nasr,sauber,17,13,13,0.0,52,,+1 Lap,51,1:28.653,235.24
928,button,mclaren,15,14,14,0.0,52,,+1 Lap,33,1:29.766,232.324
928,stevens,manor,13,15,15,0.0,51,,+2 Laps,51,1:31.098,228.927
928,merhi,manor,14,16,16,0.0,51,,+2 Laps,29,1:31.311,228.393
928,rosberg,mercedes,4,17,17,0.0,50,,+3 Laps,43,1:27.067,239.525
928,alonso,mclaren,16,18,18,0.0,47,,+6 Laps,42,1:29.285,233.575
928,grosjean,lotus_f1,8,19,R,0.0,1,,Collision damage,,,
928,maldonado,lotus_f1,10,20,R,0.0,1,,Collision damage,,,
932,hamilton,mercedes,2,1,1,25.0,56,1:50:52.703,Finished,48,1:40.738,197.014
932,rosberg,mercedes,1,2,2,18.0,56,+2.850,Finished,49,1:40.666,197.154
932,vettel,ferrari,13,3,3,15.0,56,+3.381,Finished,52,1:41.330,195.863
932,max_verstappen,toro_rosso,8,4,4,12.0,56,+22.359,Finished,51,1:43.172,192.366
932,perez,force_india,5,5,5,10.0,56,+24.413,Finished,54,1:43.010,192.668
932,button,mclaren,11,6,6,8.0,56,+28.058,Finished,50,1:43.026,192.638
932,sainz,toro_rosso,20,7,7,6.0,56,+30.619,Finished,51,1:42.660,193.325
932,maldonado,lotus_f1,12,8,8,4.0,56,+32.273,Finished,51,1:42.849,192.97
932,nasr,sauber,15,9,9,2.0,56,+40.257,Finished,54,1:44.407,190.09
932,ricciardo,red_bull,3,10,10,1.0,56,+53.371,Finished,53,1:41.980,194.614
932,alonso,mclaren,9,11,11,0.0,56,+54.816,Finished,55,1:44.323,190.243
932,rossi,manor,17,12,12,0.0,56,+1:15.277,Finished,50,1:48.173,183.472
932,kvyat,red_bull,4,13,R,0.0,41,,Accident,41,1:43.728,191.335
932,hulkenberg,force_india,6,14,R,0.0,35,,Accident,24,1:45.095,188.846
932,ericsson,sauber,14,15,R,0.0,25,,Retired,24,1:47.381,184.825
932,raikkonen,ferrari,18,16,R,0.0,25,,Brake duct,24,1:46.186,186.905
932,massa,williams,7,17,R,0.0,23,,Retired,22,1:48.231,183.374
932,grosjean,lotus_f1,10,18,R,0.0,10,,Retired,8,1:59.612,165.926
932,bottas,williams,16,19,R,0.0,5,,Retired,3,2:31.939,130.623
932,stevens,manor,19,20,R,0.0,1,,Retired,,,
936,rosberg,mercedes,2,1,1,25.0,57,1:48:15.565,Finished,21,1:30.557,210.815
936,hamilton,mercedes,1,2,2,18.0,57,+8.060,Finished,48,1:30.646,210.608
936,vettel,ferrari,3,3,3,15.0,57,+9.643,Finished,23,1:29.951,212.235
936,ricciardo,red_bull,8,4,4,12.0,57,+24.330,Finished,49,1:28.997,214.51
936,massa,williams,6,5,5,10.0,57,+58.979,Finished,39,1:32.288,206.861
936,grosjean,haas,19,6,6,8.0,57,+1:12.081,Finished,48,1:32.862,205.582
936,hulkenberg,force_india,10,7,7,6.0,57,+1:14.199,Finished,49,1:32.833,205.646
936,bottas,williams,16,8,8,4.0,57,+1:15.153,Finished,51,1:32.725,205.886
936,sainz,toro_rosso,7,9,9,2.0,57,+1:15.680,Finished,23,1:31.671,208.253
936,max_verstappen,toro_rosso,5,10,10,1.0,57,+1:16.833,Finished,44,1:31.516,208.606
936,jolyon_palmer,renault,13,11,11,0.0,57,+1:23.399,Finished,14,1:32.955,205.376
936,kevin_magnussen,renault,14,12,12,0.0,57,+1:25.606,Finished,45,1:32.452,206.494
936,perez,force_india,9,13,13,0.0,57,+1:31.699,Finished,39,1:32.780,205.764
936,button,mclaren,12,14,14,0.0,56,,+1 Lap,33,1:31.684,208.223
936,nasr,sauber,17,15,15,0.0,56,,+1 Lap,48,1:32.711,205.917
936,wehrlein,manor,21,16,16,0.0,56,,+1 Lap,34,1:32.673,206.001
936,ericsson,sauber,15,17,R,0.0,38,,Engine,15,1:33.892,203.327
936,raikkonen,ferrari,4,18,R,0.0,21,,Engine,21,1:30.701,210.48
936,haryanto,manor,22,19,R,0.0,17,,Mechanical,15,1:33.847,203.424
936,gutierrez,haas,20,20,R,0.0,16,,Collision,4,1:32.998,205.281
936,alonso,mclaren,11,21,R,0.0,16,,Collision,14,1:32.553,206.268
936,kvyat,red_bull,18,22,W,0.0,0,,Retired,,,
937,rosberg,mercedes,2,1,1,25.0,57,1:33:34.696,Finished,41,1:34.482,206.21
937,raikkonen,ferrari,4,2,2,18.0,57,+10.282,Finished,39,1:35.158,204.745
937,hamilton,mercedes,1,3,3,15.0,57,+30.148,Finished,43,1:34.677,205.785
937,ricciardo,red_bull,5,4,4,12.0,57,+1:02.494,Finished,44,1:36.064,202.814
937,grosjean,haas,9,5,5,10.0,57,+1:18.299,Finished,42,1:36.095,202.749
937,max_verstappen,toro_rosso,10,6,6,8.0,57,+1:20.929,Finished,49,1:35.504,204.004
937,kvyat,red_bull,15,7,7,6.0,56,,+1 Lap,36,1:35.678,203.633
937,massa,williams,7,8,8,4.0,56,,+1 Lap,31,1:37.560,199.704
937,bottas,williams,6,9,9,2.0,56,,+1 Lap,37,1:37.077,200.698
937,vandoorne,mclaren,12,10,10,1.0,56,,+1 Lap,44,1:36.121,202.694
937,kevin_magnussen,renault,22,11,11,0.0,56,,+1 Lap,40,1:36.730,201.418
937,ericsson,sauber,17,12,12,0.0,56,,+1 Lap,32,1:38.003,198.802
937,wehrlein,manor,16,13,13,0.0,56,,+1 Lap,43,1:35.448,204.123
937,nasr,sauber,21,14,14,0.0,56,,+1 Lap,49,1:35.360,204.312
937,hulkenberg,force_india,8,15,15,0.0,56,,+1 Lap,53,1:35.188,204.681
937,perez,force_india,18,16,16,0.0,56,,+1 Lap,39,1:36.067,202.808
937,haryanto,manor,20,17,17,0.0,56,,+1 Lap,47,1:36.685,201.512
937,sainz,toro_rosso,11,18,R,0.0,29,,Retired,22,1:38.408,197.983
937,gutierrez,haas,13,19,R,0.0,9,,Retired,2,1:39.341,196.124
937,button,mclaren,14,20,R,0.0,6,,Power Unit,3,1:39.427,195.954
937,vettel,ferrari,3,21,W,0.0,0,,Engine,,,
937,jolyon_palmer,renault,19,22,W,0.0,0,,Hydraulics,,,
938,rosberg,mercedes,1,1,1,25.0,56,1:38:53.891,Finished,38,1:40.418,195.419
938,vettel,ferrari,4,2,2,18.0,56,+37.776,Finished,37,1:40.610,195.046
938,kvyat,red_bull,6,3,3,15.0,56,+45.936,Finished,38,1:41.546,193.248
938,ricciardo,red_bull,2,4,4,12.0,56,+52.688,Finished,55,1:41.015,194.264
938,raikkonen,ferrari,3,5,5,10.0,56,+1:05.872,Finished,40,1:40.593,195.079
938,massa,williams,10,6,6,8.0,56,+1:15.511,Finished,34,1:41.815,192.737
938,hamilton,mercedes,22,7,7,6.0,56,+1:18.230,Finished,32,1:40.662,194.945
938,max_verstappen,toro_rosso,9,8,8,4.0,56,+1:19.268,Finished,41,1:40.399,195.456
938,sainz,toro_rosso,8,9,9,2.0,56,+1:24.127,Finished,35,1:41.485,193.364
938,bottas,williams,5,10,10,1.0,56,+1:26.192,Finished,23,1:41.558,193.225
938,perez,force_india,7,11,11,0.0,56,+1:34.283,Finished,30,1:41.846,192.679
938,alonso,mclaren,11,12,12,0.0,56,+1:37.253,Finished,36,1:42.226,191.962
938,button,mclaren,12,13,13,0.0,56,+1:41.990,Finished,46,1:40.298,195.652
938,gutierrez,haas,18,14,14,0.0,55,,+1 Lap,45,1:40.368,195.516
938,hulkenberg,force_india,13,15,15,0.0,55,,+1 Lap,48,1:39.824,196.581
938,ericsson,sauber,15,16,16,0.0,55,,+1 Lap,41,1:43.269,190.024
938,kevin_magnussen,renault,17,17,17,0.0,55,,+1 Lap,22,1:42.311,191.803
938,wehrlein,manor,21,18,18,0.0,55,,+1 Lap,48,1:41.489,193.356
938,grosjean,haas,14,19,19,0.0,55,,+1 Lap,47,1:39.923,196.387
938,nasr,sauber,16,20,20,0.0,55,,+1 Lap,42,1:40.582,195.1
938,haryanto,manor,20,21,21,0.0,55,,+1 Lap,42,1:42.009,192.371
938,jolyon_palmer,renault,19,22,22,0.0,55,,+1 Lap,26,1:42.232,191.951
939,rosberg,mercedes,1,1,1,25.0,53,1:32:41.997,Finished,52,1:39.094,212.452
939,hamilton,mercedes,10,2,2,18.0,53,+25.022,Finished,36,1:40.266,209.969
939,raikkonen,ferrari,3,3,3,15.0,53,+31.998,Finished,47,1:40.101,210.315
939,bottas,williams,2,4,4,12.0,53,+50.217,Finished,37,1:41.159,208.115
939,massa,williams,4,5,5,10.0,53,+1:14.427,Finished,52,1:39.743,211.07
939,alonso,mclaren,14,6,6,8.0,52,,+1 Lap,52,1:40.347,209.799
939,kevin_magnussen,renault,17,7,7,6.0,52,,+1 Lap,50,1:41.832,206.74
939,grosjean,haas,15,8,8,4.0,52,,+1 Lap,51,1:42.026,206.347
939,perez,force_india,6,9,9,2.0,52,,+1 Lap,47,1:41.897,206.608
939,button,mclaren,12,10,10,1.0,52,,+1 Lap,50,1:41.720,206.968
939,ricciardo,red_bull,5,11,11,0.0,52,,+1 Lap,46,1:41.179,208.074
939,sainz,toro_rosso,11,12,12,0.0,52,,+1 Lap,41,1:42.205,205.986
939,jolyon_palmer,renault,18,13,13,0.0,52,,+1 Lap,37,1:42.660,205.073
939,ericsson,sauber,22,14,14,0.0,52,,+1 Lap,45,1:42.050,206.298
939,kvyat,red_bull,8,15,15,0.0,52,,+1 Lap,44,1:42.344,205.706
939,nasr,sauber,19,16,16,0.0,52,,+1 Lap,50,1:42.253,205.889
939,gutierrez,haas,16,17,17,0.0,52,,+1 Lap,52,1:42.378,205.637
939,wehrlein,manor,20,18,18,0.0,51,,+2 Laps,43,1:41.907,206.588
939,max_verstappen,toro_rosso,9,19,R,0.0,33,,Power Unit,32,1:42.029,206.341
939,vettel,ferrari,7,20,R,0.0,0,,Collision,,,
939,hulkenberg,force_india,13,21,R,0.0,0,,Collision,,,
939,haryanto,manor,21,22,R,0.0,0,,Collision,,,
941,hamilton,mercedes,3,1,1,25.0,78,1:59:29.133,Finished,71,1:17.939,154.135
941,ricciardo,red_bull,1,2,2,18.0,78,+7.252,Finished,67,1:18.294,153.437
941,perez,force_india,7,3,3,15.0,78,+13.825,Finished,64,1:18.446,153.139
941,vettel,ferrari,4,4,4,12.0,78,+15.846,Finished,62,1:18.005,154.005
941,alonso,mclaren,9,5,5,10.0,78,+1:25.076,Finished,72,1:19.170,151.739
941,hulkenberg,force_india,5,6,6,8.0,78,+1:32.999,Finished,74,1:19.232,151.62
941,rosberg,mercedes,2,7,7,6.0,78,+1:33.290,Finished,74,1:18.763,152.523
941,sainz,toro_rosso,6,8,8,4.0,77,,+1 Lap,70,1:18.519,152.997
941,button,mclaren,13,9,9,2.0,77,,+1 Lap,66,1:19.670,150.786
941,massa,williams,14,10,10,1.0,77,,+1 Lap,69,1:19.213,151.656
941,gutierrez,haas,12,11,11,0.0,77,,+1 Lap,69,1:19.131,151.814
941,bottas,williams,10,12,12,0.0,77,,+1 Lap,66,1:19.223,151.637
941,grosjean,haas,15,13,13,0.0,76,,+2 Laps,65,1:20.219,149.755
941,wehrlein,manor,20,14,14,0.0,76,,+2 Laps,60,1:20.372,149.469
941,haryanto,manor,19,15,15,0.0,74,,+4 Laps,70,1:19.868,150.413
941,ericsson,sauber,17,16,R,0.0,51,,Collision,51,1:21.342,147.687
941,nasr,sauber,0,17,R,0.0,48,,Retired,46,1:21.889,146.701
941,max_verstappen,red_bull,0,18,R,0.0,34,,Accident,34,1:26.563,138.779
941,kevin_magnussen,renault,16,19,R,0.0,32,,Retired,27,1:29.802,133.774
941,kvyat,toro_rosso,8,20,R,0.0,18,,Accident,14,1:37.895,122.715
941,raikkonen,ferrari,11,21,R,0.0,10,,Accident,10,1:47.149,112.116
941,jolyon_palmer,renault,18,22,R,0.0,7,,Accident,2,1:58.474,101.399
942,hamilton,mercedes,1,1,1,25.0,70,1:31:05.296,Finished,68,1:15.981,206.625
942,vettel,ferrari,3,2,2,18.0,70,+5.011,Finished,70,1:16.297,205.769
942,bottas,williams,7,3,3,15.0,70,+46.422,Finished,68,1:16.938,204.055
942,max_verstappen,red_bull,5,4,4,12.0,70,+53.020,Finished,49,1:16.319,205.71
942,rosberg,mercedes,2,5,5,10.0,70,+1:02.093,Finished,60,1:15.599,207.669
942,raikkonen,ferrari,6,6,6,8.0,70,+1:03.017,Finished,44,1:16.919,204.105
942,ricciardo,red_bull,4,7,7,6.0,70,+1:03.634,Finished,51,1:16.506,205.207
942,hulkenberg,force_india,9,8,8,4.0,69,,+1 Lap,68,1:16.604,204.944
942,sainz,toro_rosso,20,9,9,2.0,69,,+1 Lap,54,1:16.578,205.014
942,perez,force_india,11,10,10,1.0,69,,+1 Lap,54,1:16.559,205.065
942,alonso,mclaren,10,11,11,0.0,69,,+1 Lap,67,1:17.307,203.081
942,kvyat,toro_rosso,15,12,12,0.0,69,,+1 Lap,50,1:16.942,204.044
942,gutierrez,haas,13,13,13,0.0,68,,+2 Laps,48,1:17.728,201.981
942,grosjean,haas,14,14,14,0.0,68,,+2 Laps,50,1:17.281,203.149
942,ericsson,sauber,21,15,15,0.0,68,,+2 Laps,63,1:18.100,201.019
942,kevin_magnussen,renault,22,16,16,0.0,68,,+2 Laps,42,1:18.224,200.7
942,wehrlein,manor,17,17,17,0.0,68,,+2 Laps,48,1:18.282,200.551
942,nasr,sauber,18,18,18,0.0,68,,+2 Laps,66,1:17.883,201.579
942,haryanto,manor,19,19,19,0.0,68,,+2 Laps,57,1:18.658,199.593
942,massa,williams,8,20,R,0.0,35,,Retired,32,1:17.424,202.774
942,jolyon_palmer,renault,16,21,R,0.0,16,,Retired,6,1:19.879,196.542
942,button,mclaren,12,22,R,0.0,9,,Power Unit,5,1:19.456,197.588
944,hamilton,mercedes,1,1,1,25.0,71,1:27:38.107,Finished,67,1:08.411,227.647
944,max_verstappen,red_bull,8,2,2,18.0,71,+5.719,Finished,69,1:09.618,223.7
944,raikkonen,ferrari,4,3,3,15.0,71,+6.024,Finished,66,1:08.876,226.11
944,rosberg,mercedes,6,4,4,12.0,71,+16.710,Finished,66,1:08.491,227.381
944,ricciardo,red_bull,5,5,5,10.0,71,+30.981,Finished,66,1:08.770,226.459
944,button,mclaren,3,6,6,8.0,71,+37.706,Finished,70,1:10.001,222.476
944,grosjean,haas,13,7,7,6.0,71,+44.668,Finished,67,1:09.925,222.718
944,sainz,toro_rosso,15,8,8,4.0,71,+47.400,Finished,68,1:10.138,222.042
944,bottas,williams,7,9,9,2.0,70,,+1 Lap,55,1:10.210,221.814
944,wehrlein,manor,12,10,10,1.0,70,,+1 Lap,67,1:10.859,219.782
944,gutierrez,haas,11,11,11,0.0,70,,+1 Lap,55,1:09.694,223.456
944,jolyon_palmer,renault,19,12,12,0.0,70,,+1 Lap,53,1:10.228,221.757
944,nasr,sauber,21,13,13,0.0,70,,+1 Lap,46,1:10.415,221.168
944,kevin_magnussen,renault,17,14,14,0.0,70,,+1 Lap,56,1:10.450,221.058
944,ericsson,sauber,18,15,15,0.0,70,,+1 Lap,58,1:10.704,220.264
944,haryanto,manor,20,16,16,0.0,70,,+1 Lap,66,1:10.342,221.398
944,perez,force_india,16,17,17,0.0,69,,Brakes,66,1:10.120,222.099
944,alonso,mclaren,14,18,18,0.0,64,,Battery,44,1:11.020,219.284
944,hulkenberg,force_india,2,19,19,0.0,64,,Brakes,53,1:10.309,221.502
944,massa,williams,0,20,20,0.0,63,,Brakes,59,1:09.899,222.801
944,vettel,ferrari,9,21,R,0.0,26,,Tyre,10,1:11.441,217.992
944,kvyat,toro_rosso,0,22,R,0.0,2,,Retired,2,1:18.302,198.891
947,hamilton,mercedes,2,1,1,25.0,67,1:30:44.200,Finished,52,1:18.746,209.107
947,ricciardo,red_bull,3,2,2,18.0,67,+6.996,Finished,48,1:18.442,209.918
947,max_verstappen,red_bull,4,3,3,15.0,67,+13.413,Finished,47,1:18.910,208.673
947,rosberg,mercedes,1,4,4,12.0,67,+15.845,Finished,51,1:19.122,208.114
947,vettel,ferrari,6,5,5,10.0,67,+32.570,Finished,48,1:18.710,209.203
947,raikkonen,ferrari,5,6,6,8.0,67,+37.023,Finished,36,1:19.572,206.937
947,hulkenberg,force_india,8,7,7,6.0,67,+1:10.049,Finished,46,1:20.056,205.686
947,button,mclaren,12,8,8,4.0,66,,+1 Lap,48,1:19.781,206.395
947,bottas,williams,7,9,9,2.0,66,,+1 Lap,36,1:20.442,204.699
947,perez,force_india,9,10,10,1.0,66,,+1 Lap,46,1:19.606,206.848
947,gutierrez,haas,11,11,11,0.0,66,,+1 Lap,56,1:19.883,206.131
947,alonso,mclaren,13,12,12,0.0,66,,+1 Lap,50,1:20.132,205.49
947,grosjean,haas,20,13,13,0.0,66,,+1 Lap,58,1:20.250,205.188
947,sainz,toro_rosso,15,14,14,0.0,66,,+1 Lap,54,1:19.957,205.94
947,kvyat,toro_rosso,18,15,15,0.0,66,,+1 Lap,51,1:19.585,206.903
947,kevin_magnussen,renault,16,16,16,0.0,66,,+1 Lap,42,1:21.649,201.673
947,wehrlein,manor,17,17,17,0.0,65,,+2 Laps,49,1:20.710,204.019
947,ericsson,sauber,22,18,18,0.0,65,,+2 Laps,35,1:21.212,202.758
947,jolyon_palmer,renault,14,19,19,0.0,65,,+2 Laps,55,1:21.127,202.97
947,haryanto,manor,19,20,20,0.0,65,,+2 Laps,56,1:21.845,201.19
947,nasr,sauber,21,21,R,0.0,57,,Power Unit,45,1:21.420,202.24
947,massa,williams,10,22,R,0.0,36,,Suspension,31,1:21.476,202.101
951,ricciardo,red_bull,4,1,1,25.0,56,1:37:12.776,Finished,44,1:37.449,204.771
951,max_verstappen,red_bull,3,2,2,18.0,56,+2.443,Finished,44,1:37.376,204.925
951,rosberg,mercedes,2,3,3,15.0,56,+25.516,Finished,44,1:36.424,206.948
951,raikkonen,ferrari,6,4,4,12.0,56,+28.785,Finished,47,1:37.466,204.736
951,bottas,williams,11,5,5,10.0,56,+1:01.582,Finished,53,1:39.199,201.159
951,perez,force_india,7,6,6,8.0,56,+1:03.794,Finished,51,1:39.328,200.898
951,alonso,mclaren,22,7,7,6.0,56,+1:05.205,Finished,44,1:38.291,203.017
951,hulkenberg,force_india,8,8,8,4.0,56,+1:14.062,Finished,43,1:37.793,204.051
951,button,mclaren,9,9,9,2.0,56,+1:21.816,Finished,51,1:38.740,202.094
951,jolyon_palmer,renault,19,10,10,1.0,56,+1:35.466,Finished,53,1:39.350,200.853
951,sainz,toro_rosso,16,11,11,0.0,56,+1:38.878,Finished,44,1:39.243,201.07
951,ericsson,sauber,17,12,12,0.0,55,,+1 Lap,55,1:39.781,199.985
951,massa,williams,10,13,13,0.0,55,,+1 Lap,53,1:39.920,199.707
951,kvyat,toro_rosso,15,14,14,0.0,55,,+1 Lap,43,1:39.798,199.951
951,wehrlein,manor,21,15,15,0.0,55,,+1 Lap,55,1:39.653,200.242
951,ocon,manor,20,16,16,0.0,55,,+1 Lap,45,1:41.467,196.662
951,nasr,sauber,18,17,R,0.0,46,,Brakes,43,1:40.490,198.574
951,hamilton,mercedes,1,18,R,0.0,40,,Engine,31,1:38.595,202.391
951,gutierrez,haas,13,19,R,0.0,39,,Wheel nut,37,1:41.775,196.067
951,kevin_magnussen,renault,14,20,R,0.0,17,,Power loss,3,1:43.379,193.025
951,grosjean,haas,12,21,R,0.0,7,,Brakes,7,1:42.142,195.363
951,vettel,ferrari,5,22,R,0.0,0,,Collision,,,
954,hamilton,mercedes,1,1,1,25.0,71,1:40:31.402,Finished,66,1:22.596,187.592
954,rosberg,mercedes,2,2,2,18.0,71,+8.354,Finished,43,1:22.792,187.148
954,ricciardo,red_bull,4,3,3,15.0,71,+20.858,Finished,53,1:21.134,190.972
954,max_verstappen,red_bull,3,4,4,12.0,71,+21.323,Finished,66,1:22.887,186.934
954,vettel,ferrari,7,5,5,10.0,71,+27.313,Finished,61,1:22.497,187.817
954,raikkonen,ferrari,6,6,6,8.0,71,+49.376,Finished,47,1:22.512,187.783
954,hulkenberg,force_india,5,7,7,6.0,71,+58.891,Finished,50,1:23.288,186.034
954,bottas,williams,8,8,8,4.0,71,+1:05.612,Finished,65,1:23.540,185.472
954,massa,williams,9,9,9,2.0,71,+1:16.206,Finished,64,1:23.576,185.392
954,perez,force_india,12,10,10,1.0,71,+1:16.798,Finished,62,1:23.607,185.324
954,ericsson,sauber,15,11,11,0.0,70,,+1 Lap,65,1:24.340,183.713
954,button,mclaren,13,12,12,0.0,70,,+1 Lap,70,1:23.777,184.948
954,alonso,mclaren,11,13,13,0.0,70,,+1 Lap,69,1:23.668,185.189
954,jolyon_palmer,renault,21,14,14,0.0,70,,+1 Lap,64,1:24.574,183.205
954,nasr,sauber,19,15,15,0.0,70,,+1 Lap,58,1:23.657,185.213
954,sainz,toro_rosso,10,16,16,0.0,70,,+1 Lap,52,1:24.467,183.437
954,kevin_magnussen,renault,14,17,17,0.0,70,,+1 Lap,53,1:23.146,186.351
954,kvyat,toro_rosso,18,18,18,0.0,70,,+1 Lap,59,1:23.618,185.299
954,gutierrez,haas,17,19,19,0.0,70,,+1 Lap,63,1:23.456,185.659
954,grosjean,haas,22,20,20,0.0,70,,+1 Lap,53,1:23.278,186.056
954,ocon,manor,20,21,21,0.0,69,,+2 Laps,43,1:24.964,182.364
954,wehrlein,manor,16,22,R,0.0,0,,Collision,,,
957,vettel,ferrari,2,1,1,25.0,57,1:24:11.672,Finished,53,1:26.638,220.351
957,hamilton,mercedes,1,2,2,18.0,57,+9.975,Finished,44,1:27.033,219.351
957,bottas,mercedes,3,3,3,15.0,57,+11.250,Finished,56,1:26.593,220.465
957,raikkonen,ferrari,4,4,4,12.0,57,+22.393,Finished,56,1:26.538,220.605
957,max_verstappen,red_bull,5,5,5,10.0,57,+28.827,Finished,43,1:26.964,219.525
957,massa,williams,7,6,6,8.0,57,+1:23.386,Finished,49,1:28.045,216.83
957,perez,force_india,10,7,7,6.0,56,,+1 Lap,56,1:28.336,216.115
957,sainz,toro_rosso,8,8,8,4.0,56,,+1 Lap,53,1:27.677,217.74
957,kvyat,toro_rosso,9,9,9,2.0,56,,+1 Lap,51,1:26.711,220.165
957,ocon,force_india,13,10,10,1.0,56,,+1 Lap,55,1:28.475,215.776
957,hulkenberg,renault,11,11,11,0.0,56,,+1 Lap,55,1:28.486,215.749
957,giovinazzi,sauber,16,12,12,0.0,55,,+2 Laps,51,1:29.052,214.378
957,vandoorne,mclaren,18,13,13,0.0,55,,+2 Laps,53,1:29.440,213.448
957,alonso,mclaren,12,14,R,0.0,50,,Vibrations,48,1:30.077,211.938
957,kevin_magnussen,haas,17,15,R,0.0,46,,Suspension,46,1:27.568,218.011
957,stroll,williams,20,16,R,0.0,40,,Brakes,38,1:29.389,213.569
957,ricciardo,red_bull,0,17,R,0.0,25,,Power Unit,21,1:29.447,213.431
957,ericsson,sauber,14,18,R,0.0,21,,Hydraulics,18,1:32.052,207.391
957,jolyon_palmer,renault,19,19,R,0.0,15,,Brakes,6,1:32.195,207.069
957,grosjean,haas,6,20,R,0.0,13,,Water leak,12,1:30.183,211.689
959,vettel,ferrari,3,1,1,25.0,57,1:33:53.374,Finished,36,1:33.826,207.652
959,hamilton,mercedes,2,2,2,18.0,57,+6.660,Finished,46,1:32.798,209.952
959,bottas,mercedes,1,3,3,15.0,57,+20.397,Finished,33,1:34.087,207.076
959,raikkonen,ferrari,5,4,4,12.0,57,+22.475,Finished,55,1:33.720,207.887
959,ricciardo,red_bull,4,5,5,10.0,57,+39.346,Finished,42,1:33.495,208.387
959,massa,williams,8,6,6,8.0,57,+54.326,Finished,39,1:34.256,206.705
959,perez,force_india,18,7,7,6.0,57,+1:02.606,Finished,39,1:34.609,205.933
959,grosjean,haas,9,8,8,4.0,57,+1:14.865,Finished,33,1:34.948,205.198
959,hulkenberg,renault,7,9,9,2.0,57,+1:20.188,Finished,40,1:35.372,204.286
959,ocon,force_india,14,10,10,1.0,57,+1:35.711,Finished,39,1:35.179,204.7
959,wehrlein,sauber,13,11,11,0.0,56,,+1 Lap,43,1:36.786,201.301
959,kvyat,toro_rosso,11,12,12,0.0,56,,+1 Lap,45,1:34.985,205.118
959,jolyon_palmer,renault,10,13,13,0.0,56,,+1 Lap,43,1:35.552,203.901
959,alonso,mclaren,15,14,14,0.0,54,,Power Unit,47,1:35.595,203.809
959,ericsson,sauber,19,15,R,0.0,50,,Gearbox,35,1:35.086,204.9
959,sainz,toro_rosso,16,16,R,0.0,12,,Collision,8,1:38.026,198.755
959,stroll,williams,12,17,R,0.0,12,,Collision,10,1:36.303,202.311
959,max_verstappen,red_bull,6,18,R,0.0,11,,Brakes,4,1:36.681,201.52
959,kevin_magnussen,haas,20,19,R,0.0,8,,Electrical,6,1:38.718,197.362
959,vandoorne,mclaren,17,20,R,0.0,0,,Power Unit,,,
961,hamilton,mercedes,1,1,1,25.0,66,1:35:56.497,Finished,64,1:23.593,200.471
961,vettel,ferrari,2,2,2,18.0,66,+3.490,Finished,43,1:23.674,200.277
961,ricciardo,red_bull,6,3,3,15.0,66,+1:15.820,Finished,40,1:23.686,200.248
961,perez,force_india,8,4,4,12.0,65,,+1 Lap,51,1:25.755,195.417
961,ocon,force_india,10,5,5,10.0,65,,+1 Lap,40,1:26.276,194.237
961,hulkenberg,renault,13,6,6,8.0,65,,+1 Lap,56,1:26.703,193.28
961,sainz,toro_rosso,12,7,7,6.0,65,,+1 Lap,61,1:26.186,194.439
961,wehrlein,sauber,15,8,8,4.0,65,,+1 Lap,58,1:26.476,193.787
961,kvyat,toro_rosso,19,9,9,2.0,65,,+1 Lap,37,1:25.976,194.914
961,grosjean,haas,14,10,10,1.0,65,,+1 Lap,50,1:26.871,192.906
961,ericsson,sauber,16,11,11,0.0,64,,+2 Laps,60,1:26.213,194.379
961,alonso,mclaren,7,12,12,0.0,64,,+2 Laps,64,1:23.894,199.752
961,massa,williams,9,13,13,0.0,64,,+2 Laps,64,1:26.472,193.796
961,kevin_magnussen,haas,11,14,14,0.0,64,,+2 Laps,15,1:26.371,194.023
961,jolyon_palmer,renault,17,15,15,0.0,64,,+2 Laps,44,1:24.843,197.517
961,stroll,williams,18,16,16,0.0,64,,+2 Laps,50,1:26.838,192.98
961,bottas,mercedes,3,17,R,0.0,38,,Power Unit,28,1:24.696,197.86
961,vandoorne,mclaren,20,18,R,0.0,32,,Collision,14,1:27.554,191.401
961,max_verstappen,red_bull,5,19,R,0.0,1,,Collision damage,,,
961,raikkonen,ferrari,4,20,R,0.0,0,,Collision damage,,,
965,bottas,mercedes,1,1,1,25.0,71,1:21:48.523,Finished,51,1:07.847,229.115
965,vettel,ferrari,2,2,2,18.0,71,+0.658,Finished,69,1:07.496,230.306
965,ricciardo,red_bull,4,3,3,15.0,71,+6.012,Finished,69,1:07.442,230.491
965,hamilton,mercedes,8,4,4,12.0,71,+7.430,Finished,69,1:07.411,230.597
965,raikkonen,ferrari,3,5,5,10.0,71,+20.370,Finished,68,1:07.486,230.341
965,grosjean,haas,6,6,6,8.0,71,+1:13.160,Finished,65,1:08.590,226.633
965,perez,force_india,7,7,7,6.0,70,,+1 Lap,58,1:08.470,227.03
965,ocon,force_india,9,8,8,4.0,70,,+1 Lap,68,1:08.659,226.405
965,massa,williams,17,9,9,2.0,70,,+1 Lap,49,1:08.419,227.2
965,stroll,williams,18,10,10,1.0,70,,+1 Lap,67,1:08.777,226.017
965,jolyon_palmer,renault,16,11,11,0.0,70,,+1 Lap,64,1:08.652,226.428
965,vandoorne,mclaren,13,12,12,0.0,70,,+1 Lap,67,1:08.422,227.19
965,hulkenberg,renault,11,13,13,0.0,70,,+1 Lap,64,1:09.043,225.146
965,wehrlein,sauber,20,14,14,0.0,70,,+1 Lap,60,1:09.241,224.502
965,ericsson,sauber,19,15,15,0.0,69,,+2 Laps,56,1:09.284,224.363
965,kvyat,toro_rosso,14,16,16,0.0,68,,+3 Laps,57,1:08.061,228.395
965,sainz,toro_rosso,10,17,R,0.0,44,,Engine,42,1:09.150,224.798
965,kevin_magnussen,haas,15,18,R,0.0,29,,Hydraulics,23,1:10.402,220.8
965,alonso,mclaren,12,19,R,0.0,1,,Collision damage,,,
965,max_verstappen,red_bull,5,20,R,0.0,0,,Collision damage,,,
969,hamilton,mercedes,1,1,1,25.0,53,1:15:32.312,Finished,50,1:23.488,249.793
969,bottas,mercedes,4,2,2,18.0,53,+4.471,Finished,53,1:23.488,249.095
969,vettel,ferrari,6,3,3,15.0,53,+36.317,Finished,51,1:23.897,248.576
969,ricciardo,red_bull,16,4,4,12.0,53,+40.335,Finished,49,1:23.361,250.174
969,raikkonen,ferrari,5,5,5,10.0,53,+1:00.082,Finished,43,1:25.054,245.194
969,ocon,force_india,3,6,6,8.0,53,+1:11.528,Finished,53,1:25.054,243.482
969,stroll,williams,2,7,7,6.0,53,+1:14.156,Finished,51,1:25.625,243.559
969,massa,williams,7,8,8,4.0,53,+1:14.834,Finished,30,1:25.477,243.981
969,perez,force_india,10,9,9,2.0,53,+1:15.276,Finished,48,1:24.968,245.442
969,max_verstappen,red_bull,13,10,10,1.0,52,,+1 Lap,48,1:24.351,247.238
969,kevin_magnussen,haas,9,11,11,0.0,52,,+1 Lap,48,1:26.037,242.393
969,kvyat,toro_rosso,8,12,12,0.0,52,,+1 Lap,43,1:25.894,242.796
969,hulkenberg,renault,14,13,13,0.0,52,,+1 Lap,46,1:26.131,242.128
969,sainz,toro_rosso,15,14,14,0.0,52,,+1 Lap,46,1:26.210,241.906
969,grosjean,haas,20,15,15,0.0,52,,+1 Lap,48,1:25.020,245.292
969,wehrlein,sauber,12,16,16,0.0,51,,+2 Laps,47,1:26.547,240.965
969,alonso,mclaren,19,17,17,0.0,50,,Gearbox,44,1:25.871,242.861
969,ericsson,sauber,11,18,18,0.0,49,,Gearbox,20,1:27.663,237.897
969,vandoorne,mclaren,18,19,R,0.0,33,,Engine,30,1:26.912,239.953
969,jolyon_palmer,renault,17,20,R,0.0,29,,Engine,27,1:25.752,243.198
973,hamilton,mercedes,1,1,1,25.0,56,1:33:50.991,Finished,48,1:38.776,200.927
973,vettel,ferrari,2,2,2,18.0,56,+10.143,Finished,51,1:37.766,203.003
973,raikkonen,ferrari,5,3,3,15.0,56,+15.779,Finished,42,1:38.809,200.86
973,max_verstappen,red_bull,16,4,4,12.0,56,+16.768,Finished,39,1:38.060,202.394
973,bottas,mercedes,3,5,5,10.0,56,+34.967,Finished,54,1:37.767,203.001
973,ocon,force_india,6,6,6,8.0,56,+1:30.980,Finished,53,1:40.499,197.482
973,sainz,renault,7,7,7,6.0,56,+1:32.944,Finished,43,1:40.462,197.555
973,perez,force_india,9,8,8,4.0,55,,+1 Lap,14,1:40.851,196.793
973,massa,williams,10,9,9,2.0,55,,+1 Lap,36,1:40.131,198.208
973,kvyat,toro_rosso,11,10,10,1.0,55,,+1 Lap,19,1:40.971,196.559
973,stroll,williams,15,11,11,0.0,55,,+1 Lap,38,1:39.666,199.133
973,vandoorne,mclaren,20,12,12,0.0,55,,+1 Lap,27,1:40.349,197.777
973,brendon_hartley,toro_rosso,19,13,13,0.0,55,,+1 Lap,47,1:39.979,198.509
973,grosjean,haas,12,14,14,0.0,55,,+1 Lap,36,1:41.259,196.0
973,ericsson,sauber,13,15,15,0.0,55,,+1 Lap,42,1:41.041,196.423
973,kevin_magnussen,haas,17,16,16,0.0,55,,+1 Lap,51,1:37.893,202.739
973,alonso,mclaren,8,17,R,0.0,24,,Engine,21,1:41.537,195.463
973,ricciardo,red_bull,4,18,R,0.0,14,,Engine,14,1:40.102,198.265
973,wehrlein,sauber,14,19,R,0.0,5,,Collision,2,1:47.073,185.357
973,hulkenberg,renault,18,20,R,0.0,3,,Engine,2,1:44.270,190.34
976,bottas,mercedes,1,1,1,25.0,55,1:34:14.062,Finished,52,1:40.650,198.652
976,hamilton,mercedes,2,2,2,18.0,55,+3.899,Finished,51,1:41.473,197.041
976,vettel,ferrari,3,3,3,15.0,55,+19.330,Finished,5,1:40.770,198.416
976,raikkonen,ferrari,5,4,4,12.0,55,+45.386,Finished,53,1:42.338,195.376
976,max_verstappen,red_bull,6,5,5,10.0,55,+46.269,Finished,43,1:42.028,195.969
976,hulkenberg,renault,7,6,6,8.0,55,+1:25.713,Finished,53,1:42.376,195.303
976,perez,force_india,8,7,7,6.0,55,+1:32.062,Finished,52,1:42.689,194.708
976,ocon,force_india,9,8,8,4.0,55,+1:38.911,Finished,47,1:42.609,194.86
976,alonso,mclaren,11,9,9,2.0,54,,+1 Lap,26,1:43.378,193.41
976,massa,williams,10,10,10,1.0,54,,+1 Lap,45,1:43.026,194.071
976,grosjean,haas,16,11,11,0.0,54,,+1 Lap,51,1:42.437,195.187
976,vandoorne,mclaren,13,12,12,0.0,54,,+1 Lap,50,1:43.986,192.279
976,kevin_magnussen,haas,14,13,13,0.0,54,,+1 Lap,50,1:43.928,192.387
976,wehrlein,sauber,18,14,14,0.0,54,,+1 Lap,50,1:43.867,192.5
976,brendon_hartley,toro_rosso,20,15,15,0.0,54,,+1 Lap,52,1:43.897,192.444
976,gasly,toro_rosso,17,16,16,0.0,54,,+1 Lap,33,1:43.844,192.542
976,ericsson,sauber,19,17,17,0.0,54,,+1 Lap,36,1:43.567,193.057
976,stroll,williams,15,18,18,0.0,54,,+1 Lap,52,1:42.324,195.402
976,sainz,renault,12,19,R,0.0,31,,Wheel,26,1:43.378,193.41
976,ricciardo,red_bull,4,20,R,0.0,20,,Hydraulics,13,1:42.757,194.579
979,ricciardo,red_bull,6,1,1,25.0,56,1:35:36.380,Finished,55,1:35.785,204.871
979,bottas,mercedes,3,2,2,18.0,56,+8.894,Finished,50,1:36.987,202.332
979,raikkonen,ferrari,2,3,3,15.0,56,+9.637,Finished,48,1:36.456,203.446
979,hamilton,mercedes,4,4,4,12.0,56,+16.985,Finished,20,1:36.878,202.559
979,max_verstappen,red_bull,5,5,5,10.0,56,+20.436,Finished,50,1:36.206,203.974
979,hulkenberg,renault,7,6,6,8.0,56,+21.052,Finished,56,1:36.881,202.553
979,alonso,mclaren,13,7,7,6.0,56,+30.639,Finished,56,1:37.234,201.818
979,vettel,ferrari,1,8,8,4.0,56,+35.286,Finished,24,1:37.479,201.311
979,sainz,renault,9,9,9,2.0,56,+35.763,Finished,54,1:37.754,200.744
979,kevin_magnussen,haas,11,10,10,1.0,56,+39.594,Finished,54,1:38.152,199.93
979,ocon,force_india,12,11,11,0.0,56,+44.050,Finished,47,1:37.985,200.271
979,perez,force_india,8,12,12,0.0,56,+44.725,Finished,54,1:37.673,200.911
979,vandoorne,mclaren,14,13,13,0.0,56,+49.373,Finished,54,1:38.137,199.961
979,stroll,williams,18,14,14,0.0,56,+55.490,Finished,54,1:38.500,199.224
979,sirotkin,williams,16,15,15,0.0,56,+58.241,Finished,47,1:38.624,198.973
979,ericsson,sauber,20,16,16,0.0,56,+1:02.604,Finished,52,1:38.386,199.455
979,grosjean,haas,10,17,17,0.0,56,+1:05.296,Finished,51,1:37.410,201.453
979,gasly,toro_rosso,17,18,18,0.0,56,+1:06.330,Finished,54,1:38.367,199.493
979,leclerc,sauber,19,19,19,0.0,56,+1:22.575,Finished,23,1:38.808,198.603
979,brendon_hartley,toro_rosso,15,20,20,0.0,51,,Collision damage,50,1:39.376,197.468
982,ricciardo,red_bull,1,1,1,25.0,78,1:42:54.807,Finished,13,1:15.562,158.984
982,vettel,ferrari,2,2,2,18.0,78,+7.336,Finished,14,1:16.065,157.933
982,hamilton,mercedes,3,3,3,15.0,78,+17.013,Finished,15,1:16.270,157.508
982,raikkonen,ferrari,4,4,4,12.0,78,+18.127,Finished,13,1:16.392,157.257
982,bottas,mercedes,5,5,5,10.0,78,+18.822,Finished,21,1:16.312,157.422
982,ocon,force_india,6,6,6,8.0,78,+23.667,Finished,63,1:17.027,155.96
982,gasly,toro_rosso,10,7,7,6.0,78,+24.331,Finished,68,1:17.099,155.815
982,hulkenberg,renault,11,8,8,4.0,78,+24.839,Finished,57,1:16.061,157.941
982,max_verstappen,red_bull,20,9,9,2.0,78,+25.317,Finished,60,1:14.260,161.772
982,sainz,renault,8,10,10,1.0,78,+1:09.013,Finished,19,1:17.491,155.027
982,ericsson,sauber,16,11,11,0.0,78,+1:09.864,Finished,19,1:16.936,156.145
982,perez,force_india,9,12,12,0.0,78,+1:10.461,Finished,24,1:17.546,154.917
982,kevin_magnussen,haas,19,13,13,0.0,78,+1:14.823,Finished,20,1:17.476,155.057
982,vandoorne,mclaren,12,14,14,0.0,77,,+1 Lap,76,1:16.864,156.291
982,grosjean,haas,18,15,15,0.0,77,,+1 Lap,74,1:14.822,160.557
982,sirotkin,williams,13,16,16,0.0,77,,+1 Lap,75,1:15.325,159.484
982,stroll,williams,17,17,17,0.0,76,,+2 Laps,61,1:14.944,160.295
982,leclerc,sauber,14,18,R,0.0,70,,Collision,17,1:17.710,154.59
982,brendon_hartley,toro_rosso,15,19,R,0.0,70,,Collision,15,1:17.172,155.667
982,alonso,mclaren,7,20,R,0.0,52,,Gearbox,23,1:17.018,155.979
985,max_verstappen,red_bull,4,1,1,25.0,71,1:21:56.024,Finished,70,1:07.442,230.491
985,raikkonen,ferrari,3,2,2,18.0,71,+1.504,Finished,71,1:06.957,232.16
985,vettel,ferrari,6,3,3,15.0,71,+3.181,Finished,67,1:07.082,231.728
985,grosjean,haas,5,4,4,12.0,70,,+1 Lap,17,1:09.071,225.055
985,kevin_magnussen,haas,8,5,5,10.0,70,,+1 Lap,70,1:08.476,227.01
985,ocon,force_india,11,6,6,8.0,70,,+1 Lap,64,1:08.850,225.777
985,perez,force_india,16,7,7,6.0,70,,+1 Lap,66,1:08.504,226.918
985,alonso,mclaren,13,8,8,4.0,70,,+1 Lap,69,1:08.661,226.399
985,leclerc,sauber,18,9,9,2.0,70,,+1 Lap,68,1:09.006,225.267
985,ericsson,sauber,20,10,10,1.0,70,,+1 Lap,67,1:08.216,227.876
985,gasly,toro_rosso,12,11,11,0.0,70,,+1 Lap,38,1:09.295,224.327
985,sainz,renault,9,12,12,0.0,70,,+1 Lap,37,1:08.766,226.053
985,sirotkin,williams,17,13,13,0.0,69,,+2 Laps,64,1:08.971,225.381
985,stroll,williams,14,14,14,0.0,69,,+2 Laps,68,1:09.203,224.626
985,vandoorne,mclaren,15,15,15,0.0,65,,Collision damage,63,1:08.894,225.633
985,hamilton,mercedes,2,16,R,0.0,62,,Fuel pressure,58,1:07.241,231.18
985,brendon_hartley,toro_rosso,19,17,R,0.0,54,,Hydraulics,42,1:09.171,224.73
985,ricciardo,red_bull,7,18,R,0.0,53,,Exhaust,46,1:07.591,229.983
985,bottas,mercedes,1,19,R,0.0,13,,Hydraulics,12,1:09.044,225.143
985,hulkenberg,renault,10,20,R,0.0,11,,Engine,7,1:10.380,220.869
988,hamilton,mercedes,1,1,1,25.0,70,1:37:16.427,Finished,63,1:21.107,194.454
988,vettel,ferrari,4,2,2,18.0,70,+17.123,Finished,70,1:20.056,197.007
988,raikkonen,ferrari,3,3,3,15.0,70,+20.101,Finished,55,1:20.292,196.428
988,ricciardo,red_bull,12,4,4,12.0,70,+46.419,Finished,46,1:20.012,197.115
988,bottas,mercedes,2,5,5,10.0,70,+50.000,Finished,39,1:21.736,192.957
988,gasly,toro_rosso,6,6,6,8.0,70,+1:13.273,Finished,64,1:21.685,193.078
988,kevin_magnussen,haas,9,7,7,6.0,69,,+1 Lap,60,1:21.302,193.987
988,alonso,mclaren,11,8,8,4.0,69,,+1 Lap,68,1:22.090,192.125
988,sainz,renault,5,9,9,2.0,69,,+1 Lap,58,1:22.774,190.538
988,grosjean,haas,10,10,10,1.0,69,,+1 Lap,58,1:22.606,190.925
988,brendon_hartley,toro_rosso,8,11,11,0.0,69,,+1 Lap,62,1:22.612,190.911
988,hulkenberg,renault,13,12,12,0.0,69,,+1 Lap,69,1:21.261,194.085
988,ocon,force_india,18,13,13,0.0,69,,+1 Lap,63,1:22.876,190.303
988,perez,force_india,19,14,14,0.0,69,,+1 Lap,56,1:23.263,189.419
988,ericsson,sauber,14,15,15,0.0,68,,+2 Laps,53,1:23.671,188.495
988,sirotkin,williams,20,16,16,0.0,68,,+2 Laps,53,1:23.708,188.412
988,stroll,williams,15,17,17,0.0,68,,+2 Laps,51,1:22.660,190.8
988,vandoorne,mclaren,16,18,R,0.0,49,,Gearbox,46,1:23.077,189.843
988,max_verstappen,red_bull,7,19,R,0.0,5,,Power loss,5,1:23.985,187.79
988,leclerc,sauber,17,20,R,0.0,0,,Suspension,,,
990,hamilton,mercedes,3,1,1,25.0,53,1:16:54.484,Finished,30,1:22.497,252.794
990,raikkonen,ferrari,1,2,2,18.0,53,+8.705,Finished,28,1:23.515,249.713
990,bottas,mercedes,4,3,3,15.0,53,+14.066,Finished,39,1:22.907,251.544
990,vettel,ferrari,2,4,4,12.0,53,+16.151,Finished,51,1:22.505,252.77
990,max_verstappen,red_bull,5,5,5,10.0,53,+18.208,Finished,41,1:23.609,249.432
990,ocon,force_india,8,6,6,8.0,53,+57.761,Finished,48,1:24.243,247.555
990,perez,force_india,14,7,7,6.0,53,+58.678,Finished,44,1:24.179,247.743
990,sainz,renault,7,8,8,4.0,53,+1:18.140,Finished,43,1:23.529,249.671
990,stroll,williams,10,9,9,2.0,52,,+1 Lap,52,1:24.056,248.106
990,sirotkin,williams,12,10,10,1.0,52,,+1 Lap,39,1:24.580,246.568
990,leclerc,sauber,15,11,11,0.0,52,,+1 Lap,52,1:23.768,248.959
990,vandoorne,mclaren,17,12,12,0.0,52,,+1 Lap,52,1:24.504,246.79
990,hulkenberg,renault,20,13,13,0.0,52,,+1 Lap,47,1:24.772,246.01
990,gasly,toro_rosso,9,14,14,0.0,52,,+1 Lap,47,1:24.059,248.097
990,ericsson,sauber,18,15,15,0.0,52,,+1 Lap,46,1:24.767,246.024
990,kevin_magnussen,haas,11,16,16,0.0,52,,+1 Lap,44,1:23.768,248.959
990,ricciardo,red_bull,19,17,R,0.0,23,,Engine,46,1:25.692,243.369
990,alonso,mclaren,13,18,R,0.0,9,,Engine,18,1:25.229,244.691
990,brendon_hartley,toro_rosso,16,19,R,0.0,0,,Brakes,6,1:27.009,239.685
990,grosjean,haas,6,20,D,0.0,53,,Disqualified,,,
993,hamilton,mercedes,1,1,1,25.0,53,1:27:17.062,Finished,51,1:32.785,225.307
993,bottas,mercedes,2,2,2,18.0,53,+12.919,Finished,46,1:33.110,224.521
993,max_verstappen,red_bull,3,3,3,15.0,53,+14.295,Finished,50,1:33.367,223.903
993,ricciardo,red_bull,15,4,4,12.0,53,+19.495,Finished,50,1:33.187,224.336
993,raikkonen,ferrari,4,5,5,10.0,53,+50.998,Finished,28,1:34.223,221.869
993,vettel,ferrari,8,6,6,8.0,53,+1:09.873,Finished,53,1:32.318,226.447
993,perez,force_india,9,7,7,6.0,53,+1:19.379,Finished,43,1:34.073,222.223
993,grosjean,haas,5,8,8,4.0,53,+1:27.198,Finished,47,1:34.786,220.551
993,ocon,force_india,11,9,9,2.0,53,+1:28.055,Finished,50,1:34.670,220.821
993,sainz,renault,13,10,10,1.0,52,,+1 Lap,50,1:34.197,221.93
993,gasly,toro_rosso,7,11,11,0.0,52,,+1 Lap,35,1:34.133,222.081
993,ericsson,sauber,20,12,12,0.0,52,,+1 Lap,8,1:36.294,217.097
993,brendon_hartley,toro_rosso,6,13,13,0.0,52,,+1 Lap,30,1:34.857,220.386
993,alonso,mclaren,18,14,14,0.0,52,,+1 Lap,28,1:33.943,222.53
993,vandoorne,mclaren,19,15,15,0.0,52,,+1 Lap,25,1:35.023,220.001
993,sirotkin,williams,17,16,16,0.0,52,,+1 Lap,41,1:33.985,222.431
993,stroll,williams,14,17,17,0.0,52,,+1 Lap,41,1:33.354,223.934
993,leclerc,sauber,10,18,R,0.0,38,,Mechanical,37,1:34.515,221.183
993,hulkenberg,renault,16,19,R,0.0,37,,Engine,32,1:34.934,220.207
993,kevin_magnussen,haas,12,20,R,0.0,8,,Collision damage,6,1:39.908,209.244
995,max_verstappen,red_bull,2,1,1,25.0,71,1:38:28.851,Finished,66,1:19.186,195.67
995,vettel,ferrari,4,2,2,18.0,71,+17.316,Finished,49,1:19.522,194.844
995,raikkonen,ferrari,6,3,3,15.0,71,+49.914,Finished,19,1:20.334,192.874
995,hamilton,mercedes,3,4,4,12.0,71,+1:18.738,Finished,49,1:20.728,191.933
995,bottas,mercedes,5,5,5,10.0,70,,+1 Lap,65,1:18.741,196.776
995,hulkenberg,renault,7,6,6,8.0,69,,+2 Laps,67,1:20.637,192.15
995,leclerc,sauber,9,7,7,6.0,69,,+2 Laps,67,1:20.537,192.388
995,vandoorne,mclaren,15,8,8,4.0,69,,+2 Laps,14,1:21.921,189.138
995,ericsson,sauber,10,9,9,2.0,69,,+2 Laps,18,1:22.440,187.947
995,gasly,toro_rosso,20,10,10,1.0,69,,+2 Laps,69,1:22.755,187.232
995,ocon,force_india,11,11,11,0.0,69,,+2 Laps,6,1:22.629,187.517
995,stroll,williams,17,12,12,0.0,69,,+2 Laps,27,1:22.983,186.717
995,sirotkin,williams,19,13,13,0.0,69,,+2 Laps,66,1:22.640,187.492
995,brendon_hartley,toro_rosso,14,14,14,0.0,69,,+2 Laps,26,1:22.438,187.952
995,kevin_magnussen,haas,16,15,15,0.0,69,,+2 Laps,45,1:21.874,189.246
995,grosjean,haas,18,16,16,0.0,68,,+3 Laps,46,1:21.370,190.419
995,ricciardo,red_bull,1,17,R,0.0,61,,Engine,57,1:19.462,194.991
995,perez,force_india,13,18,R,0.0,38,,Brakes,6,1:23.545,185.461
995,sainz,renault,8,19,R,0.0,28,,Suspension,6,1:22.386,188.07
995,alonso,mclaren,12,20,R,0.0,3,,Engine,3,1:24.197,184.025
998,bottas,mercedes,2,1,1,26.0,58,1:25:27.325,Finished,57,1:25.580,223.075
998,hamilton,mercedes,1,2,2,18.0,58,+20.886,Finished,57,1:26.057,221.839
998,max_verstappen,red_bull,4,3,3,15.0,58,+22.520,Finished,57,1:26.256,221.327
998,vettel,ferrari,3,4,4,12.0,58,+57.109,Finished,16,1:27.954,217.054
998,leclerc,ferrari,5,5,5,10.0,58,+58.203,Finished,58,1:26.926,219.621
998,kevin_magnussen,haas,7,6,6,8.0,58,+1:27.156,Finished,56,1:28.182,216.493
998,hulkenberg,renault,11,7,7,6.0,57,,+1 Lap,52,1:28.444,215.851
998,raikkonen,alfa,9,8,8,4.0,57,,+1 Lap,52,1:28.270,216.277
998,stroll,racing_point,16,9,9,2.0,57,,+1 Lap,29,1:27.568,218.011
998,kvyat,toro_rosso,15,10,10,1.0,57,,+1 Lap,39,1:27.448,218.31
998,gasly,red_bull,17,11,11,0.0,57,,+1 Lap,39,1:27.229,218.858
998,norris,mclaren,8,12,12,0.0,57,,+1 Lap,17,1:28.555,215.581
998,perez,racing_point,10,13,13,0.0,57,,+1 Lap,41,1:28.485,215.751
998,albon,toro_rosso,13,14,14,0.0,57,,+1 Lap,43,1:28.188,216.478
998,giovinazzi,alfa,14,15,15,0.0,57,,+1 Lap,29,1:28.479,215.766
998,russell,williams,19,16,16,0.0,56,,+2 Laps,55,1:28.713,215.197
998,kubica,williams,20,17,17,0.0,55,,+3 Laps,30,1:29.284,213.821
998,grosjean,haas,6,18,R,0.0,29,,Wheel,17,1:28.462,215.807
998,ricciardo,renault,12,19,R,0.0,28,,Damage,18,1:29.848,212.478
998,sainz,mclaren,18,20,R,0.0,9,,Engine,9,1:30.899,210.022
999,hamilton,mercedes,3,1,1,25.0,57,1:34:21.295,Finished,36,1:33.528,208.314
999,bottas,mercedes,4,2,2,18.0,57,+2.980,Finished,42,1:34.209,206.808
999,leclerc,ferrari,1,3,3,16.0,57,+6.131,Finished,38,1:33.411,208.575
999,max_verstappen,red_bull,5,4,4,12.0,57,+6.408,Finished,47,1:35.311,204.417
999,vettel,ferrari,2,5,5,10.0,57,+36.068,Finished,43,1:34.895,205.313
999,norris,mclaren,9,6,6,8.0,57,+45.754,Finished,14,1:35.777,203.422
999,raikkonen,alfa,8,7,7,6.0,57,+47.470,Finished,45,1:35.589,203.822
999,gasly,red_bull,13,8,8,4.0,57,+58.094,Finished,42,1:35.291,204.46
999,albon,toro_rosso,12,9,9,2.0,57,+1:02.697,Finished,39,1:36.752,201.372
999,perez,racing_point,14,10,10,1.0,57,+1:03.696,Finished,51,1:36.330,202.254
999,giovinazzi,alfa,16,11,11,0.0,57,+1:04.599,Finished,42,1:35.237,204.575
999,kvyat,toro_rosso,15,12,12,0.0,56,,+1 Lap,40,1:34.934,205.228
999,kevin_magnussen,haas,6,13,13,0.0,56,,+1 Lap,41,1:35.892,203.178
999,stroll,racing_point,18,14,14,0.0,56,,+1 Lap,31,1:37.037,200.781
999,russell,williams,19,15,15,0.0,56,,+1 Lap,14,1:37.313,200.211
999,kubica,williams,20,16,16,0.0,55,,+2 Laps,13,1:37.903,199.005
999,hulkenberg,renault,17,17,R,0.0,53,,Engine,14,1:35.215,204.623
999,ricciardo,renault,10,18,R,0.0,53,,Out of fuel,42,1:36.697,201.487
999,sainz,mclaren,7,19,R,0.0,53,,Collision damage,42,1:35.586,203.829
999,grosjean,haas,11,20,R,0.0,16,,Retired,3,1:37.262,200.316
1001,bottas,mercedes,1,1,1,25.0,51,1:31:52.942,Finished,50,1:44.024,207.748
1001,hamilton,mercedes,2,2,2,18.0,51,+1.524,Finished,48,1:44.166,207.465
1001,vettel,ferrari,3,3,3,15.0,51,+11.739,Finished,46,1:44.629,206.546
1001,max_verstappen,red_bull,4,4,4,12.0,51,+17.493,Finished,39,1:44.794,206.221
1001,leclerc,ferrari,8,5,5,11.0,51,+1:09.107,Finished,50,1:43.009,209.795
1001,perez,racing_point,5,6,6,8.0,51,+1:16.416,Finished,49,1:45.524,204.795
1001,sainz,mclaren,9,7,7,6.0,51,+1:23.826,Finished,43,1:45.807,204.247
1001,norris,mclaren,7,8,8,4.0,51,+1:40.268,Finished,43,1:45.394,205.047
1001,stroll,racing_point,13,9,9,2.0,51,+1:43.816,Finished,38,1:46.009,203.858
1001,raikkonen,alfa,0,10,10,1.0,50,,+1 Lap,48,1:46.479,202.958
1001,albon,toro_rosso,11,11,11,0.0,50,,+1 Lap,49,1:45.754,204.349
1001,giovinazzi,alfa,17,12,12,0.0,50,,+1 Lap,45,1:45.969,203.935
1001,kevin_magnussen,haas,12,13,13,0.0,50,,+1 Lap,42,1:46.682,202.572
1001,hulkenberg,renault,15,14,14,0.0,50,,+1 Lap,43,1:47.407,201.204
1001,russell,williams,16,15,15,0.0,49,,+2 Laps,42,1:47.251,201.497
1001,kubica,williams,0,16,16,0.0,49,,+2 Laps,45,1:47.709,200.64
1001,gasly,red_bull,0,17,R,0.0,38,,Transmission,34,1:45.712,204.43
1001,grosjean,haas,14,18,R,0.0,38,,Brakes,33,1:48.517,199.146
1001,kvyat,toro_rosso,6,19,R,0.0,33,,Collision,28,1:47.681,200.692
1001,ricciardo,renault,10,20,R,0.0,31,,Collision,29,1:46.767,202.41
1003,hamilton,mercedes,1,1,1,25.0,78,1:43:28.437,Finished,9,1:16.167,157.721
1003,vettel,ferrari,4,2,2,18.0,78,+2.602,Finished,9,1:16.277,157.494
1003,bottas,mercedes,2,3,3,15.0,78,+3.162,Finished,65,1:15.163,159.828
1003,max_verstappen,red_bull,3,4,4,12.0,78,+5.537,Finished,9,1:16.229,157.593
1003,gasly,red_bull,8,5,5,11.0,78,+9.946,Finished,72,1:14.279,161.73
1003,sainz,mclaren,9,6,6,8.0,78,+53.454,Finished,32,1:15.891,158.295
1003,kvyat,toro_rosso,7,7,7,6.0,78,+54.574,Finished,31,1:16.288,157.471
1003,albon,toro_rosso,10,8,8,4.0,78,+55.200,Finished,43,1:15.607,158.89
1003,ricciardo,renault,6,9,9,2.0,78,+1:00.894,Finished,78,1:15.697,158.701
1003,grosjean,haas,13,10,10,1.0,78,+1:01.034,Finished,41,1:16.746,156.531
1003,norris,mclaren,12,11,11,0.0,78,+1:06.801,Finished,61,1:16.413,157.214
1003,perez,racing_point,16,12,12,0.0,77,,+1 Lap,67,1:16.613,156.803
1003,hulkenberg,renault,11,13,13,0.0,77,,+1 Lap,65,1:16.276,157.496
1003,kevin_magnussen,haas,5,14,14,0.0,77,,+1 Lap,61,1:16.992,156.031
1003,russell,williams,19,15,15,0.0,77,,+1 Lap,76,1:17.038,155.938
1003,stroll,racing_point,17,16,16,0.0,77,,+1 Lap,45,1:16.379,157.284
1003,raikkonen,alfa,14,17,17,0.0,77,,+1 Lap,50,1:16.436,157.166
1003,kubica,williams,20,18,18,0.0,77,,+1 Lap,32,1:17.388,155.233
1003,giovinazzi,alfa,18,19,19,0.0,76,,+2 Laps,46,1:16.299,157.448
1003,leclerc,ferrari,15,20,R,0.0,16,,Collision,6,1:19.151,151.775
1006,max_verstappen,red_bull,2,1,1,26.0,71,1:22:01.822,Finished,60,1:07.475,230.378
1006,leclerc,ferrari,1,2,2,18.0,71,+2.724,Finished,58,1:07.994,228.62
1006,bottas,mercedes,3,3,3,15.0,71,+18.960,Finished,53,1:08.565,226.716
1006,vettel,ferrari,9,4,4,12.0,71,+19.610,Finished,62,1:07.676,229.694
1006,hamilton,mercedes,4,5,5,10.0,71,+22.805,Finished,69,1:08.050,228.432
1006,norris,mclaren,5,6,6,8.0,70,,+1 Lap,69,1:08.699,226.274
1006,gasly,red_bull,8,7,7,6.0,70,,+1 Lap,63,1:08.790,225.974
1006,sainz,mclaren,19,8,8,4.0,70,,+1 Lap,53,1:08.117,228.207
1006,raikkonen,alfa,6,9,9,2.0,70,,+1 Lap,57,1:09.126,224.876
1006,giovinazzi,alfa,7,10,10,1.0,70,,+1 Lap,57,1:09.051,225.12
1006,perez,racing_point,13,11,11,0.0,70,,+1 Lap,67,1:09.061,225.087
1006,ricciardo,renault,12,12,12,0.0,70,,+1 Lap,65,1:08.019,228.536
1006,hulkenberg,renault,15,13,13,0.0,70,,+1 Lap,59,1:09.248,224.48
1006,stroll,racing_point,14,14,14,0.0,70,,+1 Lap,57,1:09.288,224.35
1006,albon,toro_rosso,18,15,15,0.0,70,,+1 Lap,59,1:08.946,225.463
1006,grosjean,haas,11,16,16,0.0,70,,+1 Lap,56,1:08.987,225.329
1006,kvyat,toro_rosso,16,17,17,0.0,70,,+1 Lap,58,1:09.498,223.672
1006,russell,williams,0,18,18,0.0,69,,+2 Laps,52,1:09.926,222.303
1006,kevin_magnussen,haas,10,19,19,0.0,69,,+2 Laps,69,1:08.903,225.604
1006,kubica,williams,17,20,20,0.0,68,,+3 Laps,55,1:10.964,219.051
1007,hamilton,mercedes,2,1,1,26.0,52,1:21:08.452,Finished,52,1:27.369,242.735
1007,bottas,mercedes,1,2,2,18.0,52,+24.928,Finished,47,1:27.406,242.633
1007,leclerc,ferrari,3,3,3,15.0,52,+30.117,Finished,47,1:29.313,237.452
1007,gasly,red_bull,5,4,4,12.0,52,+34.692,Finished,48,1:29.544,236.839
1007,max_verstappen,red_bull,4,5,5,10.0,52,+39.458,Finished,45,1:29.272,237.561
1007,sainz,mclaren,13,6,6,8.0,52,+53.639,Finished,50,1:29.757,236.277
1007,ricciardo,renault,7,7,7,6.0,52,+54.401,Finished,50,1:29.624,236.628
1007,raikkonen,alfa,12,8,8,4.0,52,+1:05.540,Finished,51,1:30.034,235.551
1007,kvyat,toro_rosso,17,9,9,2.0,52,+1:06.720,Finished,51,1:29.910,235.875
1007,hulkenberg,renault,10,10,10,1.0,52,+1:12.733,Finished,51,1:29.949,235.773
1007,norris,mclaren,8,11,11,0.0,52,+1:14.281,Finished,50,1:29.636,236.596
1007,albon,toro_rosso,9,12,12,0.0,52,+1:15.617,Finished,46,1:30.872,233.378
1007,stroll,racing_point,18,13,13,0.0,52,+1:21.086,Finished,49,1:29.390,237.248
1007,russell,williams,19,14,14,0.0,51,,+1 Lap,50,1:31.013,233.017
1007,kubica,williams,20,15,15,0.0,51,,+1 Lap,50,1:31.509,231.754
1007,vettel,ferrari,6,16,16,0.0,51,,+1 Lap,46,1:28.733,239.004
1007,perez,racing_point,15,17,17,0.0,51,,+1 Lap,50,1:29.456,237.072
1007,giovinazzi,alfa,11,18,R,0.0,18,,Spun off,17,1:32.464,229.36
1007,grosjean,haas,14,19,R,0.0,9,,Collision,4,1:34.350,224.775
1007,kevin_magnussen,haas,16,20,R,0.0,6,,Collision,5,1:33.425,227.001
1011,leclerc,ferrari,1,1,1,25.0,53,1:15:26.665,Finished,47,1:23.009,251.235
1011,bottas,mercedes,3,2,2,18.0,53,+0.835,Finished,47,1:22.859,251.69
1011,hamilton,mercedes,2,3,3,16.0,53,+35.199,Finished,51,1:21.779,255.014
1011,ricciardo,renault,5,4,4,12.0,53,+45.515,Finished,53,1:23.466,249.859
1011,hulkenberg,renault,6,5,5,10.0,53,+58.165,Finished,53,1:23.641,249.337
1011,albon,red_bull,8,6,6,8.0,53,+59.315,Finished,45,1:23.364,250.165
1011,perez,racing_point,18,7,7,6.0,53,+1:13.802,Finished,35,1:23.770,248.953
1011,max_verstappen,red_bull,19,8,8,4.0,53,+1:14.492,Finished,41,1:23.143,250.83
1011,giovinazzi,alfa,10,9,9,2.0,52,,+1 Lap,44,1:24.503,246.793
1011,norris,mclaren,16,10,10,1.0,52,,+1 Lap,52,1:24.044,248.141
1011,gasly,toro_rosso,17,11,11,0.0,52,,+1 Lap,51,1:23.885,248.611
1011,stroll,racing_point,9,12,12,0.0,52,,+1 Lap,31,1:24.165,247.784
1011,vettel,ferrari,4,13,13,0.0,52,,+1 Lap,50,1:22.799,251.872
1011,russell,williams,14,14,14,0.0,52,,+1 Lap,51,1:24.842,245.807
1011,raikkonen,alfa,0,15,15,0.0,52,,+1 Lap,52,1:24.419,247.039
1011,grosjean,haas,13,16,16,0.0,52,,+1 Lap,31,1:24.985,245.393
1011,kubica,williams,15,17,17,0.0,51,,+2 Laps,47,1:24.989,245.382
1011,kevin_magnussen,haas,11,18,R,0.0,43,,Hydraulics,38,1:24.443,246.968
1011,kvyat,toro_rosso,12,19,R,0.0,29,,Engine,19,1:25.772,243.142
1011,sainz,mclaren,7,20,R,0.0,27,,Wheel,10,1:25.637,243.525
1012,vettel,ferrari,3,1,1,25.0,61,1:58:33.667,Finished,57,1:44.802,173.916
1012,leclerc,ferrari,1,2,2,18.0,61,+2.641,Finished,59,1:44.723,174.047
1012,max_verstappen,red_bull,4,3,3,15.0,61,+3.821,Finished,56,1:45.176,173.298
1012,hamilton,mercedes,2,4,4,12.0,61,+4.608,Finished,58,1:44.914,173.73
1012,bottas,mercedes,5,5,5,10.0,61,+6.119,Finished,58,1:43.534,176.046
1012,albon,red_bull,6,6,6,8.0,61,+11.663,Finished,59,1:45.260,173.159
1012,norris,mclaren,9,7,7,6.0,61,+14.769,Finished,58,1:45.716,172.412
1012,gasly,toro_rosso,11,8,8,4.0,61,+15.547,Finished,58,1:45.769,172.326
1012,hulkenberg,renault,8,9,9,2.0,61,+16.718,Finished,59,1:45.765,172.333
1012,giovinazzi,alfa,10,10,10,1.0,61,+27.855,Finished,59,1:45.630,172.553
1012,grosjean,haas,17,11,11,0.0,61,+35.436,Finished,54,1:46.274,171.507
1012,sainz,mclaren,7,12,12,0.0,61,+35.974,Finished,41,1:45.969,172.001
1012,stroll,racing_point,16,13,13,0.0,61,+36.419,Finished,57,1:44.896,173.76
1012,ricciardo,renault,20,14,14,0.0,61,+37.660,Finished,55,1:45.915,172.088
1012,kvyat,toro_rosso,14,15,15,0.0,61,+38.178,Finished,57,1:44.371,174.634
1012,kubica,williams,19,16,16,0.0,61,+47.024,Finished,59,1:46.793,170.674
1012,kevin_magnussen,haas,13,17,17,0.0,61,+1:26.522,Finished,58,1:42.301,178.168
1012,raikkonen,alfa,12,18,R,0.0,49,,Collision,18,1:47.062,170.245
1012,perez,racing_point,15,19,R,0.0,42,,Engine,15,1:46.683,170.85
1012,russell,williams,18,20,R,0.0,34,,Collision,29,1:48.285,168.322
1013,hamilton,mercedes,2,1,1,26.0,53,1:33:38.992,Finished,51,1:35.761,219.847
1013,bottas,mercedes,4,2,2,18.0,53,+3.829,Finished,50,1:36.316,218.58
1013,leclerc,ferrari,1,3,3,15.0,53,+5.212,Finished,52,1:36.193,218.86
1013,max_verstappen,red_bull,9,4,4,12.0,53,+14.210,Finished,47,1:36.937,217.18
1013,albon,red_bull,0,5,5,10.0,53,+38.348,Finished,50,1:36.762,217.573
1013,sainz,mclaren,5,6,6,8.0,53,+45.889,Finished,53,1:38.020,214.78
1013,perez,racing_point,11,7,7,6.0,53,+48.728,Finished,49,1:38.043,214.73
1013,norris,mclaren,7,8,8,4.0,53,+57.749,Finished,52,1:38.301,214.166
1013,kevin_magnussen,haas,13,9,9,2.0,53,+58.779,Finished,53,1:38.130,214.539
1013,hulkenberg,renault,6,10,10,1.0,53,+59.841,Finished,53,1:38.519,213.692
1013,stroll,racing_point,14,11,11,0.0,53,+1:00.821,Finished,53,1:38.611,213.493
1013,kvyat,toro_rosso,19,12,12,0.0,53,+1:02.496,Finished,52,1:38.228,214.325
1013,raikkonen,alfa,15,13,13,0.0,53,+1:08.910,Finished,51,1:38.589,213.541
1013,gasly,toro_rosso,16,14,14,0.0,53,+1:10.076,Finished,51,1:38.606,213.504
1013,giovinazzi,alfa,12,15,15,0.0,53,+1:13.346,Finished,51,1:38.696,213.309
1013,kubica,williams,18,16,R,0.0,28,,Brakes,24,1:42.327,205.74
1013,russell,williams,17,17,R,0.0,27,,Brakes,18,1:41.705,206.998
1013,vettel,ferrari,3,18,R,0.0,26,,Power loss,16,1:38.245,214.288
1013,ricciardo,renault,10,19,R,0.0,24,,Collision,22,1:41.284,207.859
1013,grosjean,haas,8,20,R,0.0,0,,Collision,,,
1015,hamilton,mercedes,3,1,1,25.0,71,1:36:48.904,Finished,66,1:19.461,194.993
1015,vettel,ferrari,2,2,2,18.0,71,+1.766,Finished,68,1:19.381,195.19
1015,bottas,mercedes,6,3,3,15.0,71,+3.553,Finished,66,1:19.494,194.912
1015,leclerc,ferrari,1,4,4,13.0,71,+6.368,Finished,53,1:19.232,195.557
1015,albon,red_bull,5,5,5,10.0,71,+21.399,Finished,48,1:19.325,195.328
1015,max_verstappen,red_bull,4,6,6,8.0,71,+1:08.807,Finished,65,1:20.406,192.702
1015,perez,racing_point,11,7,7,6.0,71,+1:13.819,Finished,70,1:20.485,192.512
1015,ricciardo,renault,13,8,8,4.0,71,+1:14.924,Finished,53,1:20.146,193.327
1015,gasly,toro_rosso,10,9,9,2.0,70,,+1 Lap,53,1:19.530,194.824
1015,hulkenberg,renault,12,10,10,1.0,70,,+1 Lap,59,1:20.791,191.783
1015,kvyat,toro_rosso,9,11,11,0.0,70,,+1 Lap,48,1:19.905,193.91
1015,stroll,racing_point,16,12,12,0.0,70,,+1 Lap,68,1:20.922,191.473
1015,sainz,mclaren,7,13,13,0.0,70,,+1 Lap,66,1:20.311,192.929
1015,giovinazzi,alfa,15,14,14,0.0,70,,+1 Lap,65,1:21.014,191.255
1015,kevin_magnussen,haas,17,15,15,0.0,69,,+2 Laps,53,1:21.682,189.691
1015,russell,williams,19,16,16,0.0,69,,+2 Laps,69,1:21.286,190.615
1015,grosjean,haas,18,17,17,0.0,69,,+2 Laps,68,1:21.581,189.926
1015,kubica,williams,20,18,18,0.0,69,,+2 Laps,63,1:20.696,192.009
1015,raikkonen,alfa,14,19,R,0.0,58,,Overheating,55,1:20.082,193.481
1015,norris,mclaren,8,20,W,0.0,48,,Withdrew,46,1:21.643,189.782
1019,bottas,mercedes,1,1,1,25.0,71,1:30:55.739,Finished,68,1:07.657,229.758
1019,leclerc,ferrari,7,2,2,18.0,71,+2.700,Finished,64,1:07.901,228.933
1019,norris,mclaren,3,3,3,16.0,71,+5.491,Finished,71,1:07.475,230.378
1019,hamilton,mercedes,5,4,4,12.0,71,+5.689,Finished,67,1:07.712,229.572
1019,sainz,mclaren,8,5,5,10.0,71,+8.903,Finished,63,1:07.974,228.687
1019,perez,racing_point,6,6,6,8.0,71,+15.092,Finished,63,1:08.305,227.579
1019,gasly,alphatauri,12,7,7,6.0,71,+16.682,Finished,64,1:09.025,225.205
1019,ocon,renault,14,8,8,4.0,71,+17.456,Finished,64,1:08.932,225.509
1019,giovinazzi,alfa,18,9,9,2.0,71,+21.146,Finished,70,1:08.796,225.954
1019,vettel,ferrari,11,10,10,1.0,71,+24.545,Finished,71,1:08.623,226.524
1019,latifi,williams,20,11,11,0.0,71,+31.650,Finished,63,1:09.662,223.146
1019,kvyat,alphatauri,13,12,12,0.0,69,,Suspension,50,1:09.135,224.847
1019,albon,red_bull,4,13,13,0.0,67,,Electronics,50,1:08.432,227.156
1019,raikkonen,alfa,19,14,R,0.0,53,,Wheel,48,1:09.031,225.185
1019,russell,williams,17,15,R,0.0,49,,Fuel pressure,49,1:09.317,224.256
1019,grosjean,haas,15,16,R,0.0,49,,Brakes,46,1:10.228,221.347
1019,kevin_magnussen,haas,16,17,R,0.0,24,,Brakes,23,1:10.720,219.807
1019,stroll,racing_point,9,18,R,0.0,20,,Engine,4,1:10.326,221.039
1019,ricciardo,renault,10,19,R,0.0,17,,Overheating,8,1:10.610,220.15
1019,max_verstappen,red_bull,2,20,R,0.0,11,,Electronics,5,1:09.351,224.146
1022,hamilton,mercedes,1,1,1,25.0,52,1:28:01.283,Finished,45,1:29.238,237.652
1022,max_verstappen,red_bull,3,2,2,19.0,52,+5.856,Finished,52,1:27.097,243.494
1022,leclerc,ferrari,4,3,3,15.0,52,+18.474,Finished,49,1:29.813,236.13
1022,ricciardo,renault,8,4,4,12.0,52,+19.650,Finished,49,1:29.482,237.004
1022,norris,mclaren,5,5,5,10.0,52,+22.277,Finished,41,1:30.058,235.488
1022,ocon,renault,9,6,6,8.0,52,+26.937,Finished,50,1:29.491,236.98
1022,gasly,alphatauri,11,7,7,6.0,52,+31.188,Finished,52,1:29.603,236.684
1022,albon,red_bull,12,8,8,4.0,52,+32.670,Finished,52,1:28.689,239.123
1022,stroll,racing_point,6,9,9,2.0,52,+37.311,Finished,44,1:30.475,234.402
1022,vettel,ferrari,10,10,10,1.0,52,+41.857,Finished,44,1:30.537,234.242
1022,bottas,mercedes,2,11,11,0.0,52,+42.167,Finished,41,1:29.265,237.58
1022,russell,williams,20,12,12,0.0,52,+52.004,Finished,41,1:30.862,233.404
1022,sainz,mclaren,7,13,13,0.0,52,+53.370,Finished,47,1:29.948,235.776
1022,giovinazzi,alfa,15,14,14,0.0,52,+54.205,Finished,49,1:30.977,233.109
1022,latifi,williams,18,15,15,0.0,52,+54.549,Finished,44,1:30.501,234.335
1022,grosjean,haas,17,16,16,0.0,52,+55.050,Finished,49,1:29.782,236.212
1022,raikkonen,alfa,16,17,17,0.0,51,,+1 Lap,49,1:29.973,235.71
1022,kvyat,alphatauri,19,18,R,0.0,11,,Accident,11,1:32.443,229.412
1022,kevin_magnussen,haas,14,19,R,0.0,1,,Collision,,,
1022,hulkenberg,racing_point,13,20,W,0.0,0,,Power Unit,,,
1025,hamilton,mercedes,1,1,1,25.0,44,1:24:08.761,Finished,28,1:47.758,233.99
1025,bottas,mercedes,2,2,2,18.0,44,+8.448,Finished,27,1:47.983,233.503
1025,max_verstappen,red_bull,3,3,3,15.0,44,+15.455,Finished,27,1:48.305,232.809
1025,ricciardo,renault,4,4,4,13.0,44,+18.877,Finished,44,1:47.483,234.589
1025,ocon,renault,6,5,5,10.0,44,+40.650,Finished,44,1:48.540,232.305
1025,albon,red_bull,5,6,6,8.0,44,+42.712,Finished,27,1:48.736,231.886
1025,norris,mclaren,10,7,7,6.0,44,+43.774,Finished,39,1:48.552,232.279
1025,gasly,alphatauri,12,8,8,4.0,44,+47.371,Finished,29,1:47.839,233.815
1025,stroll,racing_point,9,9,9,2.0,44,+52.603,Finished,34,1:49.136,231.036
1025,perez,racing_point,8,10,10,1.0,44,+53.179,Finished,20,1:48.389,232.628
1025,kvyat,alphatauri,11,11,11,0.0,44,+1:10.200,Finished,28,1:49.832,229.572
1025,raikkonen,alfa,16,12,12,0.0,44,+1:11.504,Finished,28,1:49.822,229.593
1025,vettel,ferrari,14,13,13,0.0,44,+1:12.894,Finished,31,1:49.958,229.309
1025,leclerc,ferrari,13,14,14,0.0,44,+1:14.920,Finished,26,1:47.840,233.813
1025,grosjean,haas,17,15,15,0.0,44,+1:16.793,Finished,28,1:50.018,229.184
1025,latifi,williams,19,16,16,0.0,44,+1:17.795,Finished,32,1:48.048,233.362
1025,kevin_magnussen,haas,20,17,17,0.0,44,+1:25.540,Finished,37,1:48.083,233.287
1025,giovinazzi,alfa,18,18,R,0.0,9,,Accident,9,1:51.793,225.545
1025,russell,williams,15,19,R,0.0,9,,Debris,5,1:51.754,225.624
1025,sainz,mclaren,7,20,W,0.0,0,,Exhaust,,,
1029,hamilton,mercedes,2,1,1,25.0,60,1:35:49.641,Finished,58,1:28.145,210.253
1029,max_verstappen,red_bull,3,2,2,19.0,60,+4.470,Finished,60,1:28.139,210.267
1029,ricciardo,renault,6,3,3,15.0,60,+14.613,Finished,53,1:29.584,206.876
1029,perez,racing_point,9,4,4,12.0,60,+16.070,Finished,58,1:29.700,206.608
1029,sainz,mclaren,10,5,5,10.0,60,+21.905,Finished,53,1:30.129,205.625
1029,gasly,alphatauri,12,6,6,8.0,60,+22.766,Finished,53,1:30.110,205.668
1029,leclerc,ferrari,4,7,7,6.0,60,+30.814,Finished,54,1:30.712,204.303
1029,hulkenberg,racing_point,20,8,8,4.0,60,+32.596,Finished,58,1:30.733,204.256
1029,grosjean,haas,16,9,9,2.0,60,+39.081,Finished,54,1:31.562,202.407
1029,giovinazzi,alfa,14,10,10,1.0,60,+40.035,Finished,38,1:30.909,203.861
1029,vettel,ferrari,11,11,11,0.0,60,+40.810,Finished,43,1:30.408,204.99
1029,raikkonen,alfa,19,12,12,0.0,60,+41.476,Finished,54,1:30.512,204.755
1029,kevin_magnussen,haas,15,13,13,0.0,60,+49.585,Finished,37,1:30.456,204.881
1029,latifi,williams,18,14,14,0.0,60,+54.449,Finished,39,1:31.377,202.816
1029,kvyat,alphatauri,13,15,15,0.0,60,+55.588,Finished,41,1:32.214,200.975
1029,norris,mclaren,8,16,R,0.0,42,,Power Unit,40,1:32.328,200.727
1029,albon,red_bull,5,17,R,0.0,23,,Radiator,9,1:32.330,200.723
1029,ocon,renault,7,18,R,0.0,22,,Gearbox,21,1:33.189,198.873
1029,bottas,mercedes,1,19,R,0.0,18,,Power Unit,8,1:31.884,201.697
1029,russell,williams,17,20,R,0.0,12,,Collision,6,1:34.526,196.06
1033,hamilton,mercedes,1,1,1,25.0,57,2:59:47.515,Finished,38,1:32.864,209.803
1033,max_verstappen,red_bull,3,2,2,19.0,57,+1.254,Finished,48,1:32.014,211.741
1033,albon,red_bull,4,3,3,15.0,57,+8.005,Finished,41,1:33.684,207.967
1033,norris,mclaren,9,4,4,12.0,57,+11.337,Finished,53,1:33.588,208.18
1033,sainz,mclaren,15,5,5,10.0,57,+11.787,Finished,46,1:33.411,208.575
1033,gasly,alphatauri,8,6,6,8.0,57,+11.942,Finished,48,1:34.817,205.482
1033,ricciardo,renault,6,7,7,6.0,57,+19.368,Finished,38,1:32.827,209.887
1033,bottas,mercedes,2,8,8,4.0,57,+19.680,Finished,28,1:33.352,208.706
1033,ocon,renault,7,9,9,2.0,57,+22.803,Finished,37,1:34.354,206.49
1033,leclerc,ferrari,12,10,10,1.0,56,,+1 Lap,44,1:33.625,208.098
1033,kvyat,alphatauri,10,11,11,0.0,56,,+1 Lap,35,1:34.141,206.957
1033,russell,williams,14,12,12,0.0,56,,+1 Lap,47,1:35.042,204.995
1033,vettel,ferrari,11,13,13,0.0,56,,+1 Lap,41,1:33.861,207.575
1033,latifi,williams,20,14,14,0.0,56,,+1 Lap,39,1:34.591,205.973
1033,raikkonen,alfa,17,15,15,0.0,56,,+1 Lap,43,1:33.573,208.213
1033,giovinazzi,alfa,16,16,16,0.0,56,,+1 Lap,22,1:34.536,206.092
1033,kevin_magnussen,haas,18,17,17,0.0,56,,+1 Lap,29,1:35.241,204.567
1033,perez,racing_point,5,18,18,0.0,53,,Engine,40,1:33.629,208.089
1033,stroll,racing_point,13,19,R,0.0,2,,Collision,,,
1033,grosjean,haas,19,20,R,0.0,0,,Collision,,,
1036,hamilton,mercedes,2,1,1,25.0,56,1:32:03.897,Finished,44,1:34.015,207.235
1036,max_verstappen,red_bull,1,2,2,18.0,56,+0.745,Finished,41,1:33.228,208.984
1036,bottas,mercedes,3,3,3,16.0,56,+37.383,Finished,56,1:32.090,211.566
1036,norris,mclaren,7,4,4,12.0,56,+46.466,Finished,38,1:34.396,206.398
1036,perez,red_bull,0,5,5,10.0,56,+52.047,Finished,44,1:33.970,207.334
1036,leclerc,ferrari,4,6,6,8.0,56,+59.090,Finished,39,1:34.988,205.112
1036,ricciardo,mclaren,6,7,7,6.0,56,+1:06.004,Finished,36,1:34.932,205.233
1036,sainz,ferrari,8,8,8,4.0,56,+1:07.100,Finished,48,1:34.509,206.151
1036,tsunoda,alphatauri,13,9,9,2.0,56,+1:25.692,Finished,38,1:34.761,205.603
1036,stroll,aston_martin,10,10,10,1.0,56,+1:26.713,Finished,31,1:34.865,205.378
1036,raikkonen,alfa,14,11,11,0.0,56,+1:28.864,Finished,45,1:35.192,204.672
1036,giovinazzi,alfa,12,12,12,0.0,55,,+1 Lap,32,1:35.122,204.823
1036,ocon,alpine,16,13,13,0.0,55,,+1 Lap,33,1:35.250,204.548
1036,russell,williams,15,14,14,0.0,55,,+1 Lap,40,1:35.036,205.008
1036,vettel,aston_martin,20,15,15,0.0,55,,+1 Lap,26,1:35.566,203.871
1036,mick_schumacher,haas,18,16,16,0.0,55,,+1 Lap,38,1:36.134,202.667
1036,gasly,alphatauri,5,17,17,0.0,52,,Retired,48,1:34.090,207.069
1036,latifi,williams,17,18,18,0.0,51,,Retired,16,1:36.602,201.685
1036,alonso,alpine,9,19,R,0.0,32,,Brakes,31,1:36.063,202.816
1036,mazepin,haas,19,20,R,0.0,0,,Accident,,,
1039,hamilton,mercedes,1,1,1,25.0,66,1:33:07.680,Finished,54,1:20.665,208.64
1039,max_verstappen,red_bull,2,2,2,19.0,66,+15.841,Finished,62,1:18.149,215.357
1039,bottas,mercedes,3,3,3,15.0,66,+26.610,Finished,65,1:19.430,211.884
1039,leclerc,ferrari,4,4,4,12.0,66,+54.616,Finished,64,1:20.459,209.174
1039,perez,red_bull,8,5,5,10.0,66,+1:03.671,Finished,60,1:19.483,211.743
1039,ricciardo,mclaren,7,6,6,8.0,66,+1:13.768,Finished,60,1:21.853,205.612
1039,sainz,ferrari,6,7,7,6.0,66,+1:14.670,Finished,53,1:21.568,206.33
1039,norris,mclaren,9,8,8,4.0,65,,+1 Lap,56,1:21.279,207.064
1039,ocon,alpine,5,9,9,2.0,65,,+1 Lap,46,1:23.311,202.014
1039,gasly,alphatauri,12,10,10,1.0,65,,+1 Lap,64,1:21.375,206.82
1039,stroll,aston_martin,11,11,11,0.0,65,,+1 Lap,47,1:22.607,203.735
1039,raikkonen,alfa,17,12,12,0.0,65,,+1 Lap,54,1:22.868,203.094
1039,vettel,aston_martin,13,13,13,0.0,65,,+1 Lap,56,1:22.820,203.211
1039,russell,williams,15,14,14,0.0,65,,+1 Lap,30,1:23.208,202.264
1039,giovinazzi,alfa,14,15,15,0.0,65,,+1 Lap,42,1:22.802,203.255
1039,latifi,williams,19,16,16,0.0,65,,+1 Lap,57,1:22.905,203.003
1039,alonso,alpine,10,17,17,0.0,65,,+1 Lap,63,1:21.182,207.311
1039,mick_schumacher,haas,18,18,18,0.0,64,,+2 Laps,54,1:22.637,203.661
1039,mazepin,haas,20,19,19,0.0,64,,+2 Laps,45,1:24.040,200.261
1039,tsunoda,alphatauri,16,20,R,0.0,6,,Electrical,5,1:24.825,198.408
1042,max_verstappen,red_bull,1,1,1,26.0,53,1:27:25.770,Finished,35,1:36.404,218.156
1042,hamilton,mercedes,2,2,2,18.0,53,+2.904,Finished,44,1:37.410,215.903
1042,perez,red_bull,4,3,3,15.0,53,+8.811,Finished,53,1:36.693,217.504
1042,bottas,mercedes,3,4,4,12.0,53,+14.618,Finished,19,1:36.960,216.905
1042,norris,mclaren,8,5,5,10.0,53,+1:04.032,Finished,52,1:37.425,215.87
1042,ricciardo,mclaren,10,6,6,8.0,53,+1:15.857,Finished,45,1:38.324,213.896
1042,gasly,alphatauri,6,7,7,6.0,53,+1:16.596,Finished,44,1:38.103,214.378
1042,alonso,alpine,9,8,8,4.0,53,+1:17.695,Finished,44,1:37.646,215.382
1042,vettel,aston_martin,12,9,9,2.0,53,+1:19.666,Finished,52,1:37.138,216.508
1042,stroll,aston_martin,19,10,10,1.0,53,+1:31.946,Finished,44,1:37.828,214.981
1042,sainz,ferrari,5,11,11,0.0,53,+1:39.337,Finished,19,1:38.931,212.584
1042,russell,williams,14,12,12,0.0,52,,+1 Lap,52,1:38.314,213.918
1042,tsunoda,alphatauri,0,13,13,0.0,52,,+1 Lap,18,1:38.980,212.479
1042,ocon,alpine,11,14,14,0.0,52,,+1 Lap,33,1:38.645,213.2
1042,giovinazzi,alfa,13,15,15,0.0,52,,+1 Lap,36,1:38.702,213.077
1042,leclerc,ferrari,7,16,16,0.0,52,,+1 Lap,43,1:37.681,215.304
1042,raikkonen,alfa,17,17,17,0.0,52,,+1 Lap,46,1:37.992,214.621
1042,latifi,williams,16,18,18,0.0,52,,+1 Lap,50,1:38.313,213.92
1042,mick_schumacher,haas,15,19,19,0.0,52,,+1 Lap,51,1:38.847,212.765
1042,mazepin,haas,18,20,20,0.0,52,,+1 Lap,34,1:39.317,211.758
1045,hamilton,mercedes,2,1,1,25.0,52,1:58:23.284,Finished,45,1:29.699,236.43
1045,leclerc,ferrari,4,2,2,18.0,52,+3.871,Finished,45,1:30.569,234.159
1045,bottas,mercedes,3,3,3,15.0,52,+11.125,Finished,45,1:30.524,234.275
1045,norris,mclaren,5,4,4,12.0,52,+28.573,Finished,44,1:31.420,231.979
1045,ricciardo,mclaren,6,5,5,10.0,52,+42.624,Finished,51,1:31.284,232.325
1045,sainz,ferrari,10,6,6,8.0,52,+43.454,Finished,51,1:31.223,232.48
1045,alonso,alpine,7,7,7,6.0,52,+1:12.093,Finished,48,1:31.698,231.276
1045,stroll,aston_martin,14,8,8,4.0,52,+1:14.289,Finished,48,1:31.992,230.537
1045,ocon,alpine,9,9,9,2.0,52,+1:16.162,Finished,48,1:32.210,229.992
1045,tsunoda,alphatauri,16,10,10,1.0,52,+1:22.065,Finished,51,1:30.826,233.497
1045,gasly,alphatauri,11,11,11,0.0,52,+1:25.327,Finished,52,1:30.266,234.945
1045,russell,williams,12,12,12,0.0,51,,+1 Lap,49,1:32.049,230.394
1045,giovinazzi,alfa,15,13,13,0.0,51,,+1 Lap,49,1:32.346,229.653
1045,latifi,williams,17,14,14,0.0,51,,+1 Lap,51,1:32.477,229.328
1045,raikkonen,alfa,13,15,15,0.0,51,,+1 Lap,48,1:31.895,230.78
1045,perez,red_bull,0,16,16,0.0,51,,+1 Lap,50,1:28.617,239.317
1045,mazepin,haas,19,17,17,0.0,51,,+1 Lap,51,1:32.909,228.262
1045,mick_schumacher,haas,18,18,18,0.0,51,,+1 Lap,50,1:32.862,228.377
1045,vettel,aston_martin,8,19,R,0.0,40,,Retired,35,1:33.059,227.894
1045,max_verstappen,red_bull,1,20,R,0.0,0,,Collision,,,
1049,ricciardo,mclaren,2,1,1,26.0,53,1:21:54.365,Finished,53,1:24.812,245.894
1049,norris,mclaren,3,2,2,18.0,53,+1.747,Finished,53,1:24.971,245.434
1049,bottas,mercedes,19,3,3,15.0,53,+4.921,Finished,34,1:24.827,245.85
1049,leclerc,ferrari,5,4,4,12.0,53,+7.309,Finished,53,1:25.319,244.433
1049,perez,red_bull,8,5,5,10.0,53,+8.723,Finished,53,1:25.156,244.901
1049,sainz,ferrari,6,6,6,8.0,53,+10.535,Finished,53,1:25.559,243.747
1049,stroll,aston_martin,9,7,7,6.0,53,+15.804,Finished,52,1:25.853,242.912
1049,alonso,alpine,10,8,8,4.0,53,+17.201,Finished,52,1:25.472,243.995
1049,russell,williams,14,9,9,2.0,53,+19.742,Finished,53,1:25.835,242.963
1049,ocon,alpine,12,10,10,1.0,53,+20.868,Finished,53,1:25.566,243.727
1049,latifi,williams,13,11,11,0.0,53,+23.743,Finished,50,1:25.953,242.63
1049,vettel,aston_martin,11,12,12,0.0,53,+24.621,Finished,50,1:25.938,242.672
1049,giovinazzi,alfa,7,13,13,0.0,53,+27.216,Finished,50,1:25.718,243.295
1049,kubica,alfa,17,14,14,0.0,53,+29.769,Finished,53,1:25.849,242.924
1049,mick_schumacher,haas,18,15,15,0.0,53,+51.088,Finished,52,1:26.707,240.52
1049,mazepin,haas,16,16,R,0.0,41,,Power Unit,41,1:27.202,239.155
1049,hamilton,mercedes,4,17,R,0.0,25,,Collision,3,1:25.870,242.864
1049,max_verstappen,red_bull,1,18,R,0.0,25,,Collision,25,1:25.173,244.852
1049,gasly,alphatauri,0,19,R,0.0,3,,Suspension,2,1:29.005,234.31
1049,tsunoda,alphatauri,0,20,W,0.0,0,,Brakes,,,
1051,bottas,mercedes,1,1,1,26.0,58,1:31:04.103,Finished,58,1:30.432,212.5
1051,max_verstappen,red_bull,2,2,2,18.0,58,+14.584,Finished,53,1:32.759,207.169
1051,perez,red_bull,6,3,3,15.0,58,+33.471,Finished,53,1:32.459,207.841
1051,leclerc,ferrari,3,4,4,12.0,58,+37.814,Finished,57,1:32.737,207.218
1051,hamilton,mercedes,11,5,5,10.0,58,+41.812,Finished,52,1:32.763,207.16
1051,gasly,alphatauri,4,6,6,8.0,58,+44.292,Finished,50,1:32.814,207.046
1051,norris,mclaren,7,7,7,6.0,58,+47.213,Finished,50,1:32.446,207.87
1051,sainz,ferrari,19,8,8,4.0,58,+51.526,Finished,49,1:31.921,209.057
1051,stroll,aston_martin,8,9,9,2.0,58,+1:22.018,Finished,58,1:32.608,207.506
1051,ocon,alpine,12,10,10,1.0,57,,+1 Lap,24,1:34.584,203.171
1051,giovinazzi,alfa,16,11,11,0.0,57,,+1 Lap,57,1:32.904,206.845
1051,raikkonen,alfa,17,12,12,0.0,57,,+1 Lap,50,1:32.586,207.556
1051,ricciardo,mclaren,20,13,13,0.0,57,,+1 Lap,34,1:33.255,206.067
1051,tsunoda,alphatauri,9,14,14,0.0,57,,+1 Lap,54,1:32.844,206.979
1051,russell,williams,13,15,15,0.0,57,,+1 Lap,53,1:33.399,205.749
1051,alonso,alpine,5,16,16,0.0,57,,+1 Lap,55,1:33.252,206.073
1051,latifi,williams,15,17,17,0.0,57,,+1 Lap,48,1:33.672,205.149
1051,vettel,aston_martin,10,18,18,0.0,57,,+1 Lap,54,1:32.730,207.233
1051,mick_schumacher,haas,14,19,19,0.0,56,,+2 Laps,52,1:34.209,203.98
1051,mazepin,haas,18,20,20,0.0,56,,+2 Laps,52,1:35.438,201.353
1052,max_verstappen,red_bull,1,1,1,25.0,56,1:34:36.552,Finished,52,1:39.096,200.278
1052,hamilton,mercedes,2,2,2,19.0,56,+1.333,Finished,41,1:38.485,201.521
1052,perez,red_bull,3,3,3,15.0,56,+42.223,Finished,32,1:39.566,199.333
1052,leclerc,ferrari,4,4,4,12.0,56,+52.246,Finished,41,1:39.303,199.861
1052,ricciardo,mclaren,6,5,5,10.0,56,+1:16.854,Finished,43,1:40.345,197.785
1052,bottas,mercedes,9,6,6,8.0,56,+1:20.128,Finished,41,1:40.147,198.176
1052,sainz,ferrari,5,7,7,6.0,56,+1:23.545,Finished,40,1:40.377,197.722
1052,norris,mclaren,7,8,8,4.0,56,+1:24.395,Finished,41,1:40.228,198.016
1052,tsunoda,alphatauri,10,9,9,2.0,55,,+1 Lap,47,1:41.151,196.209
1052,vettel,aston_martin,18,10,10,1.0,55,,+1 Lap,40,1:40.481,197.517
1052,giovinazzi,alfa,12,11,11,0.0,55,,+1 Lap,44,1:41.145,196.221
1052,stroll,aston_martin,13,12,12,0.0,55,,+1 Lap,36,1:41.189,196.135
1052,raikkonen,alfa,15,13,13,0.0,55,,+1 Lap,43,1:41.340,195.843
1052,russell,williams,20,14,14,0.0,55,,+1 Lap,36,1:41.120,196.269
1052,latifi,williams,14,15,15,0.0,55,,+1 Lap,46,1:41.818,194.924
1052,mick_schumacher,haas,16,16,16,0.0,54,,+2 Laps,36,1:41.395,195.737
1052,mazepin,haas,17,17,17,0.0,54,,+2 Laps,42,1:42.886,192.9
1052,alonso,alpine,19,18,R,0.0,49,,Rear wing,46,1:40.067,198.335
1052,ocon,alpine,11,19,R,0.0,40,,Mechanical,28,1:42.194,194.207
1052,gasly,alphatauri,8,20,R,0.0,14,,Suspension,12,1:42.015,194.547
1054,hamilton,mercedes,10,1,1,25.0,71,1:32:22.851,Finished,46,1:11.982,215.503
1054,max_verstappen,red_bull,2,2,2,18.0,71,+10.496,Finished,47,1:12.486,214.005
1054,bottas,mercedes,1,3,3,15.0,71,+13.576,Finished,49,1:12.526,213.887
1054,perez,red_bull,4,4,4,13.0,71,+39.940,Finished,71,1:11.010,218.453
1054,leclerc,ferrari,6,5,5,10.0,71,+49.517,Finished,61,1:12.822,213.018
1054,sainz,ferrari,3,6,6,8.0,71,+51.820,Finished,63,1:12.710,213.346
1054,gasly,alphatauri,7,7,7,6.0,70,,+1 Lap,53,1:13.227,211.839
1054,ocon,alpine,8,8,8,4.0,70,,+1 Lap,48,1:14.430,208.415
1054,alonso,alpine,12,9,9,2.0,70,,+1 Lap,37,1:13.922,209.848
1054,norris,mclaren,5,10,10,1.0,70,,+1 Lap,53,1:13.761,210.306
1054,vettel,aston_martin,9,11,11,0.0,70,,+1 Lap,69,1:13.634,210.668
1054,raikkonen,alfa,0,12,12,0.0,70,,+1 Lap,54,1:12.621,213.607
1054,russell,williams,17,13,13,0.0,70,,+1 Lap,45,1:14.355,208.626
1054,giovinazzi,alfa,13,14,14,0.0,70,,+1 Lap,44,1:14.227,208.985
1054,tsunoda,alphatauri,15,15,15,0.0,70,,+1 Lap,62,1:14.204,209.05
1054,latifi,williams,16,16,16,0.0,70,,+1 Lap,57,1:14.616,207.896
1054,mazepin,haas,19,17,17,0.0,69,,+2 Laps,36,1:14.954,206.958
1054,mick_schumacher,haas,18,18,18,0.0,69,,+2 Laps,66,1:13.793,210.215
1054,ricciardo,mclaren,11,19,R,0.0,49,,Power loss,40,1:14.443,208.379
1054,stroll,aston_martin,14,20,R,0.0,47,,Collision damage,25,1:15.344,205.887
1057,max_verstappen,red_bull,1,1,1,26.0,58,1:30:17.345,Finished,39,1:26.103,220.8
1057,hamilton,mercedes,2,2,2,18.0,58,+2.256,Finished,43,1:26.615,219.495
1057,sainz,ferrari,5,3,3,15.0,58,+5.173,Finished,51,1:27.618,216.982
1057,tsunoda,alphatauri,8,4,4,12.0,58,+5.692,Finished,50,1:27.496,217.285
1057,gasly,alphatauri,12,5,5,10.0,58,+6.531,Finished,49,1:27.342,217.668
1057,bottas,mercedes,6,6,6,8.0,58,+7.463,Finished,51,1:26.862,218.871
1057,norris,mclaren,3,7,7,6.0,58,+59.200,Finished,58,1:26.762,219.123
1057,alonso,alpine,11,8,8,4.0,58,+1:01.708,Finished,58,1:27.607,217.01
1057,ocon,alpine,9,9,9,2.0,58,+1:04.026,Finished,58,1:28.249,215.431
1057,leclerc,ferrari,7,10,10,1.0,58,+1:06.057,Finished,40,1:28.433,214.983
1057,vettel,aston_martin,15,11,11,0.0,58,+1:07.527,Finished,58,1:28.303,215.299
1057,ricciardo,mclaren,10,12,12,0.0,57,,+1 Lap,48,1:28.723,214.28
1057,stroll,aston_martin,13,13,13,0.0,57,,+1 Lap,48,1:28.567,214.657
1057,mick_schumacher,haas,19,14,14,0.0,57,,+1 Lap,42,1:29.457,212.522
1057,perez,red_bull,4,15,15,0.0,55,,Engine,51,1:26.419,219.993
1057,latifi,williams,16,16,R,0.0,50,,Accident,30,1:29.293,212.912
1057,giovinazzi,alfa,14,17,R,0.0,33,,Gearbox,33,1:29.442,212.557
1057,russell,williams,17,18,R,0.0,26,,Gearbox,23,1:30.647,209.732
1057,raikkonen,alfa,18,19,R,0.0,25,,Brakes,23,1:29.698,211.951
1057,mazepin,haas,20,20,W,0.0,0,,Illness,,,
1059,max_verstappen,red_bull,4,1,1,25.0,50,1:24:19.293,Finished,50,1:31.772,242.191
1059,leclerc,ferrari,2,2,2,19.0,50,+0.549,Finished,48,1:31.634,242.556
1059,sainz,ferrari,3,3,3,15.0,50,+8.097,Finished,48,1:31.905,241.841
1059,perez,red_bull,1,4,4,12.0,50,+10.800,Finished,46,1:32.042,241.481
1059,russell,mercedes,6,5,5,10.0,50,+32.732,Finished,43,1:32.821,239.454
1059,ocon,alpine,5,6,6,8.0,50,+56.017,Finished,46,1:33.103,238.729
1059,norris,mclaren,11,7,7,6.0,50,+56.124,Finished,46,1:32.753,239.629
1059,gasly,alphatauri,9,8,8,4.0,50,+1:02.946,Finished,42,1:33.468,237.796
1059,kevin_magnussen,haas,10,9,9,2.0,50,+1:04.308,Finished,48,1:32.779,239.562
1059,hamilton,mercedes,15,10,10,1.0,50,+1:13.948,Finished,47,1:32.997,239.001
1059,zhou,alfa,12,11,11,0.0,50,+1:22.215,Finished,45,1:33.924,236.642
1059,hulkenberg,aston_martin,17,12,12,0.0,50,+1:31.742,Finished,47,1:33.651,237.332
1059,stroll,aston_martin,13,13,13,0.0,49,,+1 Lap,46,1:34.446,235.334
1059,albon,williams,16,14,14,0.0,47,,Collision damage,46,1:34.368,235.528
1059,bottas,alfa,8,15,R,0.0,36,,Cooling system,31,1:33.979,236.503
1059,alonso,alpine,7,16,R,0.0,35,,Water pump,33,1:33.831,236.876
1059,ricciardo,mclaren,14,17,R,0.0,35,,Gearbox,34,1:34.487,235.232
1059,latifi,williams,18,18,R,0.0,14,,Accident,9,1:37.530,227.892
1059,tsunoda,alphatauri,19,19,R,0.0,0,,Power Unit,,,
1059,mick_schumacher,haas,0,20,W,0.0,0,,Withdrew,,,
1062,max_verstappen,red_bull,3,1,1,26.0,57,1:34:24.258,Finished,54,1:31.361,213.255
1062,leclerc,ferrari,1,2,2,18.0,57,+3.786,Finished,53,1:31.488,212.959
1062,sainz,ferrari,2,3,3,15.0,57,+8.229,Finished,56,1:31.790,212.258
1062,perez,red_bull,4,4,4,12.0,57,+10.638,Finished,54,1:31.819,212.191
1062,russell,mercedes,12,5,5,10.0,57,+18.582,Finished,56,1:32.195,211.325
1062,hamilton,mercedes,6,6,6,8.0,57,+21.368,Finished,55,1:32.941,209.629
1062,bottas,alfa,5,7,7,6.0,57,+25.073,Finished,56,1:33.184,209.083
1062,ocon,alpine,20,8,8,4.0,57,+28.386,Finished,56,1:33.163,209.13
1062,albon,williams,18,9,9,2.0,57,+32.365,Finished,57,1:33.447,208.494
1062,stroll,aston_martin,0,10,10,1.0,57,+37.026,Finished,52,1:33.312,208.796
1062,alonso,alpine,11,11,11,0.0,57,+37.128,Finished,53,1:33.331,208.753
1062,tsunoda,alphatauri,9,12,12,0.0,57,+40.146,Finished,55,1:33.035,209.417
1062,ricciardo,mclaren,14,13,13,0.0,57,+40.902,Finished,56,1:33.265,208.901
1062,latifi,williams,19,14,14,0.0,57,+49.936,Finished,53,1:34.169,206.896
1062,mick_schumacher,haas,15,15,15,0.0,57,+1:13.305,Finished,57,1:32.528,210.565
1062,kevin_magnussen,haas,16,16,16,0.0,56,,Front wing,52,1:33.511,208.351
1062,vettel,aston_martin,0,17,17,0.0,54,,Collision,50,1:33.479,208.423
1062,gasly,alphatauri,7,18,R,0.0,45,,Suspension,38,1:34.487,206.199
1062,norris,mclaren,8,19,R,0.0,39,,Collision,37,1:33.411,208.575
1062,zhou,alfa,17,20,R,0.0,6,,Water leak,4,1:35.731,203.52
1064,perez,red_bull,3,1,1,25.0,64,1:56:30.265,Finished,46,1:16.028,158.01
1064,sainz,ferrari,2,2,2,18.0,64,+1.154,Finished,47,1:16.421,157.197
1064,max_verstappen,red_bull,4,3,3,15.0,64,+1.491,Finished,47,1:16.052,157.96
1064,leclerc,ferrari,1,4,4,12.0,64,+2.922,Finished,46,1:16.249,157.552
1064,russell,mercedes,6,5,5,10.0,64,+11.968,Finished,42,1:16.830,156.36
1064,norris,mclaren,5,6,6,9.0,64,+12.231,Finished,55,1:14.693,160.834
1064,alonso,alpine,7,7,7,6.0,64,+46.358,Finished,50,1:15.882,158.314
1064,hamilton,mercedes,8,8,8,4.0,64,+50.388,Finished,51,1:17.203,155.605
1064,bottas,alfa,12,9,9,2.0,64,+52.525,Finished,57,1:17.600,154.809
1064,vettel,aston_martin,9,10,10,1.0,64,+53.536,Finished,54,1:17.558,154.893
1064,gasly,alphatauri,17,11,11,0.0,64,+54.289,Finished,61,1:17.344,155.321
1064,ocon,alpine,10,12,12,0.0,64,+55.644,Finished,50,1:17.571,154.867
1064,ricciardo,mclaren,14,13,13,0.0,64,+57.635,Finished,59,1:17.532,154.945
1064,stroll,aston_martin,18,14,14,0.0,64,+1:00.802,Finished,56,1:17.672,154.665
1064,latifi,williams,19,15,15,0.0,63,,+1 Lap,43,1:18.579,152.88
1064,zhou,alfa,20,16,16,0.0,63,,+1 Lap,52,1:18.200,153.621
1064,tsunoda,alphatauri,11,17,17,0.0,63,,+1 Lap,61,1:15.334,159.465
1064,albon,williams,16,18,R,0.0,48,,Mechanical,40,1:18.023,153.969
1064,mick_schumacher,haas,15,19,R,0.0,24,,Accident,24,1:24.778,141.701
1064,kevin_magnussen,haas,13,20,R,0.0,19,,Water pressure,18,1:33.754,128.135
1067,sainz,ferrari,1,1,1,25.0,52,2:17:50.311,Finished,44,1:30.813,233.53
1067,perez,red_bull,4,2,2,18.0,52,+3.779,Finished,47,1:30.937,233.212
1067,hamilton,mercedes,5,3,3,16.0,52,+6.225,Finished,52,1:30.510,234.312
1067,leclerc,ferrari,3,4,4,12.0,52,+8.546,Finished,52,1:31.282,232.33
1067,alonso,alpine,7,5,5,10.0,52,+9.571,Finished,47,1:31.609,231.501
1067,norris,mclaren,6,6,6,8.0,52,+11.943,Finished,47,1:31.645,231.41
1067,max_verstappen,red_bull,2,7,7,6.0,52,+18.777,Finished,44,1:32.354,229.633
1067,mick_schumacher,haas,19,8,8,4.0,52,+18.995,Finished,48,1:32.109,230.244
1067,vettel,aston_martin,18,9,9,2.0,52,+22.356,Finished,52,1:32.471,229.343
1067,kevin_magnussen,haas,17,10,10,1.0,52,+24.590,Finished,52,1:32.661,228.872
1067,stroll,aston_martin,20,11,11,0.0,52,+26.147,Finished,52,1:32.379,229.571
1067,latifi,williams,10,12,12,0.0,52,+32.511,Finished,48,1:33.286,227.339
1067,ricciardo,mclaren,14,13,13,0.0,52,+32.817,Finished,34,1:32.644,228.914
1067,tsunoda,alphatauri,13,14,14,0.0,52,+40.910,Finished,51,1:33.832,226.016
1067,ocon,alpine,15,15,R,0.0,37,,Fuel pump,37,1:33.537,226.729
1067,gasly,alphatauri,11,16,R,0.0,26,,Collision damage,18,1:34.614,224.148
1067,bottas,alfa,12,17,R,0.0,20,,Gearbox,19,1:35.103,222.996
1067,russell,mercedes,8,18,R,0.0,0,,Collision,,,
1067,zhou,alfa,9,19,R,0.0,0,,Collision,,,
1067,albon,williams,16,20,R,0.0,0,,Collision,,,
1069,max_verstappen,red_bull,2,1,1,25.0,53,1:30:02.112,Finished,30,1:37.491,215.724
1069,hamilton,mercedes,4,2,2,18.0,53,+10.587,Finished,30,1:37.668,215.333
1069,russell,mercedes,6,3,3,15.0,53,+16.495,Finished,51,1:37.548,215.598
1069,perez,red_bull,3,4,4,12.0,53,+17.310,Finished,45,1:37.780,215.086
1069,sainz,ferrari,19,5,5,11.0,53,+28.872,Finished,51,1:35.781,219.575
1069,alonso,alpine,7,6,6,8.0,53,+42.879,Finished,53,1:38.160,214.254
1069,norris,mclaren,5,7,7,6.0,53,+52.026,Finished,43,1:39.037,212.356
1069,ocon,alpine,10,8,8,4.0,53,+56.959,Finished,53,1:38.684,213.116
1069,ricciardo,mclaren,9,9,9,2.0,53,+1:00.372,Finished,27,1:39.133,212.151
1069,stroll,aston_martin,15,10,10,1.0,53,+1:02.549,Finished,52,1:39.185,212.04
1069,vettel,aston_martin,12,11,11,0.0,53,+1:04.494,Finished,43,1:39.044,212.341
1069,gasly,alphatauri,14,12,12,0.0,53,+1:05.448,Finished,53,1:38.786,212.896
1069,albon,williams,13,13,13,0.0,53,+1:08.565,Finished,53,1:39.199,212.01
1069,bottas,alfa,11,14,14,0.0,53,+1:16.666,Finished,52,1:37.963,214.685
1069,mick_schumacher,haas,17,15,15,0.0,53,+1:20.394,Finished,48,1:39.068,212.29
1069,zhou,alfa,16,16,16,0.0,47,,+6 Laps,25,1:39.368,211.649
1069,latifi,williams,18,17,R,0.0,40,,Collision damage,40,1:39.650,211.05
1069,kevin_magnussen,haas,20,18,R,0.0,37,,Collision damage,11,1:39.265,211.869
1069,leclerc,ferrari,1,19,R,0.0,17,,Accident,4,1:38.088,214.411
1069,tsunoda,alphatauri,8,20,R,0.0,17,,Undertray,4,1:40.216,209.858
1072,max_verstappen,red_bull,1,1,1,26.0,72,1:36:42.773,Finished,62,1:13.652,208.173
1072,russell,mercedes,6,2,2,18.0,72,+4.071,Finished,72,1:13.671,208.119
1072,leclerc,ferrari,2,3,3,15.0,72,+10.929,Finished,62,1:14.413,206.044
1072,hamilton,mercedes,4,4,4,12.0,72,+13.016,Finished,54,1:13.854,207.604
1072,perez,red_bull,5,5,5,10.0,72,+18.168,Finished,63,1:14.404,206.069
1072,alonso,alpine,13,6,6,8.0,72,+18.754,Finished,51,1:14.144,206.792
1072,norris,mclaren,7,7,7,6.0,72,+19.306,Finished,63,1:14.706,205.236
1072,sainz,ferrari,3,8,8,4.0,72,+20.916,Finished,63,1:14.643,205.409
1072,ocon,alpine,12,9,9,2.0,72,+21.117,Finished,64,1:15.084,204.203
1072,stroll,aston_martin,10,10,10,1.0,72,+22.459,Finished,65,1:15.043,204.314
1072,gasly,alphatauri,11,11,11,0.0,72,+27.009,Finished,65,1:15.165,203.983
1072,albon,williams,15,12,12,0.0,72,+30.390,Finished,65,1:15.534,202.986
1072,mick_schumacher,haas,8,13,13,0.0,72,+32.995,Finished,51,1:15.233,203.798
1072,vettel,aston_martin,19,14,14,0.0,72,+36.007,Finished,50,1:14.862,204.808
1072,kevin_magnussen,haas,18,15,15,0.0,72,+36.869,Finished,53,1:15.369,203.431
1072,zhou,alfa,14,16,16,0.0,72,+37.320,Finished,63,1:15.940,201.901
1072,ricciardo,mclaren,17,17,17,0.0,72,+37.764,Finished,52,1:15.577,202.871
1072,latifi,williams,20,18,18,0.0,71,,+1 Lap,62,1:16.066,201.567
1072,bottas,alfa,16,19,R,0.0,53,,Engine,51,1:16.844,199.526
1072,tsunoda,alphatauri,9,20,R,0.0,43,,Differential,16,1:17.138,198.765
1075,max_verstappen,red_bull,1,1,1,25.0,28,3:01:44.004,Finished,10,1:44.911,199.266
1075,perez,red_bull,4,2,2,18.0,28,+27.066,Finished,11,1:46.120,196.995
1075,leclerc,ferrari,2,3,3,15.0,28,+31.763,Finished,10,1:44.489,200.07
1075,ocon,alpine,5,4,4,12.0,28,+39.685,Finished,11,1:46.559,196.184
1075,hamilton,mercedes,6,5,5,10.0,28,+40.326,Finished,11,1:45.530,198.097
1075,vettel,aston_martin,9,6,6,8.0,28,+46.358,Finished,13,1:46.964,195.441
1075,alonso,alpine,7,7,7,6.0,28,+46.369,Finished,25,1:44.412,200.218
1075,russell,mercedes,8,8,8,4.0,28,+47.661,Finished,21,1:47.004,195.368
1075,latifi,williams,20,9,9,2.0,28,+1:10.143,Finished,12,1:48.371,192.904
1075,norris,mclaren,10,10,10,1.0,28,+1:10.782,Finished,8,1:48.175,193.253
1075,ricciardo,mclaren,11,11,11,0.0,28,+1:12.877,Finished,11,1:47.843,193.848
1075,stroll,aston_martin,19,12,12,0.0,28,+1:13.904,Finished,21,1:45.205,198.709
1075,tsunoda,alphatauri,13,13,13,0.0,28,+1:15.599,Finished,22,1:45.893,197.418
1075,kevin_magnussen,haas,18,14,14,0.0,28,+1:26.016,Finished,10,1:48.072,193.437
1075,bottas,alfa,12,15,15,0.0,28,+1:26.496,Finished,11,1:47.820,193.889
1075,zhou,alfa,14,16,16,0.0,28,+1:27.043,Finished,20,1:44.411,200.22
1075,mick_schumacher,haas,15,17,17,0.0,28,+1:32.523,Finished,22,1:45.387,198.366
1075,gasly,alphatauri,17,18,18,0.0,28,+1:48.091,Finished,13,1:46.545,196.21
1075,sainz,ferrari,3,19,R,0.0,0,,Accident,,,
1075,albon,williams,16,20,R,0.0,0,,Hydraulics,,,
1077,max_verstappen,red_bull,1,1,1,25.0,71,1:38:36.729,Finished,36,1:22.046,188.85
1077,hamilton,mercedes,3,2,2,18.0,71,+15.186,Finished,32,1:22.062,188.813
1077,perez,red_bull,4,3,3,15.0,71,+18.097,Finished,30,1:21.775,189.476
1077,russell,mercedes,2,4,4,13.0,71,+49.431,Finished,71,1:20.153,193.31
1077,sainz,ferrari,5,5,5,10.0,71,+58.123,Finished,32,1:22.199,188.498
1077,leclerc,ferrari,7,6,6,8.0,71,+1:08.774,Finished,48,1:22.603,187.576
1077,ricciardo,mclaren,11,7,7,6.0,70,,+1 Lap,48,1:22.022,188.905
1077,ocon,alpine,10,8,8,4.0,70,,+1 Lap,48,1:23.279,186.054
1077,norris,mclaren,8,9,9,2.0,70,,+1 Lap,48,1:23.402,185.779
1077,bottas,alfa,6,10,10,1.0,70,,+1 Lap,43,1:23.363,185.866
1077,gasly,alphatauri,14,11,11,0.0,70,,+1 Lap,42,1:22.277,188.319
1077,albon,williams,17,12,12,0.0,70,,+1 Lap,48,1:22.914,186.873
1077,zhou,alfa,12,13,13,0.0,70,,+1 Lap,47,1:22.260,188.358
1077,vettel,aston_martin,16,14,14,0.0,70,,+1 Lap,45,1:23.086,186.486
1077,stroll,aston_martin,20,15,15,0.0,70,,+1 Lap,42,1:22.463,187.895
1077,mick_schumacher,haas,15,16,16,0.0,70,,+1 Lap,30,1:23.641,185.248
1077,kevin_magnussen,haas,19,17,17,0.0,70,,+1 Lap,49,1:23.300,186.007
1077,latifi,williams,18,18,18,0.0,69,,+2 Laps,56,1:23.709,185.098
1077,alonso,alpine,9,19,19,0.0,63,,Engine,48,1:22.866,186.981
1077,tsunoda,alphatauri,13,20,R,0.0,50,,Collision damage,48,1:23.403,185.777
1078,russell,mercedes,1,1,1,26.0,71,1:38:34.044,Finished,61,1:13.785,210.237
1078,hamilton,mercedes,2,2,2,18.0,71,+1.529,Finished,63,1:13.942,209.791
1078,sainz,ferrari,7,3,3,15.0,71,+4.051,Finished,65,1:13.953,209.76
1078,leclerc,ferrari,5,4,4,12.0,71,+8.441,Finished,63,1:14.253,208.912
1078,alonso,alpine,17,5,5,10.0,71,+9.561,Finished,62,1:14.164,209.163
1078,max_verstappen,red_bull,3,6,6,8.0,71,+10.056,Finished,64,1:14.195,209.076
1078,perez,red_bull,4,7,7,6.0,71,+14.080,Finished,62,1:14.283,208.828
1078,ocon,alpine,16,8,8,4.0,71,+18.690,Finished,65,1:15.093,206.575
1078,bottas,alfa,14,9,9,2.0,71,+22.552,Finished,62,1:15.511,205.432
1078,stroll,aston_martin,15,10,10,1.0,71,+23.552,Finished,50,1:14.831,207.299
1078,vettel,aston_martin,9,11,11,0.0,71,+26.183,Finished,64,1:15.549,205.328
1078,zhou,alfa,13,12,12,0.0,71,+29.325,Finished,64,1:15.802,204.643
1078,mick_schumacher,haas,12,13,13,0.0,71,+29.899,Finished,63,1:15.251,206.142
1078,gasly,alphatauri,10,14,14,0.0,71,+31.867,Finished,64,1:15.327,205.934
1078,albon,williams,19,15,15,0.0,71,+36.016,Finished,49,1:15.613,205.155
1078,latifi,williams,18,16,16,0.0,71,+37.038,Finished,59,1:15.327,205.934
1078,tsunoda,alphatauri,0,17,17,0.0,70,,+1 Lap,63,1:15.508,205.44
1078,norris,mclaren,6,18,R,0.0,50,,Gearbox,48,1:15.855,204.5
1078,kevin_magnussen,haas,8,19,R,0.0,0,,Collision,,,
1078,ricciardo,mclaren,11,20,R,0.0,0,,Collision,,,
1079,max_verstappen,red_bull,1,1,1,25.0,58,1:27:45.914,Finished,54,1:29.392,212.676
1079,leclerc,ferrari,3,2,2,18.0,58,+8.771,Finished,48,1:29.719,211.901
1079,perez,red_bull,2,3,3,15.0,58,+10.093,Finished,52,1:28.972,213.68
1079,sainz,ferrari,4,4,4,12.0,58,+24.892,Finished,50,1:28.879,213.904
1079,russell,mercedes,6,5,5,10.0,58,+35.888,Finished,48,1:28.836,214.007
1079,norris,mclaren,7,6,6,9.0,58,+56.234,Finished,44,1:28.391,215.085
1079,ocon,alpine,8,7,7,6.0,58,+57.240,Finished,45,1:29.333,212.817
1079,stroll,aston_martin,14,8,8,4.0,58,+1:16.931,Finished,42,1:29.620,212.135
1079,ricciardo,mclaren,13,9,9,2.0,58,+1:23.268,Finished,45,1:30.785,209.413
1079,vettel,aston_martin,9,10,10,1.0,58,+1:23.898,Finished,35,1:30.312,210.51
1079,tsunoda,alphatauri,11,11,11,0.0,58,+1:29.371,Finished,40,1:29.489,212.446
1079,zhou,alfa,15,12,12,0.0,57,,+1 Lap,53,1:29.600,212.183
1079,albon,williams,19,13,13,0.0,57,,+1 Lap,40,1:29.939,211.383
1079,gasly,alphatauri,17,14,14,0.0,57,,+1 Lap,16,1:31.081,208.732
1079,bottas,alfa,18,15,15,0.0,57,,+1 Lap,47,1:30.352,210.417
1079,mick_schumacher,haas,12,16,16,0.0,57,,+1 Lap,39,1:29.833,211.632
1079,kevin_magnussen,haas,16,17,17,0.0,57,,+1 Lap,40,1:31.158,208.556
1079,hamilton,mercedes,5,18,18,0.0,55,,Hydraulics,42,1:29.788,211.738
1079,latifi,williams,20,19,19,0.0,55,,Collision damage,45,1:30.309,210.517
1079,alonso,alpine,10,20,R,0.0,27,,Water leak,24,1:30.579,209.889
1081,perez,red_bull,1,1,1,25.0,50,1:21:14.894,Finished,38,1:32.188,241.098
1081,max_verstappen,red_bull,15,2,2,19.0,50,+5.355,Finished,50,1:31.906,241.838
1081,alonso,aston_martin,2,3,3,15.0,50,+20.728,Finished,50,1:32.240,240.962
1081,russell,mercedes,3,4,4,12.0,50,+25.866,Finished,50,1:32.433,240.459
1081,hamilton,mercedes,7,5,5,10.0,50,+31.065,Finished,47,1:32.941,239.145
1081,sainz,ferrari,4,6,6,8.0,50,+35.876,Finished,50,1:32.822,239.451
1081,leclerc,ferrari,12,7,7,6.0,50,+43.162,Finished,47,1:33.056,238.849
1081,ocon,alpine,6,8,8,4.0,50,+52.832,Finished,49,1:33.222,238.424
1081,gasly,alpine,9,9,9,2.0,50,+54.747,Finished,50,1:33.392,237.99
1081,kevin_magnussen,haas,13,10,10,1.0,50,+1:04.826,Finished,44,1:33.374,238.036
1081,tsunoda,alphatauri,16,11,11,0.0,50,+1:07.494,Finished,50,1:33.931,236.624
1081,hulkenberg,haas,10,12,12,0.0,50,+1:10.588,Finished,50,1:33.780,237.005
1081,zhou,alfa,11,13,13,0.0,50,+1:16.060,Finished,49,1:33.894,236.718
1081,de_vries,alphatauri,18,14,14,0.0,50,+1:17.478,Finished,49,1:33.609,237.438
1081,piastri,mclaren,8,15,15,0.0,50,+1:25.021,Finished,48,1:34.287,235.731
1081,sargeant,williams,20,16,16,0.0,50,+1:26.293,Finished,49,1:34.469,235.277
1081,norris,mclaren,19,17,17,0.0,50,+1:26.445,Finished,49,1:34.122,236.144
1081,bottas,alfa,14,18,18,0.0,49,+29.584,Lapped,37,1:34.384,235.489
1081,albon,williams,17,19,R,0.0,27,,Retired,24,1:35.567,232.574
1081,stroll,aston_martin,5,20,R,0.0,16,,Retired,7,1:35.140,233.617
1084,max_verstappen,red_bull,9,1,1,26.0,57,1:27:38.241,Finished,56,1:29.708,217.184
1084,perez,red_bull,1,2,2,18.0,57,+5.384,Finished,57,1:30.560,215.141
1084,alonso,aston_martin,2,3,3,15.0,57,+26.305,Finished,57,1:30.519,215.238
1084,russell,mercedes,6,4,4,12.0,57,+33.229,Finished,57,1:31.015,214.065
1084,sainz,ferrari,3,5,5,10.0,57,+42.511,Finished,55,1:31.362,213.252
1084,hamilton,mercedes,13,6,6,8.0,57,+51.249,Finished,57,1:30.669,214.882
1084,leclerc,ferrari,7,7,7,6.0,57,+52.988,Finished,57,1:31.434,213.084
1084,gasly,alpine,5,8,8,4.0,57,+55.670,Finished,55,1:31.971,211.84
1084,ocon,alpine,8,9,9,2.0,57,+58.123,Finished,56,1:31.143,213.765
1084,kevin_magnussen,haas,4,10,10,1.0,57,+1:02.945,Finished,53,1:31.691,212.487
1084,tsunoda,alphatauri,17,11,11,0.0,57,+1:04.309,Finished,56,1:31.038,214.011
1084,stroll,aston_martin,18,12,12,0.0,57,+1:04.754,Finished,44,1:30.862,214.426
1084,bottas,alfa,10,13,13,0.0,57,+1:11.637,Finished,56,1:31.838,212.147
1084,albon,williams,11,14,14,0.0,57,+1:12.861,Finished,55,1:31.852,212.115
1084,hulkenberg,haas,12,15,15,0.0,57,+1:14.950,Finished,36,1:30.901,214.334
1084,zhou,alfa,14,16,16,0.0,57,+1:18.440,Finished,56,1:31.736,212.383
1084,norris,mclaren,16,17,17,0.0,57,+1:27.717,Finished,47,1:32.401,210.854
1084,de_vries,alphatauri,15,18,18,0.0,57,+1:28.949,Finished,57,1:31.562,212.786
1084,piastri,mclaren,19,19,19,0.0,56,+20.510,Lapped,56,1:32.006,211.76
1084,sargeant,williams,20,20,20,0.0,56,+34.388,Lapped,50,1:32.384,210.893
1085,max_verstappen,red_bull,1,1,1,25.0,78,1:48:51.980,Finished,23,1:16.604,156.822
1085,alonso,aston_martin,2,2,2,18.0,78,+27.921,Finished,43,1:16.674,156.678
1085,ocon,alpine,3,3,3,15.0,78,+36.990,Finished,41,1:16.528,156.977
1085,hamilton,mercedes,5,4,4,13.0,78,+39.062,Finished,33,1:15.650,158.799
1085,russell,mercedes,8,5,5,10.0,78,+56.284,Finished,48,1:16.798,156.425
1085,leclerc,ferrari,6,6,6,8.0,78,+1:01.890,Finished,46,1:15.773,158.541
1085,gasly,alpine,7,7,7,6.0,78,+1:02.362,Finished,49,1:15.831,158.42
1085,sainz,ferrari,4,8,8,4.0,78,+1:03.391,Finished,43,1:16.449,157.14
1085,norris,mclaren,10,9,9,2.0,77,+4.061,Lapped,46,1:17.844,154.324
1085,piastri,mclaren,11,10,10,1.0,77,+13.959,Lapped,47,1:17.513,154.983
1085,bottas,alfa,15,11,11,0.0,77,+28.963,Lapped,19,1:17.824,154.363
1085,de_vries,alphatauri,12,12,12,0.0,77,+57.317,Lapped,43,1:17.561,154.887
1085,zhou,alfa,19,13,13,0.0,77,+1:11.852,Lapped,5,1:16.926,156.165
1085,albon,williams,13,14,14,0.0,77,+1:19.210,Lapped,24,1:16.672,156.683
1085,tsunoda,alphatauri,9,15,15,0.0,76,+7.545,Lapped,36,1:17.680,154.649
1085,perez,red_bull,20,16,16,0.0,76,+49.024,Lapped,5,1:16.269,157.51
1085,hulkenberg,haas,18,17,17,0.0,76,+58.506,Lapped,6,1:16.991,156.033
1085,sargeant,williams,16,18,18,0.0,76,+1:17.983,Lapped,32,1:17.302,155.406
1085,kevin_magnussen,haas,17,19,19,0.0,70,,Retired,41,1:18.351,153.325
1085,stroll,aston_martin,14,20,R,0.0,53,,Retired,18,1:17.769,154.472
1087,max_verstappen,red_bull,1,1,1,25.0,70,1:33:58.348,Finished,68,1:15.594,207.683
1087,alonso,aston_martin,2,2,2,18.0,70,+9.570,Finished,62,1:15.779,207.176
1087,hamilton,mercedes,3,3,3,15.0,70,+14.168,Finished,47,1:15.396,208.228
1087,leclerc,ferrari,10,4,4,12.0,70,+18.648,Finished,47,1:15.907,206.826
1087,sainz,ferrari,11,5,5,10.0,70,+21.540,Finished,47,1:15.911,206.815
1087,perez,red_bull,12,6,6,9.0,70,+51.028,Finished,70,1:14.481,210.786
1087,albon,williams,9,7,7,6.0,70,+1:00.813,Finished,68,1:16.917,204.11
1087,ocon,alpine,6,8,8,4.0,70,+1:01.692,Finished,63,1:16.782,204.469
1087,stroll,aston_martin,16,9,9,2.0,70,+1:04.402,Finished,58,1:16.564,205.051
1087,bottas,alfa,14,10,10,1.0,70,+1:04.432,Finished,52,1:16.625,204.888
1087,piastri,mclaren,8,11,11,0.0,70,+1:05.101,Finished,59,1:16.598,204.96
1087,gasly,alpine,15,12,12,0.0,70,+1:05.249,Finished,67,1:16.425,205.424
1087,norris,mclaren,7,13,13,0.0,70,+1:08.363,Finished,65,1:16.374,205.562
1087,tsunoda,alphatauri,19,14,14,0.0,70,+1:13.423,Finished,68,1:16.666,204.779
1087,hulkenberg,haas,5,15,15,0.0,69,+16.943,Lapped,37,1:17.232,203.278
1087,zhou,alfa,20,16,16,0.0,69,+17.377,Lapped,58,1:17.090,203.652
1087,kevin_magnussen,haas,13,17,17,0.0,69,+1:10.259,Lapped,55,1:16.126,206.231
1087,de_vries,alphatauri,17,18,18,0.0,69,+1:14.967,Lapped,52,1:16.656,204.805
1087,russell,mercedes,4,19,R,0.0,53,,Retired,44,1:17.097,203.634
1087,sargeant,williams,18,20,R,0.0,6,,Retired,4,1:18.437,200.155
1090,max_verstappen,red_bull,2,1,1,26.0,70,1:38:08.634,Finished,53,1:20.504,195.91
1090,norris,mclaren,3,2,2,18.0,70,+33.731,Finished,50,1:22.178,191.919
1090,perez,red_bull,9,3,3,15.0,70,+37.603,Finished,53,1:22.295,191.647
1090,hamilton,mercedes,1,4,4,12.0,70,+39.134,Finished,54,1:21.601,193.277
1090,piastri,mclaren,4,5,5,10.0,70,+1:02.572,Finished,45,1:22.736,190.625
1090,russell,mercedes,18,6,6,8.0,70,+1:05.825,Finished,48,1:22.158,191.966
1090,leclerc,ferrari,6,7,7,6.0,70,+1:10.317,Finished,50,1:22.469,191.242
1090,sainz,ferrari,11,8,8,4.0,70,+1:11.073,Finished,54,1:22.584,190.976
1090,alonso,aston_martin,8,9,9,2.0,70,+1:15.709,Finished,51,1:22.745,190.604
1090,stroll,aston_martin,14,10,10,1.0,69,+14.615,Lapped,54,1:23.425,189.051
1090,albon,williams,16,11,11,0.0,69,+29.087,Lapped,54,1:24.051,187.643
1090,bottas,alfa,7,12,12,0.0,69,+30.079,Lapped,42,1:23.651,188.54
1090,ricciardo,alphatauri,13,13,13,0.0,69,+36.257,Lapped,67,1:23.934,187.904
1090,hulkenberg,haas,10,14,14,0.0,69,+51.298,Lapped,42,1:23.573,188.716
1090,tsunoda,alphatauri,17,15,15,0.0,69,+51.543,Lapped,68,1:23.269,189.405
1090,zhou,alfa,5,16,16,0.0,69,+1:00.491,Lapped,12,1:23.743,188.333
1090,kevin_magnussen,haas,19,17,17,0.0,69,+1:22.351,Lapped,54,1:23.864,188.061
1090,sargeant,williams,20,18,18,0.0,67,,Retired,36,1:23.496,188.89
1090,ocon,alpine,12,19,R,0.0,2,,Retired,,,
1090,gasly,alpine,15,20,R,0.0,1,,Retired,,,
1092,max_verstappen,red_bull,1,1,1,25.0,72,2:24:04.411,Finished,58,1:13.889,207.505
1092,alonso,aston_martin,5,2,2,19.0,72,+3.744,Finished,56,1:13.837,207.651
1092,gasly,alpine,12,3,3,15.0,72,+7.058,Finished,55,1:14.441,205.967
1092,perez,red_bull,7,4,4,12.0,72,+10.068,Finished,59,1:14.231,206.549
1092,sainz,ferrari,6,5,5,10.0,72,+12.541,Finished,54,1:14.934,204.612
1092,hamilton,mercedes,13,6,6,8.0,72,+13.209,Finished,58,1:13.904,207.463
1092,norris,mclaren,2,7,7,6.0,72,+13.232,Finished,50,1:14.390,206.108
1092,albon,williams,4,8,8,4.0,72,+15.155,Finished,55,1:14.468,205.892
1092,piastri,mclaren,8,9,9,2.0,72,+16.580,Finished,54,1:14.299,206.36
1092,ocon,alpine,16,10,10,1.0,72,+18.346,Finished,51,1:14.570,205.61
1092,stroll,aston_martin,11,11,11,0.0,72,+20.087,Finished,37,1:15.171,203.966
1092,hulkenberg,haas,14,12,12,0.0,72,+20.840,Finished,53,1:14.472,205.881
1092,lawson,alphatauri,19,13,13,0.0,72,+26.147,Finished,49,1:14.820,204.923
1092,bottas,alfa,18,14,14,0.0,72,+27.388,Finished,49,1:14.698,205.258
1092,tsunoda,alphatauri,17,15,15,0.0,72,+29.893,Finished,35,1:16.253,201.072
1092,kevin_magnussen,haas,0,16,16,0.0,72,+31.410,Finished,37,1:15.489,203.107
1092,russell,mercedes,3,17,17,0.0,72,+55.754,Finished,54,1:15.124,204.094
1092,zhou,alfa,15,18,R,0.0,62,,Accident,39,1:15.417,203.301
1092,leclerc,ferrari,9,19,R,0.0,41,,Undertray,33,1:17.277,198.408
1092,sargeant,williams,10,20,R,0.0,14,,Accident,13,1:17.399,198.095
1093,max_verstappen,red_bull,2,1,1,25.0,51,1:13:41.143,Finished,33,1:25.240,244.659
1093,perez,red_bull,5,2,2,18.0,51,+6.064,Finished,39,1:25.522,243.853
1093,sainz,ferrari,1,3,3,15.0,51,+11.193,Finished,30,1:25.501,243.912
1093,leclerc,ferrari,3,4,4,12.0,51,+11.377,Finished,38,1:25.580,243.687
1093,russell,mercedes,4,5,5,10.0,51,+23.028,Finished,38,1:25.847,242.929
1093,hamilton,mercedes,8,6,6,8.0,51,+42.679,Finished,29,1:25.582,243.682
1093,albon,williams,6,7,7,6.0,51,+45.106,Finished,33,1:26.389,241.405
1093,norris,mclaren,9,8,8,4.0,51,+45.449,Finished,24,1:26.144,242.092
1093,alonso,aston_martin,10,9,9,2.0,51,+46.294,Finished,43,1:26.105,242.201
1093,bottas,alfa,14,10,10,1.0,51,+1:04.056,Finished,27,1:25.988,242.531
1093,lawson,alphatauri,12,11,11,0.0,51,+1:10.638,Finished,44,1:25.842,242.944
1093,piastri,mclaren,7,12,12,0.0,51,+1:13.074,Finished,43,1:25.072,245.142
1093,sargeant,williams,15,13,13,0.0,51,+1:18.557,Finished,16,1:26.840,240.152
1093,zhou,alfa,16,14,14,0.0,51,+1:20.164,Finished,35,1:25.983,242.545
1093,gasly,alpine,17,15,15,0.0,51,+1:22.510,Finished,44,1:25.758,243.181
1093,stroll,aston_martin,20,16,16,0.0,51,+1:27.266,Finished,31,1:26.617,240.77
1093,hulkenberg,haas,13,17,17,0.0,50,+2.093,Lapped,50,1:25.894,242.796
1093,kevin_magnussen,haas,19,18,18,0.0,50,+12.624,Lapped,42,1:26.278,241.716
1093,ocon,alpine,18,19,R,0.0,39,,Retired,33,1:26.963,239.812
1093,tsunoda,alphatauri,11,20,W,0.0,0,,Did not start,,,
1096,max_verstappen,red_bull,1,1,1,26.0,57,1:27:39.168,Finished,56,1:24.319,231.364
1096,piastri,mclaren,6,2,2,18.0,57,+4.833,Finished,48,1:24.921,229.724
1096,norris,mclaren,10,3,3,15.0,57,+5.969,Finished,47,1:24.842,229.938
1096,russell,mercedes,2,4,4,12.0,57,+34.119,Finished,35,1:25.770,227.45
1096,leclerc,ferrari,5,5,5,10.0,57,+38.976,Finished,57,1:24.992,229.532
1096,alonso,aston_martin,4,6,6,8.0,57,+49.032,Finished,57,1:26.045,226.723
1096,ocon,alpine,8,7,7,6.0,57,+1:02.390,Finished,42,1:26.450,225.661
1096,bottas,alfa,9,8,8,4.0,57,+1:06.563,Finished,54,1:26.652,225.135
1096,zhou,alfa,19,9,9,2.0,57,+1:16.127,Finished,54,1:26.323,225.993
1096,perez,red_bull,20,10,10,1.0,57,+1:20.181,Finished,50,1:26.220,226.263
1096,stroll,aston_martin,16,11,11,0.0,57,+1:21.652,Finished,55,1:26.352,225.917
1096,gasly,alpine,7,12,12,0.0,57,+1:22.300,Finished,49,1:26.310,226.027
1096,albon,williams,13,13,13,0.0,57,+1:31.014,Finished,57,1:26.666,225.098
1096,kevin_magnussen,haas,18,14,14,0.0,56,+1.246,Lapped,46,1:27.067,224.061
1096,tsunoda,alphatauri,11,15,15,0.0,56,+8.958,Lapped,55,1:27.174,223.786
1096,hulkenberg,haas,14,16,16,0.0,56,+15.085,Lapped,45,1:26.489,225.559
1096,lawson,alphatauri,17,17,17,0.0,56,+27.108,Lapped,54,1:27.113,223.943
1096,sargeant,williams,15,18,R,0.0,40,,Retired,31,1:27.983,221.729
1096,hamilton,mercedes,3,19,R,0.0,0,,Retired,,,
1096,sainz,ferrari,12,20,W,0.0,0,,Did not start,,,
1098,max_verstappen,red_bull,3,1,1,25.0,71,2:02:30.814,Finished,40,1:21.644,189.78
1098,hamilton,mercedes,6,2,2,19.0,71,+13.875,Finished,71,1:21.334,190.503
1098,leclerc,ferrari,1,3,3,15.0,71,+23.124,Finished,38,1:22.332,188.194
1098,sainz,ferrari,2,4,4,12.0,71,+27.154,Finished,57,1:22.539,187.722
1098,norris,mclaren,17,5,5,10.0,71,+33.266,Finished,71,1:21.944,189.085
1098,russell,mercedes,8,6,6,8.0,71,+41.020,Finished,38,1:22.780,187.175
1098,ricciardo,alphatauri,4,7,7,6.0,71,+41.570,Finished,66,1:22.679,187.404
1098,piastri,mclaren,7,8,8,4.0,71,+43.104,Finished,53,1:22.760,187.22
1098,albon,williams,14,9,9,2.0,71,+48.573,Finished,65,1:22.773,187.191
1098,ocon,alpine,15,10,10,1.0,71,+1:02.879,Finished,66,1:22.976,186.733
1098,gasly,alpine,11,11,11,0.0,71,+1:06.208,Finished,43,1:23.230,186.163
1098,tsunoda,alphatauri,18,12,12,0.0,71,+1:18.982,Finished,11,1:22.501,187.808
1098,hulkenberg,haas,12,13,13,0.0,71,+1:20.309,Finished,43,1:23.222,186.181
1098,zhou,alfa,10,14,14,0.0,71,+1:21.676,Finished,39,1:23.567,185.412
1098,bottas,alfa,9,15,15,0.0,71,+1:25.597,Finished,43,1:23.166,186.306
1098,sargeant,williams,19,16,16,0.0,70,,Retired,24,1:23.003,186.672
1098,stroll,aston_martin,0,17,17,0.0,66,,Collision damage,43,1:23.257,186.103
1098,alonso,aston_martin,13,18,W,0.0,47,,Withdrew,40,1:23.531,185.492
1098,kevin_magnussen,haas,16,19,R,0.0,31,,Accident,25,1:23.146,186.351
1098,perez,red_bull,5,20,R,0.0,1,,Collision damage,,,
1101,max_verstappen,red_bull,1,1,1,26.0,58,1:27:02.624,Finished,45,1:26.993,218.541
1101,leclerc,ferrari,2,2,2,18.0,58,+17.993,Finished,44,1:28.199,215.553
1101,russell,mercedes,4,3,3,15.0,58,+20.328,Finished,45,1:28.187,215.582
1101,perez,red_bull,9,4,4,12.0,58,+21.453,Finished,44,1:27.493,217.292
1101,norris,mclaren,5,5,5,10.0,58,+24.284,Finished,45,1:28.164,215.639
1101,piastri,mclaren,3,6,6,8.0,58,+31.487,Finished,38,1:28.138,215.702
1101,alonso,aston_martin,7,7,7,6.0,58,+39.512,Finished,42,1:28.256,215.414
1101,tsunoda,alphatauri,6,8,8,4.0,58,+43.088,Finished,55,1:29.256,213.0
1101,hamilton,mercedes,11,9,9,2.0,58,+44.424,Finished,52,1:28.372,215.131
1101,stroll,aston_martin,13,10,10,1.0,58,+55.632,Finished,44,1:28.050,215.918
1101,ricciardo,alphatauri,15,11,11,0.0,58,+56.229,Finished,47,1:28.571,214.648
1101,ocon,alpine,12,12,12,0.0,58,+1:06.373,Finished,34,1:30.033,211.162
1101,gasly,alpine,10,13,13,0.0,58,+1:10.360,Finished,35,1:29.016,213.575
1101,albon,williams,14,14,14,0.0,58,+1:13.184,Finished,45,1:27.845,216.422
1101,hulkenberg,haas,8,15,15,0.0,58,+1:23.696,Finished,58,1:29.217,213.093
1101,sargeant,williams,20,16,16,0.0,58,+1:27.791,Finished,43,1:28.580,214.626
1101,zhou,alfa,19,17,17,0.0,58,+1:29.422,Finished,43,1:28.746,214.224
1101,sainz,ferrari,16,18,18,0.0,57,,Retired,42,1:29.452,212.534
1101,bottas,alfa,18,19,19,0.0,57,+12.411,Lapped,42,1:29.863,211.562
1101,kevin_magnussen,haas,17,20,20,0.0,57,+14.876,Lapped,46,1:29.934,211.395
1102,max_verstappen,red_bull,1,1,1,26.0,57,1:31:44.742,Finished,39,1:32.608,210.383
1102,perez,red_bull,5,2,2,18.0,57,+22.457,Finished,40,1:34.364,206.468
1102,sainz,ferrari,4,3,3,15.0,57,+25.110,Finished,44,1:34.507,206.156
1102,leclerc,ferrari,2,4,4,12.0,57,+39.669,Finished,36,1:34.090,207.069
1102,russell,mercedes,3,5,5,10.0,57,+46.788,Finished,40,1:35.065,204.946
1102,norris,mclaren,7,6,6,8.0,57,+48.458,Finished,35,1:34.476,
1102,hamilton,mercedes,9,7,7,6.0,57,+50.324,Finished,39,1:34.722,205.688
1102,piastri,mclaren,8,8,8,4.0,57,+56.082,Finished,39,1:34.983,
1102,alonso,aston_martin,6,9,9,2.0,57,+1:14.887,Finished,48,1:34.199,206.83
1102,stroll,aston_martin,12,10,10,1.0,57,+1:33.216,Finished,30,1:35.632,203.73
1102,zhou,sauber,17,11,11,0.0,56,+6.759,Lapped,30,1:35.458,204.102
1102,kevin_magnussen,haas,15,12,12,0.0,56,+8.316,Lapped,34,1:35.570,203.863
1102,ricciardo,rb,14,13,13,0.0,56,+8.958,Lapped,37,1:35.163,204.735
1102,tsunoda,rb,11,14,14,0.0,56,+9.482,Lapped,37,1:35.833,203.303
1102,albon,williams,13,15,15,0.0,56,+11.886,Lapped,40,1:35.723,203.537
1102,hulkenberg,haas,10,16,16,0.0,56,+17.632,Lapped,46,1:34.834,205.445
1102,ocon,alpine,19,17,17,0.0,56,+31.450,Lapped,34,1:36.226,202.473
1102,gasly,alpine,20,18,18,0.0,56,+32.417,Lapped,45,1:34.805,205.508
1102,bottas,sauber,16,19,19,0.0,56,+1:23.230,Lapped,33,1:36.202,202.523
1102,sargeant,williams,18,20,20,0.0,55,+20.795,Lapped,42,1:34.735,205.659
1105,max_verstappen,red_bull,1,1,1,26.0,53,1:54:23.566,Finished,50,1:33.706,223.093
1105,perez,red_bull,2,2,2,18.0,53,+12.535,Finished,35,1:33.945,222.525
1105,sainz,ferrari,4,3,3,15.0,53,+20.866,Finished,46,1:33.841,222.772
1105,leclerc,ferrari,8,4,4,12.0,53,+26.522,Finished,53,1:35.044,219.952
1105,norris,mclaren,3,5,5,10.0,53,+29.700,Finished,51,1:35.186,
1105,alonso,aston_martin,5,6,6,8.0,53,+44.272,Finished,53,1:34.726,220.691
1105,russell,mercedes,9,7,7,6.0,53,+45.951,Finished,39,1:34.404,221.444
1105,piastri,mclaren,6,8,8,4.0,53,+47.525,Finished,35,1:34.802,
1105,hamilton,mercedes,7,9,9,2.0,53,+48.626,Finished,41,1:33.952,222.509
1105,tsunoda,rb,10,10,10,1.0,52,+1.602,Lapped,51,1:36.342,216.989
1105,hulkenberg,haas,12,11,11,0.0,52,+7.168,Lapped,52,1:35.325,219.304
1105,stroll,aston_martin,16,12,12,0.0,52,+11.233,Lapped,41,1:35.798,218.221
1105,kevin_magnussen,haas,18,13,13,0.0,52,+17.919,Lapped,24,1:36.654,216.289
1105,bottas,sauber,13,14,14,0.0,52,+18.893,Lapped,25,1:36.608,216.392
1105,ocon,alpine,15,15,15,0.0,52,+41.152,Lapped,52,1:36.232,217.237
1105,gasly,alpine,17,16,16,0.0,52,+55.066,Lapped,48,1:36.642,216.315
1105,sargeant,williams,19,17,17,0.0,52,+1:12.765,Lapped,43,1:34.900,220.286
1105,zhou,sauber,20,18,R,0.0,12,,Retired,9,1:37.160,215.162
1105,ricciardo,rb,11,19,R,0.0,0,,Retired,,,
1105,albon,williams,14,20,R,0.0,0,,Retired,,,
1107,norris,mclaren,5,1,1,25.0,57,1:30:49.876,Finished,55,1:30.980,214.148
1107,max_verstappen,red_bull,1,2,2,18.0,57,+7.612,Finished,48,1:31.261,213.488
1107,leclerc,ferrari,2,3,3,15.0,57,+9.920,Finished,56,1:31.084,213.903
1107,perez,red_bull,4,4,4,12.0,57,+14.650,Finished,55,1:30.855,214.442
1107,sainz,ferrari,3,5,5,10.0,57,+16.407,Finished,55,1:30.928,214.27
1107,hamilton,mercedes,8,6,6,8.0,57,+16.585,Finished,54,1:31.233,213.554
1107,tsunoda,rb,10,7,7,6.0,57,+26.185,Finished,55,1:31.682,212.508
1107,russell,mercedes,7,8,8,4.0,57,+34.789,Finished,43,1:31.921,211.955
1107,alonso,aston_martin,15,9,9,2.0,57,+37.107,Finished,55,1:31.727,212.404
1107,ocon,alpine,13,10,10,1.0,57,+39.746,Finished,51,1:32.037,211.688
1107,hulkenberg,haas,9,11,11,0.0,57,+40.789,Finished,56,1:31.941,211.909
1107,gasly,alpine,12,12,12,0.0,57,+44.958,Finished,56,1:32.055,211.647
1107,piastri,mclaren,6,13,13,0.0,57,+49.756,Finished,43,1:30.634,214.965
1107,zhou,sauber,19,14,14,0.0,57,+49.979,Finished,56,1:31.991,211.794
1107,ricciardo,rb,20,15,15,0.0,57,+50.956,Finished,57,1:32.122,211.493
1107,bottas,sauber,16,16,16,0.0,57,+52.356,Finished,55,1:32.098,211.548
1107,stroll,aston_martin,11,17,17,0.0,57,+55.173,Finished,57,1:31.588,212.726
1107,albon,williams,14,18,18,0.0,57,+1:16.091,Finished,55,1:30.849,214.456
1107,kevin_magnussen,haas,18,19,19,0.0,57,+1:24.683,Finished,33,1:31.774,212.295
1107,sargeant,williams,17,20,R,0.0,27,,Retired,15,1:33.452,208.483
1110,max_verstappen,red_bull,2,1,1,25.0,70,1:45:47.927,Finished,70,1:15.569,207.751
1110,norris,mclaren,3,2,2,18.0,70,+3.879,Finished,67,1:15.558,207.782
1110,russell,mercedes,1,3,3,15.0,70,+4.317,Finished,70,1:14.895,209.621
1110,hamilton,mercedes,7,4,4,13.0,70,+4.915,Finished,70,1:14.856,209.73
1110,piastri,mclaren,4,5,5,10.0,70,+10.199,Finished,65,1:16.247,205.904
1110,alonso,aston_martin,6,6,6,8.0,70,+17.510,Finished,70,1:16.303,205.753
1110,stroll,aston_martin,9,7,7,6.0,70,+23.625,Finished,70,1:16.762,204.523
1110,ricciardo,rb,5,8,8,4.0,70,+28.672,Finished,68,1:17.076,203.689
1110,gasly,alpine,15,9,9,2.0,70,+30.021,Finished,70,1:17.013,203.856
1110,ocon,alpine,18,10,10,1.0,70,+30.313,Finished,70,1:17.012,203.859
1110,hulkenberg,haas,17,11,11,0.0,70,+30.824,Finished,67,1:16.683,204.733
1110,kevin_magnussen,haas,14,12,12,0.0,70,+31.253,Finished,68,1:16.499,205.226
1110,bottas,sauber,19,13,13,0.0,70,+40.487,Finished,65,1:17.250,203.231
1110,tsunoda,rb,8,14,14,0.0,70,+52.694,Finished,70,1:17.309,203.075
1110,zhou,sauber,20,15,15,0.0,69,+53.528,Lapped,68,1:17.325,203.033
1110,sainz,ferrari,12,16,R,0.0,52,,Retired,51,1:18.957,198.837
1110,albon,williams,10,17,R,0.0,52,,Retired,51,1:19.359,197.83
1110,perez,red_bull,16,18,R,0.0,51,,Retired,51,1:18.819,199.185
1110,leclerc,ferrari,11,19,R,0.0,40,,Retired,39,1:26.012,182.528
1110,sargeant,williams,13,20,R,0.0,23,,Retired,19,1:26.484,181.531
1112,russell,mercedes,3,1,1,25.0,71,1:24:22.798,Finished,48,1:09.164,224.752
1112,piastri,mclaren,7,2,2,18.0,71,+1.906,Finished,56,1:08.697,226.28
1112,sainz,ferrari,4,3,3,15.0,71,+4.533,Finished,56,1:09.282,224.369
1112,hamilton,mercedes,5,4,4,12.0,71,+23.142,Finished,61,1:09.562,223.466
1112,max_verstappen,red_bull,1,5,5,10.0,71,+37.253,Finished,68,1:07.719,229.548
1112,hulkenberg,haas,9,6,6,8.0,71,+54.088,Finished,51,1:10.215,221.388
1112,perez,red_bull,8,7,7,6.0,71,+54.672,Finished,56,1:09.694,223.043
1112,kevin_magnussen,haas,12,8,8,4.0,71,+1:00.355,Finished,45,1:10.125,221.672
1112,ricciardo,rb,11,9,9,2.0,71,+1:01.169,Finished,49,1:10.426,220.725
1112,gasly,alpine,13,10,10,1.0,71,+1:01.766,Finished,45,1:09.609,223.315
1112,leclerc,ferrari,6,11,11,0.0,71,+1:07.056,Finished,55,1:09.584,223.396
1112,ocon,alpine,10,12,12,0.0,71,+1:08.325,Finished,45,1:09.649,223.187
1112,stroll,aston_martin,17,13,13,0.0,70,+10.234,Lapped,54,1:10.143,221.615
1112,tsunoda,rb,14,14,14,0.0,70,+13.145,Lapped,54,1:10.318,221.064
1112,albon,williams,16,15,15,0.0,70,+15.866,Lapped,41,1:10.364,220.919
1112,bottas,sauber,18,16,16,0.0,70,+19.375,Lapped,48,1:10.449,220.653
1112,zhou,sauber,20,17,17,0.0,70,+44.882,Lapped,54,1:10.470,220.587
1112,alonso,aston_martin,15,18,18,0.0,70,+47.660,Lapped,70,1:07.694,229.633
1112,sargeant,williams,19,19,19,0.0,69,+6.309,Lapped,60,1:10.406,220.788
1112,norris,mclaren,2,20,20,0.0,64,,Lapped,53,1:08.016,228.546
1115,hamilton,mercedes,3,1,1,25.0,44,1:19:57.566,Finished,33,1:46.653,236.415
1115,piastri,mclaren,5,2,2,18.0,44,+0.647,Finished,32,1:45.840,238.231
1115,leclerc,ferrari,1,3,3,15.0,44,+8.023,Finished,33,1:47.013,235.619
1115,max_verstappen,red_bull,11,4,4,12.0,44,+8.700,Finished,32,1:46.128,237.584
1115,norris,mclaren,4,5,5,10.0,44,+9.324,Finished,31,1:45.563,238.856
1115,sainz,ferrari,7,6,6,8.0,44,+19.269,Finished,44,1:46.364,237.057
1115,perez,red_bull,2,7,7,7.0,44,+42.669,Finished,44,1:44.701,240.822
1115,alonso,aston_martin,8,8,8,4.0,44,+49.437,Finished,42,1:48.051,233.356
1115,ocon,alpine,9,9,9,2.0,44,+52.026,Finished,43,1:46.957,235.743
1115,ricciardo,rb,13,10,10,1.0,44,+54.400,Finished,37,1:47.435,234.694
1115,stroll,aston_martin,15,11,11,0.0,44,+1:02.485,Finished,44,1:48.105,233.239
1115,albon,williams,10,12,12,0.0,44,+1:03.125,Finished,44,1:47.996,233.475
1115,gasly,alpine,12,13,13,0.0,44,+1:03.839,Finished,30,1:47.418,234.731
1115,kevin_magnussen,haas,17,14,14,0.0,44,+1:06.105,Finished,44,1:47.848,233.795
1115,bottas,sauber,14,15,15,0.0,44,+1:10.112,Finished,37,1:47.019,235.606
1115,tsunoda,rb,20,16,16,0.0,44,+1:16.211,Finished,44,1:47.969,233.533
1115,sargeant,williams,18,17,17,0.0,44,+1:25.531,Finished,43,1:47.490,234.574
1115,hulkenberg,haas,16,18,18,0.0,44,+1:28.307,Finished,44,1:48.954,231.422
1115,zhou,sauber,19,19,R,0.0,5,,Retired,2,1:52.099,224.929
1115,russell,mercedes,6,20,20,0.0,44,,Disqualified,44,1:47.113,235.399
1117,leclerc,ferrari,4,1,1,25.0,53,1:14:40.727,Finished,33,1:23.226,250.58
1117,piastri,mclaren,2,2,2,18.0,53,+2.664,Finished,53,1:21.943,254.503
1117,norris,mclaren,1,3,3,16.0,53,+6.153,Finished,53,1:21.432,256.1
1117,sainz,ferrari,5,4,4,12.0,53,+15.621,Finished,53,1:23.219,250.601
1117,hamilton,mercedes,6,5,5,10.0,53,+22.820,Finished,53,1:21.512,255.849
1117,max_verstappen,red_bull,7,6,6,8.0,53,+37.932,Finished,43,1:21.745,255.12
1117,russell,mercedes,3,7,7,6.0,53,+39.715,Finished,49,1:22.036,254.215
1117,perez,red_bull,8,8,8,4.0,53,+54.148,Finished,47,1:22.971,251.35
1117,albon,williams,9,9,9,2.0,53,+1:07.456,Finished,53,1:23.918,248.514
1117,kevin_magnussen,haas,13,10,10,1.0,53,+1:08.302,Finished,51,1:23.437,249.946
1117,alonso,aston_martin,11,11,11,0.0,53,+1:08.495,Finished,46,1:22.944,251.432
1117,colapinto,williams,18,12,12,0.0,53,+1:21.308,Finished,53,1:23.728,249.077
1117,ricciardo,rb,12,13,13,0.0,53,+1:33.452,Finished,52,1:24.219,247.625
1117,ocon,alpine,15,14,14,0.0,52,+12.659,Lapped,52,1:24.343,247.261
1117,gasly,alpine,14,15,15,0.0,52,+18.344,Lapped,51,1:23.755,248.997
1117,bottas,sauber,19,16,16,0.0,52,+27.211,Lapped,52,1:23.609,249.432
1117,hulkenberg,haas,10,17,17,0.0,52,+30.870,Lapped,44,1:23.275,250.432
1117,zhou,sauber,20,18,18,0.0,52,+40.055,Lapped,17,1:25.092,245.085
1117,stroll,aston_martin,17,19,19,0.0,52,+43.508,Lapped,52,1:22.232,253.609
1117,tsunoda,rb,16,20,R,0.0,7,,Retired,4,1:26.198,241.94
1119,norris,mclaren,1,1,1,25.0,62,1:40:52.571,Finished,48,1:34.925,187.347
1119,max_verstappen,red_bull,2,2,2,18.0,62,+20.945,Finished,59,1:35.967,185.313
1119,piastri,mclaren,5,3,3,15.0,62,+41.823,Finished,48,1:35.745,185.743
1119,russell,mercedes,4,4,4,12.0,62,+1:01.040,Finished,30,1:37.047,183.251
1119,leclerc,ferrari,9,5,5,10.0,62,+1:02.430,Finished,46,1:35.371,186.471
1119,hamilton,mercedes,3,6,6,8.0,62,+1:25.248,Finished,43,1:37.393,182.6
1119,sainz,ferrari,10,7,7,6.0,62,+1:36.039,Finished,15,1:36.561,184.173
1119,alonso,aston_martin,7,8,8,4.0,61,+0.873,Lapped,54,1:37.741,181.95
1119,hulkenberg,haas,6,9,9,2.0,61,+3.140,Lapped,35,1:37.470,182.456
1119,perez,red_bull,13,10,10,1.0,61,+4.624,Lapped,33,1:37.477,182.443
1119,colapinto,williams,12,11,11,0.0,61,+6.284,Lapped,35,1:37.262,182.846
1119,tsunoda,rb,8,12,12,0.0,61,+8.792,Lapped,53,1:36.393,184.494
1119,ocon,alpine,15,13,13,0.0,61,+44.005,Lapped,48,1:37.964,181.536
1119,stroll,aston_martin,17,14,14,0.0,61,+47.571,Lapped,36,1:37.851,181.745
1119,zhou,sauber,20,15,15,0.0,61,+57.220,Lapped,47,1:37.461,182.472
1119,bottas,sauber,19,16,16,0.0,61,+57.829,Lapped,46,1:37.524,182.355
1119,gasly,alpine,18,17,17,0.0,61,+59.059,Lapped,46,1:36.927,183.478
1119,ricciardo,rb,16,18,18,0.0,61,+1:29.796,Lapped,60,1:34.486,188.218
1119,kevin_magnussen,haas,14,19,19,0.0,57,,Retired,52,1:37.425,182.54
1119,albon,williams,11,20,R,0.0,15,,Retired,13,1:36.888,183.552
1120,leclerc,ferrari,4,1,1,25.0,56,1:35:09.639,Finished,39,1:37.834,202.861
1120,sainz,ferrari,3,2,2,18.0,56,+8.562,Finished,42,1:37.763,203.009
1120,max_verstappen,red_bull,2,3,3,15.0,56,+19.412,Finished,42,1:38.117,202.276
1120,norris,mclaren,1,4,4,12.0,56,+20.354,Finished,55,1:37.679,203.183
1120,piastri,mclaren,5,5,5,10.0,56,+21.921,Finished,42,1:37.883,202.76
1120,russell,mercedes,20,6,6,8.0,56,+56.295,Finished,42,1:37.656,203.231
1120,perez,red_bull,9,7,7,6.0,56,+59.072,Finished,45,1:38.514,201.461
1120,hulkenberg,haas,11,8,8,4.0,56,+1:02.957,Finished,51,1:38.404,201.686
1120,lawson,rb,19,9,9,2.0,56,+1:10.563,Finished,54,1:38.091,202.33
1120,colapinto,williams,15,10,10,1.0,56,+1:11.979,Finished,46,1:37.611,203.325
1120,kevin_magnussen,haas,8,11,11,0.0,56,+1:19.782,Finished,56,1:38.210,202.085
1120,gasly,alpine,6,12,12,0.0,56,+1:30.558,Finished,55,1:38.311,201.877
1120,alonso,aston_martin,7,13,13,0.0,55,+1.726,Lapped,52,1:39.261,199.945
1120,tsunoda,rb,10,14,14,0.0,55,+8.212,Lapped,54,1:39.193,200.082
1120,stroll,aston_martin,13,15,15,0.0,55,+16.983,Lapped,54,1:39.214,200.04
1120,albon,williams,14,16,16,0.0,55,+18.092,Lapped,54,1:39.084,200.302
1120,bottas,sauber,16,17,17,0.0,55,+34.333,Lapped,53,1:40.575,197.333
1120,ocon,alpine,12,18,18,0.0,55,+42.112,Lapped,53,1:37.330,203.912
1120,zhou,sauber,18,19,19,0.0,55,+49.240,Lapped,53,1:39.272,199.923
1120,hamilton,mercedes,17,20,R,0.0,1,,Retired,,,
1121,sainz,ferrari,1,1,1,25.0,71,1:40:55.800,Finished,62,1:20.137,193.348
1121,norris,mclaren,3,2,2,18.0,71,+4.705,Finished,68,1:19.691,194.43
1121,leclerc,ferrari,4,3,3,16.0,71,+34.387,Finished,71,1:18.336,197.794
1121,hamilton,mercedes,6,4,4,12.0,71,+44.780,Finished,31,1:20.371,192.785
1121,russell,mercedes,5,5,5,10.0,71,+48.536,Finished,63,1:20.731,191.926
1121,max_verstappen,red_bull,2,6,6,8.0,71,+59.558,Finished,53,1:20.872,191.591
1121,kevin_magnussen,haas,7,7,7,6.0,71,+1:03.642,Finished,61,1:20.637,192.15
1121,piastri,mclaren,17,8,8,4.0,71,+1:04.928,Finished,65,1:20.064,193.525
1121,hulkenberg,haas,10,9,9,2.0,70,+2.720,Lapped,69,1:20.748,191.885
1121,gasly,alpine,8,10,10,1.0,70,+18.587,Lapped,67,1:21.274,190.643
1121,stroll,aston_martin,14,11,11,0.0,70,+25.072,Lapped,55,1:21.311,190.557
1121,colapinto,williams,16,12,12,0.0,70,+37.497,Lapped,50,1:20.090,193.462
1121,ocon,alpine,0,13,13,0.0,70,+39.663,Lapped,70,1:20.659,192.097
1121,bottas,sauber,15,14,14,0.0,70,+42.227,Lapped,57,1:21.085,191.088
1121,zhou,sauber,19,15,15,0.0,70,+1:01.722,Lapped,56,1:21.553,189.991
1121,lawson,rb,12,16,16,0.0,70,+1:04.466,Lapped,67,1:19.502,194.893
1121,perez,red_bull,18,17,17,0.0,70,+1:13.284,Lapped,70,1:19.209,195.614
1121,alonso,aston_martin,13,18,R,0.0,15,,Retired,7,1:22.722,187.306
1121,albon,williams,9,19,R,0.0,0,,Retired,,,
1121,tsunoda,rb,11,20,R,0.0,0,,Retired,,,
1122,max_verstappen,red_bull,17,1,1,26.0,69,2:06:54.430,Finished,67,1:20.472,192.767
1122,ocon,alpine,4,2,2,18.0,69,+19.477,Finished,64,1:21.771,189.705
1122,gasly,alpine,13,3,3,15.0,69,+22.532,Finished,66,1:21.645,189.998
1122,russell,mercedes,2,4,4,12.0,69,+23.265,Finished,66,1:21.645,189.998
1122,leclerc,ferrari,6,5,5,10.0,69,+30.177,Finished,60,1:21.631,190.03
1122,norris,mclaren,1,6,6,8.0,69,+31.372,Finished,67,1:21.517,190.296
1122,tsunoda,rb,3,7,7,6.0,69,+42.056,Finished,69,1:21.828,189.573
1122,piastri,mclaren,8,8,8,4.0,69,+44.943,Finished,69,1:21.532,190.261
1122,lawson,rb,5,9,9,2.0,69,+50.452,Finished,67,1:22.123,188.892
1122,hamilton,mercedes,14,10,10,1.0,69,+50.753,Finished,69,1:22.041,189.081
1122,perez,red_bull,12,11,11,0.0,69,+51.531,Finished,67,1:22.143,188.846
1122,bearman,haas,15,12,12,0.0,69,+57.085,Finished,64,1:22.494,188.042
1122,bottas,sauber,11,13,13,0.0,69,+1:03.588,Finished,67,1:22.877,187.173
1122,alonso,aston_martin,9,14,14,0.0,69,+1:18.049,Finished,59,1:22.293,188.502
1122,zhou,sauber,19,15,15,0.0,69,+1:19.649,Finished,65,1:23.058,186.765
1122,sainz,ferrari,20,16,R,0.0,38,,Retired,19,1:24.201,184.23
1122,colapinto,williams,16,17,R,0.0,30,,Retired,21,1:24.296,184.022
1122,albon,williams,7,18,W,0.0,0,,Did not start,,,
1122,stroll,aston_martin,10,19,W,0.0,0,,Did not start,,,
1122,hulkenberg,haas,18,20,D,0.0,0,,Disqualified,,,
1123,russell,mercedes,1,1,1,25.0,50,1:22:05.969,Finished,46,1:35.717,233.225
1123,hamilton,mercedes,10,2,2,18.0,50,+7.313,Finished,41,1:35.480,233.803
1123,sainz,ferrari,2,3,3,15.0,50,+11.906,Finished,44,1:35.875,232.84
1123,leclerc,ferrari,4,4,4,12.0,50,+14.283,Finished,40,1:35.674,233.329
1123,max_verstappen,red_bull,5,5,5,10.0,50,+16.582,Finished,43,1:36.248,231.938
1123,norris,mclaren,6,6,6,9.0,50,+43.385,Finished,50,1:34.876,235.292
1123,piastri,mclaren,8,7,7,6.0,50,+51.365,Finished,44,1:36.598,231.097
1123,hulkenberg,haas,9,8,8,4.0,50,+59.808,Finished,48,1:36.585,231.129
1123,tsunoda,rb,7,9,9,2.0,50,+1:02.808,Finished,48,1:36.957,230.242
1123,perez,red_bull,15,10,10,1.0,50,+1:03.114,Finished,42,1:36.326,231.75
1123,alonso,aston_martin,16,11,11,0.0,50,+1:09.195,Finished,39,1:36.553,231.205
1123,kevin_magnussen,haas,12,12,12,0.0,50,+1:09.803,Finished,49,1:36.557,231.196
1123,zhou,sauber,13,13,13,0.0,50,+1:14.085,Finished,46,1:36.324,231.755
1123,colapinto,williams,20,14,14,0.0,50,+1:15.172,Finished,37,1:36.867,230.456
1123,stroll,aston_martin,18,15,15,0.0,50,+1:24.102,Finished,43,1:37.179,229.716
1123,lawson,rb,14,16,16,0.0,50,+1:31.005,Finished,45,1:36.980,230.187
1123,ocon,alpine,11,17,17,0.0,49,+2.060,Lapped,47,1:36.511,231.306
1123,bottas,sauber,19,18,18,0.0,49,+11.285,Lapped,46,1:36.601,231.09
1123,albon,williams,17,19,R,0.0,25,,Retired,21,1:38.008,227.773
1123,gasly,alpine,3,20,R,0.0,15,,Retired,13,1:38.314,227.064
1124,max_verstappen,red_bull,2,1,1,25.0,57,1:31:05.323,Finished,55,1:22.905,235.31
1124,leclerc,ferrari,5,2,2,18.0,57,+6.031,Finished,53,1:23.242,234.357
1124,piastri,mclaren,4,3,3,15.0,57,+6.819,Finished,51,1:23.218,234.425
1124,russell,mercedes,1,4,4,12.0,57,+14.104,Finished,50,1:23.355,234.039
1124,gasly,alpine,11,5,5,10.0,57,+16.782,Finished,56,1:23.705,233.061
1124,sainz,ferrari,7,6,6,8.0,57,+17.476,Finished,52,1:23.465,233.731
1124,alonso,aston_martin,8,7,7,6.0,57,+19.867,Finished,57,1:23.667,233.167
1124,zhou,sauber,12,8,8,4.0,57,+25.360,Finished,57,1:23.889,232.55
1124,kevin_magnussen,haas,10,9,9,2.0,57,+32.177,Finished,55,1:24.259,231.528
1124,norris,mclaren,3,10,10,2.0,57,+35.762,Finished,56,1:22.384,236.798
1124,bottas,sauber,13,11,11,0.0,57,+50.243,Finished,53,1:25.533,228.08
1124,hamilton,mercedes,6,12,12,0.0,57,+56.122,Finished,52,1:23.865,232.616
1124,tsunoda,rb,14,13,13,0.0,57,+1:01.100,Finished,47,1:26.144,226.462
1124,lawson,rb,17,14,14,0.0,57,+1:02.656,Finished,46,1:26.076,226.641
1124,albon,williams,16,15,15,0.0,56,+12.969,Lapped,47,1:25.559,228.011
1124,hulkenberg,haas,18,16,R,0.0,39,,Retired,33,1:25.767,227.458
1124,perez,red_bull,9,17,R,0.0,38,,Retired,31,1:25.288,228.735
1124,stroll,aston_martin,15,18,R,0.0,8,,Retired,6,1:30.935,214.531
1124,colapinto,williams,19,19,R,0.0,0,,Retired,,,
1124,ocon,alpine,20,20,R,0.0,0,,Retired,,,
1125,norris,mclaren,1,1,1,25.0,58,1:26:33.291,Finished,52,1:27.438,217.429
1125,sainz,ferrari,3,2,2,18.0,58,+5.832,Finished,55,1:27.765,216.619
1125,leclerc,ferrari,19,3,3,15.0,58,+31.928,Finished,51,1:28.018,215.996
1125,hamilton,mercedes,16,4,4,12.0,58,+36.483,Finished,44,1:27.278,217.828
1125,russell,mercedes,6,5,5,10.0,58,+37.538,Finished,56,1:28.195,215.563
1125,max_verstappen,red_bull,4,6,6,8.0,58,+49.847,Finished,56,1:27.765,216.619
1125,gasly,alpine,5,7,7,6.0,58,+1:12.560,Finished,30,1:29.251,213.012
1125,hulkenberg,haas,7,8,8,4.0,58,+1:15.554,Finished,17,1:29.152,213.249
1125,alonso,aston_martin,8,9,9,2.0,58,+1:22.373,Finished,51,1:27.948,216.168
1125,piastri,mclaren,2,10,10,1.0,58,+1:23.821,Finished,51,1:27.690,216.804
1125,albon,williams,18,11,11,0.0,57,+11.251,Lapped,46,1:29.438,212.567
1125,tsunoda,rb,11,12,12,0.0,57,+14.738,Lapped,41,1:29.200,213.134
1125,zhou,sauber,15,13,13,0.0,57,+17.304,Lapped,56,1:27.982,216.085
1125,stroll,aston_martin,13,14,14,0.0,57,+18.473,Lapped,42,1:28.604,214.568
1125,doohan,alpine,17,15,15,0.0,57,+26.555,Lapped,56,1:29.121,213.323
1125,kevin_magnussen,haas,14,16,16,0.0,57,+1:17.597,Lapped,57,1:25.637,222.002
1125,lawson,rb,12,17,17,0.0,55,,Retired,52,1:28.751,214.212
1125,bottas,sauber,9,18,R,0.0,30,,Retired,14,1:29.482,212.462
1125,colapinto,williams,20,19,R,0.0,26,,Retired,5,1:29.411,212.631
1125,perez,red_bull,10,20,R,0.0,0,,Retired,,,
1127,piastri,mclaren,1,1,1,25.0,56,1:30:55.026,Finished,53,1:35.520,
1127,norris,mclaren,3,2,2,18.0,56,+9.748,Finished,53,1:35.454,
1127,russell,mercedes,2,3,3,15.0,56,+11.097,Finished,55,1:35.816,
1127,max_verstappen,red_bull,4,4,4,12.0,56,+16.656,Finished,56,1:35.488,
1127,ocon,haas,11,5,5,10.0,56,+49.969,Finished,56,1:35.740,
1127,antonelli,mercedes,8,6,6,8.0,56,+53.748,Finished,56,1:36.046,
1127,albon,williams,10,7,7,6.0,56,+56.321,Finished,52,1:36.254,
1127,bearman,haas,17,8,8,4.0,56,+1:01.303,Finished,52,1:36.363,
1127,stroll,aston_martin,14,9,9,2.0,56,+1:10.204,Finished,39,1:36.044,
1127,sainz,williams,15,10,10,1.0,56,+1:16.387,Finished,50,1:36.779,
1127,hadjar,rb,7,11,11,0.0,56,+1:18.875,Finished,35,1:35.868,
1127,lawson,red_bull,20,12,12,0.0,56,+1:21.147,Finished,32,1:35.985,
1127,doohan,alpine,18,13,13,0.0,56,+1:28.401,Finished,52,1:36.424,
1127,bortoleto,sauber,19,14,14,0.0,55,+10.756,Lapped,28,1:35.874,
1127,hulkenberg,sauber,12,15,15,0.0,55,+20.226,Lapped,35,1:37.275,
1127,tsunoda,rb,9,16,16,0.0,55,+23.511,Lapped,49,1:35.871,
1127,alonso,aston_martin,13,17,R,0.0,4,,Retired,3,1:39.256,
1127,leclerc,ferrari,6,18,D,0.0,0,,Disqualified,,,
1127,hamilton,ferrari,5,19,D,0.0,0,,Disqualified,,,
1127,gasly,alpine,16,20,D,0.0,0,,Disqualified,,,
1129,piastri,mclaren,1,1,1,25.0,57,1:35:39.435,Finished,36,1:35.140,
1129,russell,mercedes,3,2,2,18.0,57,+15.499,Finished,36,1:35.518,
1129,norris,mclaren,6,3,3,15.0,57,+16.273,Finished,38,1:35.728,
1129,leclerc,ferrari,2,4,4,12.0,57,+19.679,Finished,36,1:36.132,
1129,hamilton,ferrari,9,5,5,10.0,57,+27.993,Finished,37,1:36.235,
1129,max_verstappen,red_bull,7,6,6,8.0,57,+34.395,Finished,29,1:36.167,
1129,gasly,alpine,4,7,7,6.0,57,+36.002,Finished,39,1:36.531,
1129,ocon,haas,14,8,8,4.0,57,+44.244,Finished,30,1:37.098,
1129,tsunoda,red_bull,10,9,9,2.0,57,+45.061,Finished,45,1:37.225,
1129,bearman,haas,20,10,10,1.0,57,+47.594,Finished,40,1:37.303,
1129,antonelli,mercedes,5,11,11,0.0,57,+48.016,Finished,29,1:36.690,
1129,albon,williams,15,12,12,0.0,57,+48.839,Finished,47,1:37.141,
1129,hadjar,rb,12,13,13,0.0,57,+56.314,Finished,30,1:36.952,
1129,doohan,alpine,11,14,14,0.0,57,+57.806,Finished,31,1:36.682,
1129,alonso,aston_martin,13,15,15,0.0,57,+1:00.340,Finished,38,1:37.906,
1129,lawson,rb,17,16,16,0.0,57,+1:04.435,Finished,44,1:37.380,
1129,stroll,aston_martin,19,17,17,0.0,57,+1:05.489,Finished,38,1:38.064,
1129,bortoleto,sauber,18,18,18,0.0,57,+1:06.872,Finished,38,1:38.006,
1129,sainz,williams,8,19,R,0.0,45,,Retired,16,1:36.954,
1129,hulkenberg,sauber,16,20,D,0.0,0,,Disqualified,,,
1132,max_verstappen,red_bull,2,1,1,25.0,63,1:31:33.199,Finished,58,1:17.988,
1132,norris,mclaren,4,2,2,18.0,63,+6.109,Finished,63,1:18.311,
1132,piastri,mclaren,1,3,3,15.0,63,+12.956,Finished,56,1:18.894,
1132,hamilton,ferrari,12,4,4,12.0,63,+14.356,Finished,61,1:18.265,
1132,albon,williams,7,5,5,10.0,63,+17.945,Finished,63,1:18.289,
1132,leclerc,ferrari,11,6,6,8.0,63,+20.774,Finished,56,1:19.048,
1132,russell,mercedes,3,7,7,6.0,63,+22.034,Finished,55,1:19.733,
1132,sainz,williams,6,8,8,4.0,63,+22.898,Finished,58,1:19.836,
1132,hadjar,rb,9,9,9,2.0,63,+23.586,Finished,60,1:19.473,
1132,tsunoda,red_bull,20,10,10,1.0,63,+26.446,Finished,60,1:20.039,
1132,alonso,aston_martin,5,11,11,0.0,63,+27.250,Finished,61,1:19.894,
1132,hulkenberg,sauber,17,12,12,0.0,63,+30.296,Finished,62,1:20.401,
1132,gasly,alpine,10,13,13,0.0,63,+31.424,Finished,58,1:20.398,
1132,lawson,rb,15,14,14,0.0,63,+32.511,Finished,60,1:20.473,
1132,stroll,aston_martin,8,15,15,0.0,63,+32.993,Finished,58,1:20.501,
1132,colapinto,alpine,16,16,16,0.0,63,+33.411,Finished,57,1:20.345,
1132,bearman,haas,19,17,17,0.0,63,+33.808,Finished,52,1:19.521,
1132,bortoleto,sauber,14,18,18,0.0,63,+38.572,Finished,57,1:20.630,
1132,antonelli,mercedes,13,19,R,0.0,44,,Retired,33,1:20.620,
1132,ocon,haas,18,20,R,0.0,27,,Retired,3,1:21.413,
1134,piastri,mclaren,1,1,1,25.0,66,1:32:57.375,Finished,61,1:15.743,
1134,norris,mclaren,2,2,2,18.0,66,+2.471,Finished,61,1:16.187,
1134,leclerc,ferrari,7,3,3,15.0,66,+10.455,Finished,62,1:17.259,
1134,russell,mercedes,4,4,4,12.0,66,+11.359,Finished,62,1:17.244,
1134,hulkenberg,sauber,15,5,5,10.0,66,+13.648,Finished,63,1:17.575,
1134,hamilton,ferrari,5,6,6,8.0,66,+15.508,Finished,62,1:17.706,
1134,hadjar,rb,9,7,7,6.0,66,+16.022,Finished,63,1:17.770,
1134,gasly,alpine,8,8,8,4.0,66,+17.882,Finished,63,1:17.896,
1134,alonso,aston_martin,10,9,9,2.0,66,+21.564,Finished,66,1:18.128,
1134,max_verstappen,red_bull,3,10,10,1.0,66,+21.826,Finished,62,1:17.019,
1134,lawson,rb,13,11,11,0.0,66,+25.532,Finished,62,1:19.424,
1134,bortoleto,sauber,12,12,12,0.0,66,+25.996,Finished,51,1:18.297,
1134,tsunoda,red_bull,19,13,13,0.0,66,+28.822,Finished,46,1:17.998,
1134,sainz,williams,17,14,14,0.0,66,+29.309,Finished,65,1:19.317,
1134,colapinto,alpine,18,15,15,0.0,66,+31.381,Finished,41,1:18.353,
1134,ocon,haas,16,16,16,0.0,66,+32.197,Finished,46,1:18.624,
1134,bearman,haas,14,17,17,0.0,66,+37.065,Finished,63,1:18.907,
1134,antonelli,mercedes,6,18,R,0.0,53,,Retired,52,1:18.255,
1134,albon,williams,11,19,R,0.0,27,,Retired,9,1:20.508,
1137,norris,mclaren,3,1,1,25.0,52,1:37:15.735,Finished,48,1:29.734,
1137,piastri,mclaren,2,2,2,18.0,52,+6.812,Finished,51,1:29.337,
1137,hulkenberg,sauber,19,3,3,15.0,52,+34.742,Finished,51,1:30.933,
1137,hamilton,ferrari,5,4,4,12.0,52,+39.812,Finished,49,1:30.016,
1137,max_verstappen,red_bull,1,5,5,10.0,52,+56.781,Finished,49,1:30.179,
1137,gasly,alpine,8,6,6,8.0,52,+59.857,Finished,48,1:30.751,
1137,stroll,aston_martin,17,7,7,6.0,52,+1:00.603,Finished,50,1:32.088,
1137,albon,williams,13,8,8,4.0,52,+1:04.135,Finished,50,1:30.047,
1137,alonso,aston_martin,7,9,9,2.0,52,+1:05.858,Finished,49,1:30.353,
1137,russell,mercedes,4,10,10,1.0,52,+1:10.674,Finished,51,1:30.869,
1137,bearman,haas,18,11,11,0.0,52,+1:12.095,Finished,50,1:30.921,
1137,sainz,williams,9,12,12,0.0,52,+1:16.592,Finished,52,1:30.645,
1137,ocon,haas,14,13,13,0.0,52,+1:17.301,Finished,52,1:30.818,
1137,leclerc,ferrari,6,14,14,0.0,52,+1:24.477,Finished,50,1:30.819,
1137,tsunoda,red_bull,11,15,15,0.0,51,+32.250,Lapped,49,1:30.873,
1137,antonelli,mercedes,10,16,R,0.0,23,,Retired,8,1:45.576,
1137,hadjar,rb,12,17,R,0.0,17,,Retired,9,1:41.705,
1137,bortoleto,sauber,16,18,R,0.0,3,,Retired,3,2:16.121,
1137,lawson,rb,15,19,R,0.0,0,,Retired,,,
1137,colapinto,alpine,20,20,W,0.0,0,,Did not start,,,
1139,norris,mclaren,3,1,1,25.0,70,1:35:21.231,Finished,57,1:19.918,
1139,piastri,mclaren,2,2,2,18.0,70,+0.698,Finished,56,1:19.412,
1139,russell,mercedes,4,3,3,15.0,70,+21.916,Finished,45,1:19.409,
1139,leclerc,ferrari,1,4,4,12.0,70,+42.560,Finished,47,1:20.440,
1139,alonso,aston_martin,5,5,5,10.0,70,+59.040,Finished,54,1:20.113,
1139,bortoleto,sauber,7,6,6,8.0,70,+1:06.169,Finished,48,1:20.705,
1139,stroll,aston_martin,6,7,7,6.0,70,+1:08.174,Finished,55,1:20.708,
1139,lawson,rb,9,8,8,4.0,70,+1:09.451,Finished,56,1:20.457,
1139,max_verstappen,red_bull,8,9,9,2.0,70,+1:12.645,Finished,50,1:19.576,
1139,antonelli,mercedes,15,10,10,1.0,69,+7.649,Lapped,54,1:20.745,
1139,hadjar,rb,10,11,11,0.0,69,+8.500,Lapped,48,1:20.802,
1139,hamilton,ferrari,12,12,12,0.0,69,+9.861,Lapped,55,1:20.022,
1139,hulkenberg,sauber,18,13,13,0.0,69,+31.268,Lapped,67,1:20.013,
1139,sainz,williams,13,14,14,0.0,69,+33.326,Lapped,53,1:19.790,
1139,albon,williams,19,15,15,0.0,69,+38.111,Lapped,49,1:20.779,
1139,ocon,haas,17,16,16,0.0,69,+45.258,Lapped,17,1:21.916,
1139,tsunoda,red_bull,20,17,17,0.0,69,+46.943,Lapped,46,1:21.180,
1139,colapinto,alpine,14,18,18,0.0,69,+47.370,Lapped,37,1:20.827,
1139,gasly,alpine,16,19,19,0.0,69,+56.344,Lapped,46,1:21.433,
1139,bearman,haas,11,20,R,0.0,48,,Retired,37,1:21.989,
1141,max_verstappen,red_bull,1,1,1,25.0,53,1:13:24.325,Finished,52,1:21.003,
1141,norris,mclaren,2,2,2,18.0,53,+19.207,Finished,53,1:20.901,
1141,piastri,mclaren,3,3,3,15.0,53,+21.351,Finished,47,1:21.245,
1141,leclerc,ferrari,4,4,4,12.0,53,+25.624,Finished,53,1:21.294,
1141,russell,mercedes,5,5,5,10.0,53,+32.881,Finished,45,1:21.800,
1141,hamilton,ferrari,10,6,6,8.0,53,+37.449,Finished,50,1:21.546,
1141,albon,williams,14,7,7,6.0,53,+50.537,Finished,53,1:21.368,
1141,bortoleto,sauber,7,8,8,4.0,53,+58.484,Finished,51,1:22.139,
1141,antonelli,mercedes,6,9,9,2.0,53,+59.762,Finished,53,1:21.968,
1141,hadjar,rb,19,10,10,1.0,53,+1:03.891,Finished,46,1:22.133,
1141,sainz,williams,13,11,11,0.0,53,+1:04.469,Finished,47,1:21.740,
1141,bearman,haas,11,12,12,0.0,53,+1:19.288,Finished,53,1:21.820,
1141,tsunoda,red_bull,9,13,13,0.0,53,+1:20.701,Finished,52,1:22.712,
1141,lawson,rb,18,14,14,0.0,53,+1:22.351,Finished,49,1:22.777,
1141,ocon,haas,15,15,15,0.0,52,+2.135,Lapped,48,1:22.892,
1141,gasly,alpine,20,16,16,0.0,52,+5.837,Lapped,52,1:22.185,
1141,colapinto,alpine,17,17,17,0.0,52,+7.448,Lapped,48,1:22.239,
1141,stroll,aston_martin,16,18,18,0.0,52,+9.301,Lapped,51,1:22.164,
1141,alonso,aston_martin,8,19,R,0.0,24,,Retired,23,1:23.757,
1141,hulkenberg,sauber,12,20,W,0.0,0,,Did not start,,,
1143,russell,mercedes,1,1,1,25.0,62,1:40:22.367,Finished,27,1:35.676,
1143,max_verstappen,red_bull,2,2,2,18.0,62,+5.430,Finished,30,1:35.649,
1143,norris,mclaren,5,3,3,15.0,62,+6.066,Finished,36,1:35.555,
1143,piastri,mclaren,3,4,4,12.0,62,+8.146,Finished,31,1:35.408,
1143,antonelli,mercedes,4,5,5,10.0,62,+33.681,Finished,27,1:35.303,
1143,leclerc,ferrari,7,6,6,8.0,62,+45.996,Finished,41,1:35.983,
1143,alonso,aston_martin,10,7,7,6.0,62,+1:20.667,Finished,52,1:35.862,
1143,hamilton,ferrari,6,8,8,4.0,62,+1:25.251,Finished,48,1:33.808,
1143,bearman,haas,9,9,9,2.0,62,+1:33.527,Finished,56,1:36.201,
1143,sainz,williams,18,10,10,1.0,61,+10.754,Lapped,61,1:34.963,
1143,hadjar,rb,8,11,11,0.0,61,+17.335,Lapped,54,1:36.938,
1143,tsunoda,red_bull,13,12,12,0.0,61,+19.269,Lapped,45,1:36.831,
1143,stroll,aston_martin,15,13,13,0.0,61,+24.490,Lapped,60,1:35.851,
1143,albon,williams,20,14,14,0.0,61,+25.320,Lapped,60,1:35.648,
1143,lawson,rb,12,15,15,0.0,61,+27.145,Lapped,61,1:35.641,
1143,colapinto,alpine,16,16,16,0.0,61,+42.890,Lapped,17,1:37.182,
1143,bortoleto,sauber,14,17,17,0.0,61,+46.753,Lapped,16,1:37.126,
1143,ocon,haas,17,18,18,0.0,61,+47.133,Lapped,32,1:36.646,
1143,gasly,alpine,19,19,19,0.0,61,+47.461,Lapped,53,1:34.573,
1143,hulkenberg,sauber,11,20,20,0.0,61,+49.040,Lapped,47,1:35.404,
1144,max_verstappen,red_bull,1,1,1,25.0,56,1:34:00.161,Finished,35,1:37.991,
1144,norris,mclaren,2,2,2,18.0,56,+7.959,Finished,35,1:37.620,
1144,leclerc,ferrari,3,3,3,15.0,56,+15.373,Finished,47,1:38.231,
1144,hamilton,ferrari,5,4,4,12.0,56,+28.536,Finished,55,1:38.361,
1144,piastri,mclaren,6,5,5,10.0,56,+29.678,Finished,55,1:38.564,
1144,russell,mercedes,4,6,6,8.0,56,+33.456,Finished,35,1:38.224,
1144,tsunoda,red_bull,13,7,7,6.0,56,+52.714,Finished,54,1:38.803,
1144,hulkenberg,sauber,11,8,8,4.0,56,+57.249,Finished,54,1:38.372,
1144,bearman,haas,8,9,9,2.0,56,+1:04.722,Finished,32,1:39.119,
1144,alonso,aston_martin,10,10,10,1.0,56,+1:10.001,Finished,54,1:38.789,
1144,lawson,rb,12,11,11,0.0,56,+1:13.209,Finished,53,1:38.983,
1144,stroll,aston_martin,19,12,12,0.0,56,+1:14.778,Finished,54,1:39.071,
1144,antonelli,mercedes,7,13,13,0.0,56,+1:15.746,Finished,33,1:37.577,
1144,albon,williams,18,14,14,0.0,56,+1:20.000,Finished,38,1:38.328,
1144,ocon,haas,17,15,15,0.0,56,+1:23.043,Finished,31,1:39.263,
1144,hadjar,rb,20,16,16,0.0,56,+1:32.807,Finished,54,1:38.724,
1144,colapinto,alpine,15,17,17,0.0,55,+2.307,Lapped,54,1:39.173,
1144,bortoleto,sauber,16,18,18,0.0,55,+3.557,Lapped,39,1:38.275,
1144,gasly,alpine,14,19,19,0.0,55,+6.155,Lapped,30,1:39.270,
1144,sainz,williams,9,20,R,0.0,5,,Retired,3,1:40.327,
1147,max_verstappen,red_bull,2,1,1,25.0,50,1:21:08.429,Finished,50,1:33.365,
1147,russell,mercedes,4,2,2,18.0,50,+23.546,Finished,50,1:34.592,
1147,antonelli,mercedes,17,3,3,15.0,50,+30.488,Finished,48,1:33.998,
1147,leclerc,ferrari,9,4,4,12.0,50,+30.678,Finished,43,1:34.304,
1147,sainz,williams,3,5,5,10.0,50,+34.924,Finished,42,1:34.496,
1147,hadjar,rb,8,6,6,8.0,50,+45.257,Finished,50,1:34.620,
1147,hulkenberg,sauber,11,7,7,6.0,50,+51.134,Finished,49,1:34.592,
1147,hamilton,ferrari,19,8,8,4.0,50,+59.369,Finished,49,1:34.553,
1147,ocon,haas,13,9,9,2.0,50,+1:00.635,Finished,48,1:34.557,
1147,bearman,haas,14,10,10,1.0,50,+1:10.549,Finished,50,1:34.519,
1147,alonso,aston_martin,7,11,11,0.0,50,+1:25.308,Finished,41,1:35.629,
1147,tsunoda,red_bull,20,12,12,0.0,50,+1:26.974,Finished,49,1:34.967,
1147,gasly,alpine,10,13,13,0.0,50,+1:31.702,Finished,44,1:35.674,
1147,lawson,rb,6,14,14,0.0,49,+3.291,Lapped,47,1:34.837,
1147,colapinto,alpine,15,15,15,0.0,49,+10.459,Lapped,38,1:35.780,
1147,albon,williams,16,16,R,0.0,35,,Retired,26,1:35.184,
1147,bortoleto,sauber,18,17,R,0.0,2,,Retired,,,
1147,stroll,aston_martin,12,18,R,0.0,0,,Retired,,,
1147,norris,mclaren,1,19,D,0.0,50,,Disqualified,,,
1147,piastri,mclaren,5,20,D,0.0,50,,Disqualified,,,
1150,russell,mercedes,1,1,1,25.0,58,1:23:06.801,Finished,21,1:22.670,
1150,antonelli,mercedes,2,2,2,18.0,58,+2.974,Finished,57,1:22.417,
1150,leclerc,ferrari,4,3,3,15.0,58,+15.519,Finished,38,1:22.579,
1150,hamilton,ferrari,7,4,4,12.0,58,+16.144,Finished,55,1:22.423,
1150,norris,mclaren,6,5,5,10.0,58,+51.741,Finished,53,1:22.358,
1150,max_verstappen,red_bull,20,6,6,8.0,58,+54.617,Finished,43,1:22.091,
1150,bearman,haas,12,7,7,6.0,57,+4.593,Lapped,22,1:24.020,
1150,arvid_lindblad,rb,9,8,8,4.0,57,+11.816,Lapped,21,1:24.182,
1150,bortoleto,audi,10,9,9,2.0,57,+12.775,Lapped,45,1:23.257,
1150,gasly,alpine,14,10,10,1.0,57,+29.027,Lapped,56,1:24.486,
1150,ocon,haas,13,11,11,0.0,57,+29.850,Lapped,25,1:24.424,
1150,albon,williams,15,12,12,0.0,57,+56.075,Lapped,36,1:24.375,
1150,lawson,rb,8,13,13,0.0,57,+57.173,Lapped,47,1:23.783,
1150,colapinto,alpine,16,14,14,0.0,56,+8.487,Lapped,48,1:22.926,
1150,sainz,williams,21,15,15,0.0,56,+36.886,Lapped,52,1:23.590,
1150,perez,cadillac,18,16,16,0.0,55,+7.850,Lapped,47,1:26.070,
1150,stroll,aston_martin,22,17,R,0.0,43,,Lapped,36,1:25.410,
1150,alonso,aston_martin,17,18,R,0.0,21,,Retired,15,1:25.713,
1150,bottas,cadillac,19,19,R,0.0,15,,Retired,8,1:27.364,
1150,hadjar,red_bull,3,20,R,0.0,10,,Retired,9,1:25.239,
1150,piastri,mclaren,5,21,W,0.0,0,,Did not start,,,
1150,hulkenberg,audi,11,22,W,0.0,0,,Did not start,,,
1154,antonelli,mercedes,2,1,1,25.0,68,1:28:15.758,Finished,68,1:14.210,
1154,hamilton,ferrari,5,2,2,18.0,68,+10.768,Finished,61,1:14.573,
1154,max_verstappen,red_bull,6,3,3,15.0,68,+11.276,Finished,68,1:14.398,
1154,leclerc,ferrari,8,4,4,12.0,68,+44.151,Finished,37,1:15.297,
1154,hadjar,red_bull,7,5,5,10.0,67,+5.033,Lapped,67,1:14.578,
1154,colapinto,alpine,10,6,6,8.0,67,+19.510,Lapped,67,1:15.462,
1154,lawson,rb,12,7,7,6.0,67,+34.235,Lapped,59,1:15.604,
1154,gasly,alpine,14,8,8,4.0,67,+34.572,Lapped,67,1:15.390,
1154,sainz,williams,15,9,9,2.0,67,+58.014,Lapped,65,1:15.852,
1154,bearman,haas,16,10,10,1.0,67,+59.049,Lapped,64,1:16.002,
1154,piastri,mclaren,4,11,11,0.0,66,+12.699,Lapped,61,1:15.456,
1154,hulkenberg,audi,11,12,12,0.0,66,+14.182,Lapped,57,1:16.275,
1154,bortoleto,audi,13,13,13,0.0,66,+21.156,Lapped,50,1:16.221,
1154,ocon,haas,17,14,14,0.0,66,+1:08.635,Lapped,64,1:16.577,
1154,stroll,aston_martin,22,15,15,0.0,64,+18.397,Lapped,39,1:18.721,
1154,bottas,cadillac,21,16,16,0.0,64,+53.390,Lapped,59,1:17.725,
1154,perez,cadillac,20,17,R,0.0,39,,Retired,37,1:16.915,
1154,norris,mclaren,3,18,R,0.0,38,,Retired,36,1:15.845,
1154,russell,mercedes,1,19,R,0.0,29,,Retired,16,1:15.477,
1154,alonso,aston_martin,19,20,R,0.0,23,,Retired,10,1:19.635,
1154,albon,williams,18,21,R,0.0,11,,Retired,11,1:17.221,
1154,arvid_lindblad,rb,9,22,W,0.0,0,,Did not start,,,
1155,antonelli,mercedes,1,1,1,25.0,78,2:23:31.243,Finished,76,1:13.481,
1155,hamilton,ferrari,3,2,2,18.0,78,+6.271,Finished,74,1:14.643,
1155,gasly,alpine,9,3,3,15.0,78,+20.369,Finished,77,1:15.497,
1155,hadjar,red_bull,5,4,4,12.0,78,+23.394,Finished,77,1:15.669,
1155,piastri,mclaren,7,5,5,10.0,78,+24.261,Finished,76,1:15.816,
1155,lawson,rb,10,6,6,8.0,78,+26.553,Finished,76,1:15.754,
1155,arvid_lindblad,rb,15,7,7,6.0,78,+29.010,Finished,76,1:15.908,
1155,albon,williams,11,8,8,4.0,78,+33.413,Finished,78,1:16.393,
1155,ocon,haas,17,9,9,2.0,78,+37.140,Finished,77,1:16.914,
1155,alonso,aston_martin,21,10,10,1.0,78,+41.899,Finished,77,1:17.120,
1155,bortoleto,audi,16,11,11,0.0,78,+42.748,Finished,46,1:16.803,
1155,russell,mercedes,6,12,12,0.0,78,+43.353,Finished,56,1:15.773,
1155,hulkenberg,audi,13,13,13,0.0,78,+44.102,Finished,15,1:16.332,
1155,colapinto,alpine,14,14,14,0.0,78,+48.964,Finished,74,1:16.316,
1155,perez,cadillac,18,15,15,0.0,78,+49.153,Finished,78,1:16.891,
1155,sainz,williams,12,16,16,0.0,70,,Retired,51,1:18.022,
1155,leclerc,ferrari,4,17,R,0.0,64,,Retired,53,1:15.964,
1155,stroll,aston_martin,22,18,R,0.0,56,,Retired,36,1:18.845,
1155,norris,mclaren,8,19,R,0.0,43,,Retired,34,1:17.670,
1155,bearman,haas,19,20,R,0.0,27,,Retired,22,1:18.475,
1155,bottas,cadillac,20,21,R,0.0,15,,Retired,8,1:20.494,
1155,max_verstappen,red_bull,2,22,R,0.0,0,,Retired,,,
1158,leclerc,ferrari,2,1,1,25.0,52,1:27:11.335,Finished,43,1:32.871,
1158,russell,mercedes,4,2,2,18.0,52,+0.427,Finished,36,1:32.489,
1158,hamilton,ferrari,3,3,3,15.0,52,+0.772,Finished,25,1:32.309,
1158,norris,mclaren,6,4,4,12.0,52,+1.149,Finished,45,1:32.625,
1158,hadjar,red_bull,5,5,5,10.0,52,+1.598,Finished,40,1:32.268,
1158,lawson,rb,10,6,6,8.0,52,+2.023,Finished,45,1:33.648,
1158,arvid_lindblad,rb,9,7,7,6.0,52,+2.214,Finished,29,1:33.632,
1158,bortoleto,audi,11,8,8,4.0,52,+2.413,Finished,30,1:33.650,
1158,colapinto,alpine,19,9,9,2.0,52,+3.229,Finished,25,1:34.281,
1158,gasly,alpine,15,10,10,1.0,52,+3.445,Finished,44,1:34.179,
1158,piastri,mclaren,8,11,11,0.0,52,+4.014,Finished,42,1:32.917,
1158,bearman,haas,13,12,12,0.0,52,+5.245,Finished,31,1:34.455,
1158,ocon,haas,17,13,13,0.0,52,+5.512,Finished,43,1:34.792,
1158,perez,cadillac,20,14,14,0.0,52,+7.403,Finished,44,1:35.520,
1158,antonelli,mercedes,1,15,15,0.0,52,+8.005,Finished,37,1:31.777,
1158,bottas,cadillac,18,16,16,0.0,52,+8.162,Finished,31,1:35.893,
1158,sainz,williams,14,17,17,0.0,51,+4.391,Lapped,51,1:32.734,
1158,alonso,aston_martin,21,18,18,0.0,51,+4.980,Lapped,50,1:35.827,
1158,stroll,aston_martin,22,19,19,0.0,51,+6.750,Lapped,41,1:37.232,
1158,max_verstappen,red_bull,7,20,20,0.0,46,,Retired,40,1:32.101,
1158,albon,williams,16,21,R,0.0,43,,Retired,42,1:33.867,
1158,hulkenberg,audi,12,22,R,0.0,36,,Retired,36,1:33.433,
