race_id,season_year,round_number,race_name,race_date,circuit_id,race_url
1,1950,1,British Grand Prix,1950-05-13,silverstone,https://en.wikipedia.org/wiki/1950_British_Grand_Prix
2,1950,2,Monaco Grand Prix,1950-05-21,monaco,https://en.wikipedia.org/wiki/1950_Monaco_Grand_Prix
3,1950,3,Indianapolis 500,1950-05-30,indianapolis,https://en.wikipedia.org/wiki/1950_Indianapolis_500
4,1950,4,Swiss Grand Prix,1950-06-04,bremgarten,https://en.wikipedia.org/wiki/1950_Swiss_Grand_Prix
5,1950,5,Belgian Grand Prix,1950-06-18,spa,https://en.wikipedia.org/wiki/1950_Belgian_Grand_Prix
6,1950,6,French Grand Prix,1950-07-02,reims,https://en.wikipedia.org/wiki/1950_French_Grand_Prix
7,1950,7,Italian Grand Prix,1950-09-03,monza,https://en.wikipedia.org/wiki/1950_Italian_Grand_Prix
8,1951,1,Swiss Grand Prix,1951-05-27,bremgarten,https://en.wikipedia.org/wiki/1951_Swiss_Grand_Prix
9,1951,2,Indianapolis 500,1951-05-30,indianapolis,https://en.wikipedia.org/wiki/1951_Indianapolis_500
10,1951,3,Belgian Grand Prix,1951-06-17,spa,https://en.wikipedia.org/wiki/1951_Belgian_Grand_Prix
11,1951,4,French Grand Prix,1951-07-01,reims,https://en.wikipedia.org/wiki/1951_French_Grand_Prix
12,1951,5,British Grand Prix,1951-07-14,silverstone,https://en.wikipedia.org/wiki/1951_British_Grand_Prix
13,1951,6,German Grand Prix,1951-07-29,nurburgring,https://en.wikipedia.org/wiki/1951_German_Grand_Prix
14,1951,7,Italian Grand Prix,1951-09-16,monza,https://en.wikipedia.org/wiki/1951_Italian_Grand_Prix
15,1951,8,Spanish Grand Prix,1951-10-28,pedralbes,https://en.wikipedia.org/wiki/1951_Spanish_Grand_Prix
16,1952,1,Swiss Grand Prix,1952-05-18,bremgarten,https://en.wikipedia.org/wiki/1952_Swiss_Grand_Prix
17,1952,2,Indianapolis 500,1952-05-30,indianapolis,https://en.wikipedia.org/wiki/1952_Indianapolis_500
18,1952,3,Belgian Grand Prix,1952-06-22,spa,https://en.wikipedia.org/wiki/1952_Belgian_Grand_Prix
19,1952,4,French Grand Prix,1952-07-06,essarts,https://en.wikipedia.org/wiki/1952_French_Grand_Prix
20,1952,5,British Grand Prix,1952-07-19,silverstone,https://en.wikipedia.org/wiki/1952_British_Grand_Prix
21,1952,6,German Grand Prix,1952-08-03,nurburgring,https://en.wikipedia.org/wiki/1952_German_Grand_Prix
22,1952,7,Dutch Grand Prix,1952-08-17,zandvoort,https://en.wikipedia.org/wiki/1952_Dutch_Grand_Prix
23,1952,8,Italian Grand Prix,1952-09-07,monza,https://en.wikipedia.org/wiki/1952_Italian_Grand_Prix
24,1953,1,Argentine Grand Prix,1953-01-18,galvez,https://en.wikipedia.org/wiki/1953_Argentine_Grand_Prix
25,1953,2,Indianapolis 500,1953-05-30,indianapolis,https://en.wikipedia.org/wiki/1953_Indianapolis_500
26,1953,3,Dutch Grand Prix,1953-06-07,zandvoort,https://en.wikipedia.org/wiki/1953_Dutch_Grand_Prix
27,1953,4,Belgian Grand Prix,1953-06-21,spa,https://en.wikipedia.org/wiki/1953_Belgian_Grand_Prix
28,1953,5,French Grand Prix,1953-07-05,reims,https://en.wikipedia.org/wiki/1953_French_Grand_Prix
29,1953,6,British Grand Prix,1953-07-18,silverstone,https://en.wikipedia.org/wiki/1953_British_Grand_Prix
30,1953,7,German Grand Prix,1953-08-02,nurburgring,https://en.wikipedia.org/wiki/1953_German_Grand_Prix
31,1953,8,Swiss Grand Prix,1953-08-23,bremgarten,https://en.wikipedia.org/wiki/1953_Swiss_Grand_Prix
32,1953,9,Italian Grand Prix,1953-09-13,monza,https://en.wikipedia.org/wiki/1953_Italian_Grand_Prix
33,1954,1,Argentine Grand Prix,1954-01-17,galvez,https://en.wikipedia.org/wiki/1954_Argentine_Grand_Prix
34,1954,2,Indianapolis 500,1954-05-31,indianapolis,https://en.wikipedia.org/wiki/1954_Indianapolis_500
35,1954,3,Belgian Grand Prix,1954-06-20,spa,https://en.wikipedia.org/wiki/1954_Belgian_Grand_Prix
36,1954,4,French Grand Prix,1954-07-04,reims,https://en.wikipedia.org/wiki/1954_French_Grand_Prix
37,1954,5,British Grand Prix,1954-07-17,silverstone,https://en.wikipedia.org/wiki/1954_British_Grand_Prix
38,1954,6,German Grand Prix,1954-08-01,nurburgring,https://en.wikipedia.org/wiki/1954_German_Grand_Prix
39,1954,7,Swiss Grand Prix,1954-08-22,bremgarten,https://en.wikipedia.org/wiki/1954_Swiss_Grand_Prix
40,1954,8,Italian Grand Prix,1954-09-05,monza,https://en.wikipedia.org/wiki/1954_Italian_Grand_Prix
41,1954,9,Spanish Grand Prix,1954-10-24,pedralbes,https://en.wikipedia.org/wiki/1954_Spanish_Grand_Prix
42,1955,1,Argentine Grand Prix,1955-01-16,galvez,https://en.wikipedia.org/wiki/1955_Argentine_Grand_Prix
43,1955,2,Monaco Grand Prix,1955-05-22,monaco,https://en.wikipedia.org/wiki/1955_Monaco_Grand_Prix
44,1955,3,Indianapolis 500,1955-05-30,indianapolis,https://en.wikipedia.org/wiki/1955_Indianapolis_500
45,1955,4,Belgian Grand Prix,1955-06-05,spa,https://en.wikipedia.org/wiki/1955_Belgian_Grand_Prix
46,1955,5,Dutch Grand Prix,1955-06-19,zandvoort,https://en.wikipedia.org/wiki/1955_Dutch_Grand_Prix
47,1955,6,British Grand Prix,1955-07-16,aintree,https://en.wikipedia.org/wiki/1955_British_Grand_Prix
48,1955,7,Italian Grand Prix,1955-09-11,monza,https://en.wikipedia.org/wiki/1955_Italian_Grand_Prix
49,1956,1,Argentine Grand Prix,1956-01-22,galvez,https://en.wikipedia.org/wiki/1956_Argentine_Grand_Prix
50,1956,2,Monaco Grand Prix,1956-05-13,monaco,https://en.wikipedia.org/wiki/1956_Monaco_Grand_Prix
51,1956,3,Indianapolis 500,1956-05-30,indianapolis,https://en.wikipedia.org/wiki/1956_Indianapolis_500
52,1956,4,Belgian Grand Prix,1956-06-03,spa,https://en.wikipedia.org/wiki/1956_Belgian_Grand_Prix
53,1956,5,French Grand Prix,1956-07-01,reims,https://en.wikipedia.org/wiki/1956_French_Grand_Prix
54,1956,6,British Grand Prix,1956-07-14,silverstone,https://en.wikipedia.org/wiki/1956_British_Grand_Prix
55,1956,7,German Grand Prix,1956-08-05,nurburgring,https://en.wikipedia.org/wiki/1956_German_Grand_Prix
56,1956,8,Italian Grand Prix,1956-09-02,monza,https://en.wikipedia.org/wiki/1956_Italian_Grand_Prix
57,1957,1,Argentine Grand Prix,1957-01-13,galvez,https://en.wikipedia.org/wiki/1957_Argentine_Grand_Prix
58,1957,2,Monaco Grand Prix,1957-05-19,monaco,https://en.wikipedia.org/wiki/1957_Monaco_Grand_Prix
59,1957,3,Indianapolis 500,1957-05-30,indianapolis,https://en.wikipedia.org/wiki/1957_Indianapolis_500
60,1957,4,French Grand Prix,1957-07-07,essarts,https://en.wikipedia.org/wiki/1957_French_Grand_Prix
61,1957,5,British Grand Prix,1957-07-20,aintree,https://en.wikipedia.org/wiki/1957_British_Grand_Prix
62,1957,6,German Grand Prix,1957-08-04,nurburgring,https://en.wikipedia.org/wiki/1957_German_Grand_Prix
63,1957,7,Pescara Grand Prix,1957-08-18,pescara,https://en.wikipedia.org/wiki/1957_Pescara_Grand_Prix
64,1957,8,Italian Grand Prix,1957-09-08,monza,https://en.wikipedia.org/wiki/1957_Italian_Grand_Prix
65,1958,1,Argentine Grand Prix,1958-01-19,galvez,https://en.wikipedia.org/wiki/1958_Argentine_Grand_Prix
66,1958,2,Monaco Grand Prix,1958-05-18,monaco,https://en.wikipedia.org/wiki/1958_Monaco_Grand_Prix
67,1958,3,Dutch Grand Prix,1958-05-26,zandvoort,https://en.wikipedia.org/wiki/1958_Dutch_Grand_Prix
68,1958,4,Indianapolis 500,1958-05-30,indianapolis,https://en.wikipedia.org/wiki/1958_Indianapolis_500
69,1958,5,Belgian Grand Prix,1958-06-15,spa,https://en.wikipedia.org/wiki/1958_Belgian_Grand_Prix
70,1958,6,French Grand Prix,1958-07-06,reims,https://en.wikipedia.org/wiki/1958_French_Grand_Prix
71,1958,7,British Grand Prix,1958-07-19,silverstone,https://en.wikipedia.org/wiki/1958_British_Grand_Prix
72,1958,8,German Grand Prix,1958-08-03,nurburgring,https://en.wikipedia.org/wiki/1958_German_Grand_Prix
73,1958,9,Portuguese Grand Prix,1958-08-24,boavista,https://en.wikipedia.org/wiki/1958_Portuguese_Grand_Prix
74,1958,10,Italian Grand Prix,1958-09-07,monza,https://en.wikipedia.org/wiki/1958_Italian_Grand_Prix
75,1958,11,Moroccan Grand Prix,1958-10-19,ain-diab,https://en.wikipedia.org/wiki/1958_Moroccan_Grand_Prix
76,1959,1,Monaco Grand Prix,1959-05-10,monaco,https://en.wikipedia.org/wiki/1959_Monaco_Grand_Prix
77,1959,2,Indianapolis 500,1959-05-30,indianapolis,https://en.wikipedia.org/wiki/1959_Indianapolis_500
78,1959,3,Dutch Grand Prix,1959-05-31,zandvoort,https://en.wikipedia.org/wiki/1959_Dutch_Grand_Prix
79,1959,4,French Grand Prix,1959-07-05,reims,https://en.wikipedia.org/wiki/1959_French_Grand_Prix
80,1959,5,British Grand Prix,1959-07-18,aintree,https://en.wikipedia.org/wiki/1959_British_Grand_Prix
81,1959,6,German Grand Prix,1959-08-02,avus,https://en.wikipedia.org/wiki/1959_German_Grand_Prix
82,1959,7,Portuguese Grand Prix,1959-08-23,monsanto,https://en.wikipedia.org/wiki/1959_Portuguese_Grand_Prix
83,1959,8,Italian Grand Prix,1959-09-13,monza,https://en.wikipedia.org/wiki/1959_Italian_Grand_Prix
84,1959,9,United States Grand Prix,1959-12-12,sebring,https://en.wikipedia.org/wiki/1959_United_States_Grand_Prix
85,1960,1,Argentine Grand Prix,1960-02-07,galvez,https://en.wikipedia.org/wiki/1960_Argentine_Grand_Prix
86,1960,2,Monaco Grand Prix,1960-05-29,monaco,https://en.wikipedia.org/wiki/1960_Monaco_Grand_Prix
87,1960,3,Indianapolis 500,1960-05-30,indianapolis,https://en.wikipedia.org/wiki/1960_Indianapolis_500
88,1960,4,Dutch Grand Prix,1960-06-06,zandvoort,https://en.wikipedia.org/wiki/1960_Dutch_Grand_Prix
89,1960,5,Belgian Grand Prix,1960-06-19,spa,https://en.wikipedia.org/wiki/1960_Belgian_Grand_Prix
90,1960,6,French Grand Prix,1960-07-03,reims,https://en.wikipedia.org/wiki/1960_French_Grand_Prix
91,1960,7,British Grand Prix,1960-07-16,silverstone,https://en.wikipedia.org/wiki/1960_British_Grand_Prix
92,1960,8,Portuguese Grand Prix,1960-08-14,boavista,https://en.wikipedia.org/wiki/1960_Portuguese_Grand_Prix
93,1960,9,Italian Grand Prix,1960-09-04,monza,https://en.wikipedia.org/wiki/1960_Italian_Grand_Prix
94,1960,10,United States Grand Prix,1960-11-20,riverside,https://en.wikipedia.org/wiki/1960_United_States_Grand_Prix
95,1961,1,Monaco Grand Prix,1961-05-14,monaco,https://en.wikipedia.org/wiki/1961_Monaco_Grand_Prix
96,1961,2,Dutch Grand Prix,1961-05-22,zandvoort,https://en.wikipedia.org/wiki/1961_Dutch_Grand_Prix
97,1961,3,Belgian Grand Prix,1961-06-18,spa,https://en.wikipedia.org/wiki/1961_Belgian_Grand_Prix
98,1961,4,French Grand Prix,1961-07-02,reims,https://en.wikipedia.org/wiki/1961_French_Grand_Prix
99,1961,5,British Grand Prix,1961-07-15,aintree,https://en.wikipedia.org/wiki/1961_British_Grand_Prix
100,1961,6,German Grand Prix,1961-08-06,nurburgring,https://en.wikipedia.org/wiki/1961_German_Grand_Prix
101,1961,7,Italian Grand Prix,1961-09-10,monza,https://en.wikipedia.org/wiki/1961_Italian_Grand_Prix
102,1961,8,United States Grand Prix,1961-10-08,watkins_glen,https://en.wikipedia.org/wiki/1961_United_States_Grand_Prix
103,1962,1,Dutch Grand Prix,1962-05-20,zandvoort,https://en.wikipedia.org/wiki/1962_Dutch_Grand_Prix
104,1962,2,Monaco Grand Prix,1962-06-03,monaco,https://en.wikipedia.org/wiki/1962_Monaco_Grand_Prix
105,1962,3,Belgian Grand Prix,1962-06-17,spa,https://en.wikipedia.org/wiki/1962_Belgian_Grand_Prix
106,1962,4,French Grand Prix,1962-07-08,essarts,https://en.wikipedia.org/wiki/1962_French_Grand_Prix
107,1962,5,British Grand Prix,1962-07-21,aintree,https://en.wikipedia.org/wiki/1962_British_Grand_Prix
108,1962,6,German Grand Prix,1962-08-05,nurburgring,https://en.wikipedia.org/wiki/1962_German_Grand_Prix
109,1962,7,Italian Grand Prix,1962-09-16,monza,https://en.wikipedia.org/wiki/1962_Italian_Grand_Prix
110,1962,8,United States Grand Prix,1962-10-07,watkins_glen,https://en.wikipedia.org/wiki/1962_United_States_Grand_Prix
111,1962,9,South African Grand Prix,1962-12-29,george,https://en.wikipedia.org/wiki/1962_South_African_Grand_Prix
112,1963,1,Monaco Grand Prix,1963-05-26,monaco,https://en.wikipedia.org/wiki/1963_Monaco_Grand_Prix
113,1963,2,Belgian Grand Prix,1963-06-09,spa,https://en.wikipedia.org/wiki/1963_Belgian_Grand_Prix
114,1963,3,Dutch Grand Prix,1963-06-23,zandvoort,https://en.wikipedia.org/wiki/1963_Dutch_Grand_Prix
115,1963,4,French Grand Prix,1963-06-30,reims,https://en.wikipedia.org/wiki/1963_French_Grand_Prix
116,1963,5,British Grand Prix,1963-07-20,silverstone,https://en.wikipedia.org/wiki/1963_British_Grand_Prix
117,1963,6,German Grand Prix,1963-08-04,nurburgring,https://en.wikipedia.org/wiki/1963_German_Grand_Prix
118,1963,7,Italian Grand Prix,1963-09-08,monza,https://en.wikipedia.org/wiki/1963_Italian_Grand_Prix
119,1963,8,United States Grand Prix,1963-10-06,watkins_glen,https://en.wikipedia.org/wiki/1963_United_States_Grand_Prix
120,1963,9,Mexican Grand Prix,1963-10-27,rodriguez,https://en.wikipedia.org/wiki/1963_Mexican_Grand_Prix
121,1963,10,South African Grand Prix,1963-12-28,george,https://en.wikipedia.org/wiki/1963_South_African_Grand_Prix
122,1964,1,Monaco Grand Prix,1964-05-10,monaco,https://en.wikipedia.org/wiki/1964_Monaco_Grand_Prix
123,1964,2,Dutch Grand Prix,1964-05-24,zandvoort,https://en.wikipedia.org/wiki/1964_Dutch_Grand_Prix
124,1964,3,Belgian Grand Prix,1964-06-14,spa,https://en.wikipedia.org/wiki/1964_Belgian_Grand_Prix
125,1964,4,French Grand Prix,1964-06-28,essarts,https://en.wikipedia.org/wiki/1964_French_Grand_Prix
126,1964,5,British Grand Prix,1964-07-11,brands_hatch,https://en.wikipedia.org/wiki/1964_British_Grand_Prix
127,1964,6,German Grand Prix,1964-08-02,nurburgring,https://en.wikipedia.org/wiki/1964_German_Grand_Prix
128,1964,7,Austrian Grand Prix,1964-08-23,zeltweg,https://en.wikipedia.org/wiki/1964_Austrian_Grand_Prix
129,1964,8,Italian Grand Prix,1964-09-06,monza,https://en.wikipedia.org/wiki/1964_Italian_Grand_Prix
130,1964,9,United States Grand Prix,1964-10-04,watkins_glen,https://en.wikipedia.org/wiki/1964_United_States_Grand_Prix
131,1964,10,Mexican Grand Prix,1964-10-25,rodriguez,https://en.wikipedia.org/wiki/1964_Mexican_Grand_Prix
132,1965,1,South African Grand Prix,1965-01-01,george,https://en.wikipedia.org/wiki/1965_South_African_Grand_Prix
133,1965,2,Monaco Grand Prix,1965-05-30,monaco,https://en.wikipedia.org/wiki/1965_Monaco_Grand_Prix
134,1965,3,Belgian Grand Prix,1965-06-13,spa,https://en.wikipedia.org/wiki/1965_Belgian_Grand_Prix
135,1965,4,French Grand Prix,1965-06-27,charade,https://en.wikipedia.org/wiki/1965_French_Grand_Prix
136,1965,5,British Grand Prix,1965-07-10,silverstone,https://en.wikipedia.org/wiki/1965_British_Grand_Prix
137,1965,6,Dutch Grand Prix,1965-07-18,zandvoort,https://en.wikipedia.org/wiki/1965_Dutch_Grand_Prix
138,1965,7,German Grand Prix,1965-08-01,nurburgring,https://en.wikipedia.org/wiki/1965_German_Grand_Prix
139,1965,8,Italian Grand Prix,1965-09-12,monza,https://en.wikipedia.org/wiki/1965_Italian_Grand_Prix
140,1965,9,United States Grand Prix,1965-10-03,watkins_glen,https://en.wikipedia.org/wiki/1965_United_States_Grand_Prix
141,1965,10,Mexican Grand Prix,1965-10-24,rodriguez,https://en.wikipedia.org/wiki/1965_Mexican_Grand_Prix
142,1966,1,Monaco Grand Prix,1966-05-22,monaco,https://en.wikipedia.org/wiki/1966_Monaco_Grand_Prix
143,1966,2,Belgian Grand Prix,1966-06-12,spa,https://en.wikipedia.org/wiki/1966_Belgian_Grand_Prix
144,1966,3,French Grand Prix,1966-07-03,reims,https://en.wikipedia.org/wiki/1966_French_Grand_Prix
145,1966,4,British Grand Prix,1966-07-16,brands_hatch,https://en.wikipedia.org/wiki/1966_British_Grand_Prix
146,1966,5,Dutch Grand Prix,1966-07-24,zandvoort,https://en.wikipedia.org/wiki/1966_Dutch_Grand_Prix
147,1966,6,German Grand Prix,1966-08-07,nurburgring,https://en.wikipedia.org/wiki/1966_German_Grand_Prix
148,1966,7,Italian Grand Prix,1966-09-04,monza,https://en.wikipedia.org/wiki/1966_Italian_Grand_Prix
149,1966,8,United States Grand Prix,1966-10-02,watkins_glen,https://en.wikipedia.org/wiki/1966_United_States_Grand_Prix
150,1966,9,Mexican Grand Prix,1966-10-23,rodriguez,https://en.wikipedia.org/wiki/1966_Mexican_Grand_Prix
151,1967,1,South African Grand Prix,1967-01-02,kyalami,https://en.wikipedia.org/wiki/1967_South_African_Grand_Prix
152,1967,2,Monaco Grand Prix,1967-05-07,monaco,https://en.wikipedia.org/wiki/1967_Monaco_Grand_Prix
153,1967,3,Dutch Grand Prix,1967-06-04,zandvoort,https://en.wikipedia.org/wiki/1967_Dutch_Grand_Prix
154,1967,4,Belgian Grand Prix,1967-06-18,spa,https://en.wikipedia.org/wiki/1967_Belgian_Grand_Prix
155,1967,5,French Grand Prix,1967-07-02,lemans,https://en.wikipedia.org/wiki/1967_French_Grand_Prix
156,1967,6,British Grand Prix,1967-07-15,silverstone,https://en.wikipedia.org/wiki/1967_British_Grand_Prix
157,1967,7,German Grand Prix,1967-08-06,nurburgring,https://en.wikipedia.org/wiki/1967_German_Grand_Prix
158,1967,8,Canadian Grand Prix,1967-08-27,mosport,https://en.wikipedia.org/wiki/1967_Canadian_Grand_Prix
159,1967,9,Italian Grand Prix,1967-09-10,monza,https://en.wikipedia.org/wiki/1967_Italian_Grand_Prix
160,1967,10,United States Grand Prix,1967-10-01,watkins_glen,https://en.wikipedia.org/wiki/1967_United_States_Grand_Prix
161,1967,11,Mexican Grand Prix,1967-10-22,rodriguez,https://en.wikipedia.org/wiki/1967_Mexican_Grand_Prix
162,1968,1,South African Grand Prix,1968-01-01,kyalami,https://en.wikipedia.org/wiki/1968_South_African_Grand_Prix
163,1968,2,Spanish Grand Prix,1968-05-12,jarama,https://en.wikipedia.org/wiki/1968_Spanish_Grand_Prix
164,1968,3,Monaco Grand Prix,1968-05-26,monaco,https://en.wikipedia.org/wiki/1968_Monaco_Grand_Prix
165,1968,4,Belgian Grand Prix,1968-06-09,spa,https://en.wikipedia.org/wiki/1968_Belgian_Grand_Prix
166,1968,5,Dutch Grand Prix,1968-06-23,zandvoort,https://en.wikipedia.org/wiki/1968_Dutch_Grand_Prix
167,1968,6,French Grand Prix,1968-07-07,essarts,https://en.wikipedia.org/wiki/1968_French_Grand_Prix
168,1968,7,British Grand Prix,1968-07-20,brands_hatch,https://en.wikipedia.org/wiki/1968_British_Grand_Prix
169,1968,8,German Grand Prix,1968-08-04,nurburgring,https://en.wikipedia.org/wiki/1968_German_Grand_Prix
170,1968,9,Italian Grand Prix,1968-09-08,monza,https://en.wikipedia.org/wiki/1968_Italian_Grand_Prix
171,1968,10,Canadian Grand Prix,1968-09-22,tremblant,https://en.wikipedia.org/wiki/1968_Canadian_Grand_Prix
172,1968,11,United States Grand Prix,1968-10-06,watkins_glen,https://en.wikipedia.org/wiki/1968_United_States_Grand_Prix
173,1968,12,Mexican Grand Prix,1968-11-03,rodriguez,https://en.wikipedia.org/wiki/1968_Mexican_Grand_Prix
174,1969,1,South African Grand Prix,1969-03-01,kyalami,https://en.wikipedia.org/wiki/1969_South_African_Grand_Prix
175,1969,2,Spanish Grand Prix,1969-05-04,montjuic,https://en.wikipedia.org/wiki/1969_Spanish_Grand_Prix
176,1969,3,Monaco Grand Prix,1969-05-18,monaco,https://en.wikipedia.org/wiki/1969_Monaco_Grand_Prix
177,1969,4,Dutch Grand Prix,1969-06-21,zandvoort,https://en.wikipedia.org/wiki/1969_Dutch_Grand_Prix
178,1969,5,French Grand Prix,1969-07-06,charade,https://en.wikipedia.org/wiki/1969_French_Grand_Prix
179,1969,6,British Grand Prix,1969-07-19,silverstone,https://en.wikipedia.org/wiki/1969_British_Grand_Prix
180,1969,7,German Grand Prix,1969-08-03,nurburgring,https://en.wikipedia.org/wiki/1969_German_Grand_Prix
181,1969,8,Italian Grand Prix,1969-09-07,monza,https://en.wikipedia.org/wiki/1969_Italian_Grand_Prix
182,1969,9,Canadian Grand Prix,1969-09-20,mosport,https://en.wikipedia.org/wiki/1969_Canadian_Grand_Prix
183,1969,10,United States Grand Prix,1969-10-05,watkins_glen,https://en.wikipedia.org/wiki/1969_United_States_Grand_Prix
184,1969,11,Mexican Grand Prix,1969-10-19,rodriguez,https://en.wikipedia.org/wiki/1969_Mexican_Grand_Prix
185,1970,1,South African Grand Prix,1970-03-07,kyalami,https://en.wikipedia.org/wiki/1970_South_African_Grand_Prix
186,1970,2,Spanish Grand Prix,1970-04-19,jarama,https://en.wikipedia.org/wiki/1970_Spanish_Grand_Prix
187,1970,3,Monaco Grand Prix,1970-05-10,monaco,https://en.wikipedia.org/wiki/1970_Monaco_Grand_Prix
188,1970,4,Belgian Grand Prix,1970-06-07,spa,https://en.wikipedia.org/wiki/1970_Belgian_Grand_Prix
189,1970,5,Dutch Grand Prix,1970-06-21,zandvoort,https://en.wikipedia.org/wiki/1970_Dutch_Grand_Prix
190,1970,6,French Grand Prix,1970-07-05,charade,https://en.wikipedia.org/wiki/1970_French_Grand_Prix
191,1970,7,British Grand Prix,1970-07-18,brands_hatch,https://en.wikipedia.org/wiki/1970_British_Grand_Prix
192,1970,8,German Grand Prix,1970-08-02,hockenheimring,https://en.wikipedia.org/wiki/1970_German_Grand_Prix
193,1970,9,Austrian Grand Prix,1970-08-16,red_bull_ring,https://en.wikipedia.org/wiki/1970_Austrian_Grand_Prix
194,1970,10,Italian Grand Prix,1970-09-06,monza,https://en.wikipedia.org/wiki/1970_Italian_Grand_Prix
195,1970,11,Canadian Grand Prix,1970-09-20,tremblant,https://en.wikipedia.org/wiki/1970_Canadian_Grand_Prix
196,1970,12,United States Grand Prix,1970-10-04,watkins_glen,https://en.wikipedia.org/wiki/1970_United_States_Grand_Prix
197,1970,13,Mexican Grand Prix,1970-10-25,rodriguez,https://en.wikipedia.org/wiki/1970_Mexican_Grand_Prix
198,1971,1,South African Grand Prix,1971-03-06,kyalami,https://en.wikipedia.org/wiki/1971_South_African_Grand_Prix
199,1971,2,Spanish Grand Prix,1971-04-18,montjuic,https://en.wikipedia.org/wiki/1971_Spanish_Grand_Prix
200,1971,3,Monaco Grand Prix,1971-05-23,monaco,https://en.wikipedia.org/wiki/1971_Monaco_Grand_Prix
201,1971,4,Dutch Grand Prix,1971-06-20,zandvoort,https://en.wikipedia.org/wiki/1971_Dutch_Grand_Prix
202,1971,5,French Grand Prix,1971-07-04,ricard,https://en.wikipedia.org/wiki/1971_French_Grand_Prix
203,1971,6,British Grand Prix,1971-07-17,silverstone,https://en.wikipedia.org/wiki/1971_British_Grand_Prix
204,1971,7,German Grand Prix,1971-08-01,nurburgring,https://en.wikipedia.org/wiki/1971_German_Grand_Prix
205,1971,8,Austrian Grand Prix,1971-08-15,red_bull_ring,https://en.wikipedia.org/wiki/1971_Austrian_Grand_Prix
206,1971,9,Italian Grand Prix,1971-09-05,monza,https://en.wikipedia.org/wiki/1971_Italian_Grand_Prix
207,1971,10,Canadian Grand Prix,1971-09-19,mosport,https://en.wikipedia.org/wiki/1971_Canadian_Grand_Prix
208,1971,11,United States Grand Prix,1971-10-03,watkins_glen,https://en.wikipedia.org/wiki/1971_United_States_Grand_Prix
209,1972,1,Argentine Grand Prix,1972-01-23,galvez,https://en.wikipedia.org/wiki/1972_Argentine_Grand_Prix
210,1972,2,South African Grand Prix,1972-03-04,kyalami,https://en.wikipedia.org/wiki/1972_South_African_Grand_Prix
211,1972,3,Spanish Grand Prix,1972-05-01,jarama,https://en.wikipedia.org/wiki/1972_Spanish_Grand_Prix
212,1972,4,Monaco Grand Prix,1972-05-14,monaco,https://en.wikipedia.org/wiki/1972_Monaco_Grand_Prix
213,1972,5,Belgian Grand Prix,1972-06-04,nivelles,https://en.wikipedia.org/wiki/1972_Belgian_Grand_Prix
214,1972,6,French Grand Prix,1972-07-02,charade,https://en.wikipedia.org/wiki/1972_French_Grand_Prix
215,1972,7,British Grand Prix,1972-07-15,brands_hatch,https://en.wikipedia.org/wiki/1972_British_Grand_Prix
216,1972,8,German Grand Prix,1972-07-30,nurburgring,https://en.wikipedia.org/wiki/1972_German_Grand_Prix
217,1972,9,Austrian Grand Prix,1972-08-13,red_bull_ring,https://en.wikipedia.org/wiki/1972_Austrian_Grand_Prix
218,1972,10,Italian Grand Prix,1972-09-10,monza,https://en.wikipedia.org/wiki/1972_Italian_Grand_Prix
219,1972,11,Canadian Grand Prix,1972-09-24,mosport,https://en.wikipedia.org/wiki/1972_Canadian_Grand_Prix
220,1972,12,United States Grand Prix,1972-10-08,watkins_glen,https://en.wikipedia.org/wiki/1972_United_States_Grand_Prix
221,1973,1,Argentine Grand Prix,1973-01-28,galvez,https://en.wikipedia.org/wiki/1973_Argentine_Grand_Prix
222,1973,2,Brazilian Grand Prix,1973-02-11,interlagos,https://en.wikipedia.org/wiki/1973_Brazilian_Grand_Prix
223,1973,3,South African Grand Prix,1973-03-03,kyalami,https://en.wikipedia.org/wiki/1973_South_African_Grand_Prix
224,1973,4,Spanish Grand Prix,1973-04-29,montjuic,https://en.wikipedia.org/wiki/1973_Spanish_Grand_Prix
225,1973,5,Belgian Grand Prix,1973-05-20,zolder,https://en.wikipedia.org/wiki/1973_Belgian_Grand_Prix
226,1973,6,Monaco Grand Prix,1973-06-03,monaco,https://en.wikipedia.org/wiki/1973_Monaco_Grand_Prix
227,1973,7,Swedish Grand Prix,1973-06-17,anderstorp,https://en.wikipedia.org/wiki/1973_Swedish_Grand_Prix
228,1973,8,French Grand Prix,1973-07-01,ricard,https://en.wikipedia.org/wiki/1973_French_Grand_Prix
229,1973,9,British Grand Prix,1973-07-14,silverstone,https://en.wikipedia.org/wiki/1973_British_Grand_Prix
230,1973,10,Dutch Grand Prix,1973-07-29,zandvoort,https://en.wikipedia.org/wiki/1973_Dutch_Grand_Prix
231,1973,11,German Grand Prix,1973-08-05,nurburgring,https://en.wikipedia.org/wiki/1973_German_Grand_Prix
232,1973,12,Austrian Grand Prix,1973-08-19,red_bull_ring,https://en.wikipedia.org/wiki/1973_Austrian_Grand_Prix
233,1973,13,Italian Grand Prix,1973-09-09,monza,https://en.wikipedia.org/wiki/1973_Italian_Grand_Prix
234,1973,14,Canadian Grand Prix,1973-09-23,mosport,https://en.wikipedia.org/wiki/1973_Canadian_Grand_Prix
235,1973,15,United States Grand Prix,1973-10-07,watkins_glen,https://en.wikipedia.org/wiki/1973_United_States_Grand_Prix
236,1974,1,Argentine Grand Prix,1974-01-13,galvez,https://en.wikipedia.org/wiki/1974_Argentine_Grand_Prix
237,1974,2,Brazilian Grand Prix,1974-01-27,interlagos,https://en.wikipedia.org/wiki/1974_Brazilian_Grand_Prix
238,1974,3,South African Grand Prix,1974-03-30,kyalami,https://en.wikipedia.org/wiki/1974_South_African_Grand_Prix
239,1974,4,Spanish Grand Prix,1974-04-28,jarama,https://en.wikipedia.org/wiki/1974_Spanish_Grand_Prix
240,1974,5,Belgian Grand Prix,1974-05-12,nivelles,https://en.wikipedia.org/wiki/1974_Belgian_Grand_Prix
241,1974,6,Monaco Grand Prix,1974-05-26,monaco,https://en.wikipedia.org/wiki/1974_Monaco_Grand_Prix
242,1974,7,Swedish Grand Prix,1974-06-09,anderstorp,https://en.wikipedia.org/wiki/1974_Swedish_Grand_Prix
243,1974,8,Dutch Grand Prix,1974-06-23,zandvoort,https://en.wikipedia.org/wiki/1974_Dutch_Grand_Prix
244,1974,9,French Grand Prix,1974-07-07,dijon,https://en.wikipedia.org/wiki/1974_French_Grand_Prix
245,1974,10,British Grand Prix,1974-07-20,brands_hatch,https://en.wikipedia.org/wiki/1974_British_Grand_Prix
246,1974,11,German Grand Prix,1974-08-04,nurburgring,https://en.wikipedia.org/wiki/1974_German_Grand_Prix
247,1974,12,Austrian Grand Prix,1974-08-18,red_bull_ring,https://en.wikipedia.org/wiki/1974_Austrian_Grand_Prix
248,1974,13,Italian Grand Prix,1974-09-08,monza,https://en.wikipedia.org/wiki/1974_Italian_Grand_Prix
249,1974,14,Canadian Grand Prix,1974-09-22,mosport,https://en.wikipedia.org/wiki/1974_Canadian_Grand_Prix
250,1974,15,United States Grand Prix,1974-10-06,watkins_glen,https://en.wikipedia.org/wiki/1974_United_States_Grand_Prix
251,1975,1,Argentine Grand Prix,1975-01-12,galvez,https://en.wikipedia.org/wiki/1975_Argentine_Grand_Prix
252,1975,2,Brazilian Grand Prix,1975-01-26,interlagos,https://en.wikipedia.org/wiki/1975_Brazilian_Grand_Prix
253,1975,3,South African Grand Prix,1975-03-01,kyalami,https://en.wikipedia.org/wiki/1975_South_African_Grand_Prix
254,1975,4,Spanish Grand Prix,1975-04-27,montjuic,https://en.wikipedia.org/wiki/1975_Spanish_Grand_Prix
255,1975,5,Monaco Grand Prix,1975-05-11,monaco,https://en.wikipedia.org/wiki/1975_Monaco_Grand_Prix
256,1975,6,Belgian Grand Prix,1975-05-25,zolder,https://en.wikipedia.org/wiki/1975_Belgian_Grand_Prix
257,1975,7,Swedish Grand Prix,1975-06-08,anderstorp,https://en.wikipedia.org/wiki/1975_Swedish_Grand_Prix
258,1975,8,Dutch Grand Prix,1975-06-22,zandvoort,https://en.wikipedia.org/wiki/1975_Dutch_Grand_Prix
259,1975,9,French Grand Prix,1975-07-06,ricard,https://en.wikipedia.org/wiki/1975_French_Grand_Prix
260,1975,10,British Grand Prix,1975-07-19,silverstone,https://en.wikipedia.org/wiki/1975_British_Grand_Prix
261,1975,11,German Grand Prix,1975-08-03,nurburgring,https://en.wikipedia.org/wiki/1975_German_Grand_Prix
262,1975,12,Austrian Grand Prix,1975-08-17,red_bull_ring,https://en.wikipedia.org/wiki/1975_Austrian_Grand_Prix
263,1975,13,Italian Grand Prix,1975-09-07,monza,https://en.wikipedia.org/wiki/1975_Italian_Grand_Prix
264,1975,14,United States Grand Prix,1975-10-05,watkins_glen,https://en.wikipedia.org/wiki/1975_United_States_Grand_Prix
265,1976,1,Brazilian Grand Prix,1976-01-25,interlagos,https://en.wikipedia.org/wiki/1976_Brazilian_Grand_Prix
266,1976,2,South African Grand Prix,1976-03-06,kyalami,https://en.wikipedia.org/wiki/1976_South_African_Grand_Prix
267,1976,3,United States Grand Prix West,1976-03-28,long_beach,https://en.wikipedia.org/wiki/1976_United_States_Grand_Prix_West
268,1976,4,Spanish Grand Prix,1976-05-02,jarama,https://en.wikipedia.org/wiki/1976_Spanish_Grand_Prix
269,1976,5,Belgian Grand Prix,1976-05-16,zolder,https://en.wikipedia.org/wiki/1976_Belgian_Grand_Prix
270,1976,6,Monaco Grand Prix,1976-05-30,monaco,https://en.wikipedia.org/wiki/1976_Monaco_Grand_Prix
271,1976,7,Swedish Grand Prix,1976-06-13,anderstorp,https://en.wikipedia.org/wiki/1976_Swedish_Grand_Prix
272,1976,8,French Grand Prix,1976-07-04,ricard,https://en.wikipedia.org/wiki/1976_French_Grand_Prix
273,1976,9,British Grand Prix,1976-07-18,brands_hatch,https://en.wikipedia.org/wiki/1976_British_Grand_Prix
274,1976,10,German Grand Prix,1976-08-01,nurburgring,https://en.wikipedia.org/wiki/1976_German_Grand_Prix
275,1976,11,Austrian Grand Prix,1976-08-15,red_bull_ring,https://en.wikipedia.org/wiki/1976_Austrian_Grand_Prix
276,1976,12,Dutch Grand Prix,1976-08-29,zandvoort,https://en.wikipedia.org/wiki/1976_Dutch_Grand_Prix
277,1976,13,Italian Grand Prix,1976-09-12,monza,https://en.wikipedia.org/wiki/1976_Italian_Grand_Prix
278,1976,14,Canadian Grand Prix,1976-10-03,mosport,https://en.wikipedia.org/wiki/1976_Canadian_Grand_Prix
279,1976,15,United States Grand Prix,1976-10-10,watkins_glen,https://en.wikipedia.org/wiki/1976_United_States_Grand_Prix
280,1976,16,Japanese Grand Prix,1976-10-24,fuji,https://en.wikipedia.org/wiki/1976_Japanese_Grand_Prix
281,1977,1,Argentine Grand Prix,1977-01-09,galvez,https://en.wikipedia.org/wiki/1977_Argentine_Grand_Prix
282,1977,2,Brazilian Grand Prix,1977-01-23,interlagos,https://en.wikipedia.org/wiki/1977_Brazilian_Grand_Prix
283,1977,3,South African Grand Prix,1977-03-05,kyalami,https://en.wikipedia.org/wiki/1977_South_African_Grand_Prix
284,1977,4,United States Grand Prix West,1977-04-03,long_beach,https://en.wikipedia.org/wiki/1977_United_States_Grand_Prix_West
285,1977,5,Spanish Grand Prix,1977-05-08,jarama,https://en.wikipedia.org/wiki/1977_Spanish_Grand_Prix
286,1977,6,Monaco Grand Prix,1977-05-22,monaco,https://en.wikipedia.org/wiki/1977_Monaco_Grand_Prix
287,1977,7,Belgian Grand Prix,1977-06-05,zolder,https://en.wikipedia.org/wiki/1977_Belgian_Grand_Prix
288,1977,8,Swedish Grand Prix,1977-06-19,anderstorp,https://en.wikipedia.org/wiki/1977_Swedish_Grand_Prix
289,1977,9,French Grand Prix,1977-07-03,dijon,https://en.wikipedia.org/wiki/1977_French_Grand_Prix
290,1977,10,British Grand Prix,1977-07-16,silverstone,https://en.wikipedia.org/wiki/1977_British_Grand_Prix
291,1977,11,German Grand Prix,1977-07-31,hockenheimring,https://en.wikipedia.org/wiki/1977_German_Grand_Prix
292,1977,12,Austrian Grand Prix,1977-08-14,red_bull_ring,https://en.wikipedia.org/wiki/1977_Austrian_Grand_Prix
293,1977,13,Dutch Grand Prix,1977-08-28,zandvoort,https://en.wikipedia.org/wiki/1977_Dutch_Grand_Prix
294,1977,14,Italian Grand Prix,1977-09-11,monza,https://en.wikipedia.org/wiki/1977_Italian_Grand_Prix
295,1977,15,United States Grand Prix,1977-10-02,watkins_glen,https://en.wikipedia.org/wiki/1977_United_States_Grand_Prix
296,1977,16,Canadian Grand Prix,1977-10-09,mosport,https://en.wikipedia.org/wiki/1977_Canadian_Grand_Prix
297,1977,17,Japanese Grand Prix,1977-10-23,fuji,https://en.wikipedia.org/wiki/1977_Japanese_Grand_Prix
298,1978,1,Argentine Grand Prix,1978-01-15,galvez,https://en.wikipedia.org/wiki/1978_Argentine_Grand_Prix
299,1978,2,Brazilian Grand Prix,1978-01-29,jacarepagua,https://en.wikipedia.org/wiki/1978_Brazilian_Grand_Prix
300,1978,3,South African Grand Prix,1978-03-04,kyalami,https://en.wikipedia.org/wiki/1978_South_African_Grand_Prix
301,1978,4,United States Grand Prix West,1978-04-02,long_beach,https://en.wikipedia.org/wiki/1978_United_States_Grand_Prix_West
302,1978,5,Monaco Grand Prix,1978-05-07,monaco,https://en.wikipedia.org/wiki/1978_Monaco_Grand_Prix
303,1978,6,Belgian Grand Prix,1978-05-21,zolder,https://en.wikipedia.org/wiki/1978_Belgian_Grand_Prix
304,1978,7,Spanish Grand Prix,1978-06-04,jarama,https://en.wikipedia.org/wiki/1978_Spanish_Grand_Prix
305,1978,8,Swedish Grand Prix,1978-06-17,anderstorp,https://en.wikipedia.org/wiki/1978_Swedish_Grand_Prix
306,1978,9,French Grand Prix,1978-07-02,ricard,https://en.wikipedia.org/wiki/1978_French_Grand_Prix
307,1978,10,British Grand Prix,1978-07-16,brands_hatch,https://en.wikipedia.org/wiki/1978_British_Grand_Prix
308,1978,11,German Grand Prix,1978-07-30,hockenheimring,https://en.wikipedia.org/wiki/1978_German_Grand_Prix
309,1978,12,Austrian Grand Prix,1978-08-13,red_bull_ring,https://en.wikipedia.org/wiki/1978_Austrian_Grand_Prix
310,1978,13,Dutch Grand Prix,1978-08-27,zandvoort,https://en.wikipedia.org/wiki/1978_Dutch_Grand_Prix
311,1978,14,Italian Grand Prix,1978-09-10,monza,https://en.wikipedia.org/wiki/1978_Italian_Grand_Prix
312,1978,15,United States Grand Prix,1978-10-01,watkins_glen,https://en.wikipedia.org/wiki/1978_United_States_Grand_Prix
313,1978,16,Canadian Grand Prix,1978-10-08,villeneuve,https://en.wikipedia.org/wiki/1978_Canadian_Grand_Prix
314,1979,1,Argentine Grand Prix,1979-01-21,galvez,https://en.wikipedia.org/wiki/1979_Argentine_Grand_Prix
315,1979,2,Brazilian Grand Prix,1979-02-04,interlagos,https://en.wikipedia.org/wiki/1979_Brazilian_Grand_Prix
316,1979,3,South African Grand Prix,1979-03-03,kyalami,https://en.wikipedia.org/wiki/1979_South_African_Grand_Prix
317,1979,4,United States Grand Prix West,1979-04-08,long_beach,https://en.wikipedia.org/wiki/1979_United_States_Grand_Prix_West
318,1979,5,Spanish Grand Prix,1979-04-29,jarama,https://en.wikipedia.org/wiki/1979_Spanish_Grand_Prix
319,1979,6,Belgian Grand Prix,1979-05-13,zolder,https://en.wikipedia.org/wiki/1979_Belgian_Grand_Prix
320,1979,7,Monaco Grand Prix,1979-05-27,monaco,https://en.wikipedia.org/wiki/1979_Monaco_Grand_Prix
321,1979,8,French Grand Prix,1979-07-01,dijon,https://en.wikipedia.org/wiki/1979_French_Grand_Prix
322,1979,9,British Grand Prix,1979-07-14,silverstone,https://en.wikipedia.org/wiki/1979_British_Grand_Prix
323,1979,10,German Grand Prix,1979-07-29,hockenheimring,https://en.wikipedia.org/wiki/1979_German_Grand_Prix
324,1979,11,Austrian Grand Prix,1979-08-12,red_bull_ring,https://en.wikipedia.org/wiki/1979_Austrian_Grand_Prix
325,1979,12,Dutch Grand Prix,1979-08-26,zandvoort,https://en.wikipedia.org/wiki/1979_Dutch_Grand_Prix
326,1979,13,Italian Grand Prix,1979-09-09,monza,https://en.wikipedia.org/wiki/1979_Italian_Grand_Prix
327,1979,14,Canadian Grand Prix,1979-09-30,villeneuve,https://en.wikipedia.org/wiki/1979_Canadian_Grand_Prix
328,1979,15,United States Grand Prix,1979-10-07,watkins_glen,https://en.wikipedia.org/wiki/1979_United_States_Grand_Prix
329,1980,1,Argentine Grand Prix,1980-01-13,galvez,https://en.wikipedia.org/wiki/1980_Argentine_Grand_Prix
330,1980,2,Brazilian Grand Prix,1980-01-27,interlagos,https://en.wikipedia.org/wiki/1980_Brazilian_Grand_Prix
331,1980,3,South African Grand Prix,1980-03-01,kyalami,https://en.wikipedia.org/wiki/1980_South_African_Grand_Prix
332,1980,4,United States Grand Prix West,1980-03-30,long_beach,https://en.wikipedia.org/wiki/1980_United_States_Grand_Prix_West
333,1980,5,Belgian Grand Prix,1980-05-04,zolder,https://en.wikipedia.org/wiki/1980_Belgian_Grand_Prix
334,1980,6,Monaco Grand Prix,1980-05-18,monaco,https://en.wikipedia.org/wiki/1980_Monaco_Grand_Prix
335,1980,7,French Grand Prix,1980-06-29,ricard,https://en.wikipedia.org/wiki/1980_French_Grand_Prix
336,1980,8,British Grand Prix,1980-07-13,brands_hatch,https://en.wikipedia.org/wiki/1980_British_Grand_Prix
337,1980,9,German Grand Prix,1980-08-10,hockenheimring,https://en.wikipedia.org/wiki/1980_German_Grand_Prix
338,1980,10,Austrian Grand Prix,1980-08-17,red_bull_ring,https://en.wikipedia.org/wiki/1980_Austrian_Grand_Prix
339,1980,11,Dutch Grand Prix,1980-08-31,zandvoort,https://en.wikipedia.org/wiki/1980_Dutch_Grand_Prix
340,1980,12,Italian Grand Prix,1980-09-14,imola,https://en.wikipedia.org/wiki/1980_Italian_Grand_Prix
341,1980,13,Canadian Grand Prix,1980-09-28,villeneuve,https://en.wikipedia.org/wiki/1980_Canadian_Grand_Prix
342,1980,14,United States Grand Prix,1980-10-05,watkins_glen,https://en.wikipedia.org/wiki/1980_United_States_Grand_Prix
343,1981,1,United States Grand Prix West,1981-03-15,long_beach,https://en.wikipedia.org/wiki/1981_United_States_Grand_Prix_West
344,1981,2,Brazilian Grand Prix,1981-03-29,jacarepagua,https://en.wikipedia.org/wiki/1981_Brazilian_Grand_Prix
345,1981,3,Argentine Grand Prix,1981-04-12,galvez,https://en.wikipedia.org/wiki/1981_Argentine_Grand_Prix
346,1981,4,San Marino Grand Prix,1981-05-03,imola,https://en.wikipedia.org/wiki/1981_San_Marino_Grand_Prix
347,1981,5,Belgian Grand Prix,1981-05-17,zolder,https://en.wikipedia.org/wiki/1981_Belgian_Grand_Prix
348,1981,6,Monaco Grand Prix,1981-05-31,monaco,https://en.wikipedia.org/wiki/1981_Monaco_Grand_Prix
349,1981,7,Spanish Grand Prix,1981-06-21,jarama,https://en.wikipedia.org/wiki/1981_Spanish_Grand_Prix
350,1981,8,French Grand Prix,1981-07-05,dijon,https://en.wikipedia.org/wiki/1981_French_Grand_Prix
351,1981,9,British Grand Prix,1981-07-18,silverstone,https://en.wikipedia.org/wiki/1981_British_Grand_Prix
352,1981,10,German Grand Prix,1981-08-02,hockenheimring,https://en.wikipedia.org/wiki/1981_German_Grand_Prix
353,1981,11,Austrian Grand Prix,1981-08-16,red_bull_ring,https://en.wikipedia.org/wiki/1981_Austrian_Grand_Prix
354,1981,12,Dutch Grand Prix,1981-08-30,zandvoort,https://en.wikipedia.org/wiki/1981_Dutch_Grand_Prix
355,1981,13,Italian Grand Prix,1981-09-13,monza,https://en.wikipedia.org/wiki/1981_Italian_Grand_Prix
356,1981,14,Canadian Grand Prix,1981-09-27,villeneuve,https://en.wikipedia.org/wiki/1981_Canadian_Grand_Prix
357,1981,15,Caesars Palace Grand Prix,1981-10-17,las_vegas,https://en.wikipedia.org/wiki/1981_Caesars_Palace_Grand_Prix
358,1982,1,South African Grand Prix,1982-01-23,kyalami,https://en.wikipedia.org/wiki/1982_South_African_Grand_Prix
359,1982,2,Brazilian Grand Prix,1982-03-21,jacarepagua,https://en.wikipedia.org/wiki/1982_Brazilian_Grand_Prix
360,1982,3,United States Grand Prix West,1982-04-04,long_beach,https://en.wikipedia.org/wiki/1982_United_States_Grand_Prix_West
361,1982,4,San Marino Grand Prix,1982-04-25,imola,https://en.wikipedia.org/wiki/1982_San_Marino_Grand_Prix
362,1982,5,Belgian Grand Prix,1982-05-09,zolder,https://en.wikipedia.org/wiki/1982_Belgian_Grand_Prix
363,1982,6,Monaco Grand Prix,1982-05-23,monaco,https://en.wikipedia.org/wiki/1982_Monaco_Grand_Prix
364,1982,7,Detroit Grand Prix,1982-06-06,detroit,https://en.wikipedia.org/wiki/1982_Detroit_Grand_Prix
365,1982,8,Canadian Grand Prix,1982-06-13,villeneuve,https://en.wikipedia.org/wiki/1982_Canadian_Grand_Prix
366,1982,9,Dutch Grand Prix,1982-07-03,zandvoort,https://en.wikipedia.org/wiki/1982_Dutch_Grand_Prix
367,1982,10,British Grand Prix,1982-07-18,brands_hatch,https://en.wikipedia.org/wiki/1982_British_Grand_Prix
368,1982,11,French Grand Prix,1982-07-25,ricard,https://en.wikipedia.org/wiki/1982_French_Grand_Prix
369,1982,12,German Grand Prix,1982-08-08,hockenheimring,https://en.wikipedia.org/wiki/1982_German_Grand_Prix
370,1982,13,Austrian Grand Prix,1982-08-15,red_bull_ring,https://en.wikipedia.org/wiki/1982_Austrian_Grand_Prix
371,1982,14,Swiss Grand Prix,1982-08-29,dijon,https://en.wikipedia.org/wiki/1982_Swiss_Grand_Prix
372,1982,15,Italian Grand Prix,1982-09-12,monza,https://en.wikipedia.org/wiki/1982_Italian_Grand_Prix
373,1982,16,Caesars Palace Grand Prix,1982-09-25,las_vegas,https://en.wikipedia.org/wiki/1982_Caesars_Palace_Grand_Prix
374,1983,1,Brazilian Grand Prix,1983-03-13,jacarepagua,https://en.wikipedia.org/wiki/1983_Brazilian_Grand_Prix
375,1983,2,United States Grand Prix West,1983-03-27,long_beach,https://en.wikipedia.org/wiki/1983_United_States_Grand_Prix_West
376,1983,3,French Grand Prix,1983-04-17,ricard,https://en.wikipedia.org/wiki/1983_French_Grand_Prix
377,1983,4,San Marino Grand Prix,1983-05-01,imola,https://en.wikipedia.org/wiki/1983_San_Marino_Grand_Prix
378,1983,5,Monaco Grand Prix,1983-05-15,monaco,https://en.wikipedia.org/wiki/1983_Monaco_Grand_Prix
379,1983,6,Belgian Grand Prix,1983-05-22,spa,https://en.wikipedia.org/wiki/1983_Belgian_Grand_Prix
380,1983,7,Detroit Grand Prix,1983-06-05,detroit,https://en.wikipedia.org/wiki/1983_Detroit_Grand_Prix
381,1983,8,Canadian Grand Prix,1983-06-12,villeneuve,https://en.wikipedia.org/wiki/1983_Canadian_Grand_Prix
382,1983,9,British Grand Prix,1983-07-16,silverstone,https://en.wikipedia.org/wiki/1983_British_Grand_Prix
383,1983,10,German Grand Prix,1983-08-07,hockenheimring,https://en.wikipedia.org/wiki/1983_German_Grand_Prix
384,1983,11,Austrian Grand Prix,1983-08-14,red_bull_ring,https://en.wikipedia.org/wiki/1983_Austrian_Grand_Prix
385,1983,12,Dutch Grand Prix,1983-08-28,zandvoort,https://en.wikipedia.org/wiki/1983_Dutch_Grand_Prix
386,1983,13,Italian Grand Prix,1983-09-11,monza,https://en.wikipedia.org/wiki/1983_Italian_Grand_Prix
387,1983,14,European Grand Prix,1983-09-25,brands_hatch,https://en.wikipedia.org/wiki/1983_European_Grand_Prix
388,1983,15,South African Grand Prix,1983-10-15,kyalami,https://en.wikipedia.org/wiki/1983_South_African_Grand_Prix
389,1984,1,Brazilian Grand Prix,1984-03-25,jacarepagua,https://en.wikipedia.org/wiki/1984_Brazilian_Grand_Prix
390,1984,2,South African Grand Prix,1984-04-07,kyalami,https://en.wikipedia.org/wiki/1984_South_African_Grand_Prix
391,1984,3,Belgian Grand Prix,1984-04-29,zolder,https://en.wikipedia.org/wiki/1984_Belgian_Grand_Prix
392,1984,4,San Marino Grand Prix,1984-05-06,imola,https://en.wikipedia.org/wiki/1984_San_Marino_Grand_Prix
393,1984,5,French Grand Prix,1984-05-20,dijon,https://en.wikipedia.org/wiki/1984_French_Grand_Prix
394,1984,6,Monaco Grand Prix,1984-06-03,monaco,https://en.wikipedia.org/wiki/1984_Monaco_Grand_Prix
395,1984,7,Canadian Grand Prix,1984-06-17,villeneuve,https://en.wikipedia.org/wiki/1984_Canadian_Grand_Prix
396,1984,8,Detroit Grand Prix,1984-06-24,detroit,https://en.wikipedia.org/wiki/1984_Detroit_Grand_Prix
397,1984,9,Dallas Grand Prix,1984-07-08,dallas,https://en.wikipedia.org/wiki/1984_Dallas_Grand_Prix
398,1984,10,British Grand Prix,1984-07-22,brands_hatch,https://en.wikipedia.org/wiki/1984_British_Grand_Prix
399,1984,11,German Grand Prix,1984-08-05,hockenheimring,https://en.wikipedia.org/wiki/1984_German_Grand_Prix
400,1984,12,Austrian Grand Prix,1984-08-19,red_bull_ring,https://en.wikipedia.org/wiki/1984_Austrian_Grand_Prix
401,1984,13,Dutch Grand Prix,1984-08-26,zandvoort,https://en.wikipedia.org/wiki/1984_Dutch_Grand_Prix
402,1984,14,Italian Grand Prix,1984-09-09,monza,https://en.wikipedia.org/wiki/1984_Italian_Grand_Prix
403,1984,15,European Grand Prix,1984-10-07,nurburgring,https://en.wikipedia.org/wiki/1984_European_Grand_Prix
404,1984,16,Portuguese Grand Prix,1984-10-21,estoril,https://en.wikipedia.org/wiki/1984_Portuguese_Grand_Prix
405,1985,1,Brazilian Grand Prix,1985-04-07,jacarepagua,https://en.wikipedia.org/wiki/1985_Brazilian_Grand_Prix
406,1985,2,Portuguese Grand Prix,1985-04-21,estoril,https://en.wikipedia.org/wiki/1985_Portuguese_Grand_Prix
407,1985,3,San Marino Grand Prix,1985-05-05,imola,https://en.wikipedia.org/wiki/1985_San_Marino_Grand_Prix
408,1985,4,Monaco Grand Prix,1985-05-19,monaco,https://en.wikipedia.org/wiki/1985_Monaco_Grand_Prix
409,1985,5,Canadian Grand Prix,1985-06-16,villeneuve,https://en.wikipedia.org/wiki/1985_Canadian_Grand_Prix
410,1985,6,Detroit Grand Prix,1985-06-23,detroit,https://en.wikipedia.org/wiki/1985_Detroit_Grand_Prix
411,1985,7,French Grand Prix,1985-07-07,ricard,https://en.wikipedia.org/wiki/1985_French_Grand_Prix
412,1985,8,British Grand Prix,1985-07-21,silverstone,https://en.wikipedia.org/wiki/1985_British_Grand_Prix
413,1985,9,German Grand Prix,1985-08-04,nurburgring,https://en.wikipedia.org/wiki/1985_German_Grand_Prix
414,1985,10,Austrian Grand Prix,1985-08-18,red_bull_ring,https://en.wikipedia.org/wiki/1985_Austrian_Grand_Prix
415,1985,11,Dutch Grand Prix,1985-08-25,zandvoort,https://en.wikipedia.org/wiki/1985_Dutch_Grand_Prix
416,1985,12,Italian Grand Prix,1985-09-08,monza,https://en.wikipedia.org/wiki/1985_Italian_Grand_Prix
417,1985,13,Belgian Grand Prix,1985-09-15,spa,https://en.wikipedia.org/wiki/1985_Belgian_Grand_Prix
418,1985,14,European Grand Prix,1985-10-06,brands_hatch,https://en.wikipedia.org/wiki/1985_European_Grand_Prix
419,1985,15,South African Grand Prix,1985-10-19,kyalami,https://en.wikipedia.org/wiki/1985_South_African_Grand_Prix
420,1985,16,Australian Grand Prix,1985-11-03,adelaide,https://en.wikipedia.org/wiki/1985_Australian_Grand_Prix
421,1986,1,Brazilian Grand Prix,1986-03-23,jacarepagua,https://en.wikipedia.org/wiki/1986_Brazilian_Grand_Prix
422,1986,2,Spanish Grand Prix,1986-04-13,jerez,https://en.wikipedia.org/wiki/1986_Spanish_Grand_Prix
423,1986,3,San Marino Grand Prix,1986-04-27,imola,https://en.wikipedia.org/wiki/1986_San_Marino_Grand_Prix
424,1986,4,Monaco Grand Prix,1986-05-11,monaco,https://en.wikipedia.org/wiki/1986_Monaco_Grand_Prix
425,1986,5,Belgian Grand Prix,1986-05-25,spa,https://en.wikipedia.org/wiki/1986_Belgian_Grand_Prix
426,1986,6,Canadian Grand Prix,1986-06-15,villeneuve,https://en.wikipedia.org/wiki/1986_Canadian_Grand_Prix
427,1986,7,Detroit Grand Prix,1986-06-22,detroit,https://en.wikipedia.org/wiki/1986_Detroit_Grand_Prix
428,1986,8,French Grand Prix,1986-07-06,ricard,https://en.wikipedia.org/wiki/1986_French_Grand_Prix
429,1986,9,British Grand Prix,1986-07-13,brands_hatch,https://en.wikipedia.org/wiki/1986_British_Grand_Prix
430,1986,10,German Grand Prix,1986-07-27,hockenheimring,https://en.wikipedia.org/wiki/1986_German_Grand_Prix
431,1986,11,Hungarian Grand Prix,1986-08-10,hungaroring,https://en.wikipedia.org/wiki/1986_Hungarian_Grand_Prix
432,1986,12,Austrian Grand Prix,1986-08-17,red_bull_ring,https://en.wikipedia.org/wiki/1986_Austrian_Grand_Prix
433,1986,13,Italian Grand Prix,1986-09-07,monza,https://en.wikipedia.org/wiki/1986_Italian_Grand_Prix
434,1986,14,Portuguese Grand Prix,1986-09-21,estoril,https://en.wikipedia.org/wiki/1986_Portuguese_Grand_Prix
435,1986,15,Mexican Grand Prix,1986-10-12,rodriguez,https://en.wikipedia.org/wiki/1986_Mexican_Grand_Prix
436,1986,16,Australian Grand Prix,1986-10-26,adelaide,https://en.wikipedia.org/wiki/1986_Australian_Grand_Prix
437,1987,1,Brazilian Grand Prix,1987-04-12,jacarepagua,https://en.wikipedia.org/wiki/1987_Brazilian_Grand_Prix
438,1987,2,San Marino Grand Prix,1987-05-03,imola,https://en.wikipedia.org/wiki/1987_San_Marino_Grand_Prix
439,1987,3,Belgian Grand Prix,1987-05-17,spa,https://en.wikipedia.org/wiki/1987_Belgian_Grand_Prix
440,1987,4,Monaco Grand Prix,1987-05-31,monaco,https://en.wikipedia.org/wiki/1987_Monaco_Grand_Prix
441,1987,5,Detroit Grand Prix,1987-06-21,detroit,https://en.wikipedia.org/wiki/1987_Detroit_Grand_Prix
442,1987,6,French Grand Prix,1987-07-05,ricard,https://en.wikipedia.org/wiki/1987_French_Grand_Prix
443,1987,7,British Grand Prix,1987-07-12,silverstone,https://en.wikipedia.org/wiki/1987_British_Grand_Prix
444,1987,8,German Grand Prix,1987-07-26,hockenheimring,https://en.wikipedia.org/wiki/1987_German_Grand_Prix
445,1987,9,Hungarian Grand Prix,1987-08-09,hungaroring,https://en.wikipedia.org/wiki/1987_Hungarian_Grand_Prix
446,1987,10,Austrian Grand Prix,1987-08-16,red_bull_ring,https://en.wikipedia.org/wiki/1987_Austrian_Grand_Prix
447,1987,11,Italian Grand Prix,1987-09-06,monza,https://en.wikipedia.org/wiki/1987_Italian_Grand_Prix
448,1987,12,Portuguese Grand Prix,1987-09-20,estoril,https://en.wikipedia.org/wiki/1987_Portuguese_Grand_Prix
449,1987,13,Spanish Grand Prix,1987-09-27,jerez,https://en.wikipedia.org/wiki/1987_Spanish_Grand_Prix
450,1987,14,Mexican Grand Prix,1987-10-18,rodriguez,https://en.wikipedia.org/wiki/1987_Mexican_Grand_Prix
451,1987,15,Japanese Grand Prix,1987-11-01,suzuka,https://en.wikipedia.org/wiki/1987_Japanese_Grand_Prix
452,1987,16,Australian Grand Prix,1987-11-15,adelaide,https://en.wikipedia.org/wiki/1987_Australian_Grand_Prix
453,1988,1,Brazilian Grand Prix,1988-04-03,jacarepagua,https://en.wikipedia.org/wiki/1988_Brazilian_Grand_Prix
454,1988,2,San Marino Grand Prix,1988-05-01,imola,https://en.wikipedia.org/wiki/1988_San_Marino_Grand_Prix
455,1988,3,Monaco Grand Prix,1988-05-15,monaco,https://en.wikipedia.org/wiki/1988_Monaco_Grand_Prix
456,1988,4,Mexican Grand Prix,1988-05-29,rodriguez,https://en.wikipedia.org/wiki/1988_Mexican_Grand_Prix
457,1988,5,Canadian Grand Prix,1988-06-12,villeneuve,https://en.wikipedia.org/wiki/1988_Canadian_Grand_Prix
458,1988,6,Detroit Grand Prix,1988-06-19,detroit,https://en.wikipedia.org/wiki/1988_Detroit_Grand_Prix
459,1988,7,French Grand Prix,1988-07-03,ricard,https://en.wikipedia.org/wiki/1988_French_Grand_Prix
460,1988,8,British Grand Prix,1988-07-10,silverstone,https://en.wikipedia.org/wiki/1988_British_Grand_Prix
461,1988,9,German Grand Prix,1988-07-24,hockenheimring,https://en.wikipedia.org/wiki/1988_German_Grand_Prix
462,1988,10,Hungarian Grand Prix,1988-08-07,hungaroring,https://en.wikipedia.org/wiki/1988_Hungarian_Grand_Prix
463,1988,11,Belgian Grand Prix,1988-08-28,spa,https://en.wikipedia.org/wiki/1988_Belgian_Grand_Prix
464,1988,12,Italian Grand Prix,1988-09-11,monza,https://en.wikipedia.org/wiki/1988_Italian_Grand_Prix
465,1988,13,Portuguese Grand Prix,1988-09-25,estoril,https://en.wikipedia.org/wiki/1988_Portuguese_Grand_Prix
466,1988,14,Spanish Grand Prix,1988-10-02,jerez,https://en.wikipedia.org/wiki/1988_Spanish_Grand_Prix
467,1988,15,Japanese Grand Prix,1988-10-30,suzuka,https://en.wikipedia.org/wiki/1988_Japanese_Grand_Prix
468,1988,16,Australian Grand Prix,1988-11-13,adelaide,https://en.wikipedia.org/wiki/1988_Australian_Grand_Prix
469,1989,1,Brazilian Grand Prix,1989-03-26,jacarepagua,https://en.wikipedia.org/wiki/1989_Brazilian_Grand_Prix
470,1989,2,San Marino Grand Prix,1989-04-23,imola,https://en.wikipedia.org/wiki/1989_San_Marino_Grand_Prix
471,1989,3,Monaco Grand Prix,1989-05-07,monaco,https://en.wikipedia.org/wiki/1989_Monaco_Grand_Prix
472,1989,4,Mexican Grand Prix,1989-05-28,rodriguez,https://en.wikipedia.org/wiki/1989_Mexican_Grand_Prix
473,1989,5,United States Grand Prix,1989-06-04,phoenix,https://en.wikipedia.org/wiki/1989_United_States_Grand_Prix
474,1989,6,Canadian Grand Prix,1989-06-18,villeneuve,https://en.wikipedia.org/wiki/1989_Canadian_Grand_Prix
475,1989,7,French Grand Prix,1989-07-09,ricard,https://en.wikipedia.org/wiki/1989_French_Grand_Prix
476,1989,8,British Grand Prix,1989-07-16,silverstone,https://en.wikipedia.org/wiki/1989_British_Grand_Prix
477,1989,9,German Grand Prix,1989-07-30,hockenheimring,https://en.wikipedia.org/wiki/1989_German_Grand_Prix
478,1989,10,Hungarian Grand Prix,1989-08-13,hungaroring,https://en.wikipedia.org/wiki/1989_Hungarian_Grand_Prix
479,1989,11,Belgian Grand Prix,1989-08-27,spa,https://en.wikipedia.org/wiki/1989_Belgian_Grand_Prix
480,1989,12,Italian Grand Prix,1989-09-10,monza,https://en.wikipedia.org/wiki/1989_Italian_Grand_Prix
481,1989,13,Portuguese Grand Prix,1989-09-24,estoril,https://en.wikipedia.org/wiki/1989_Portuguese_Grand_Prix
482,1989,14,Spanish Grand Prix,1989-10-01,jerez,https://en.wikipedia.org/wiki/1989_Spanish_Grand_Prix
483,1989,15,Japanese Grand Prix,1989-10-22,suzuka,https://en.wikipedia.org/wiki/1989_Japanese_Grand_Prix
484,1989,16,Australian Grand Prix,1989-11-05,adelaide,https://en.wikipedia.org/wiki/1989_Australian_Grand_Prix
485,1990,1,United States Grand Prix,1990-03-11,phoenix,https://en.wikipedia.org/wiki/1990_United_States_Grand_Prix
486,1990,2,Brazilian Grand Prix,1990-03-25,interlagos,https://en.wikipedia.org/wiki/1990_Brazilian_Grand_Prix
487,1990,3,San Marino Grand Prix,1990-05-13,imola,https://en.wikipedia.org/wiki/1990_San_Marino_Grand_Prix
488,1990,4,Monaco Grand Prix,1990-05-27,monaco,https://en.wikipedia.org/wiki/1990_Monaco_Grand_Prix
489,1990,5,Canadian Grand Prix,1990-06-10,villeneuve,https://en.wikipedia.org/wiki/1990_Canadian_Grand_Prix
490,1990,6,Mexican Grand Prix,1990-06-24,rodriguez,https://en.wikipedia.org/wiki/1990_Mexican_Grand_Prix
491,1990,7,French Grand Prix,1990-07-08,ricard,https://en.wikipedia.org/wiki/1990_French_Grand_Prix
492,1990,8,British Grand Prix,1990-07-15,silverstone,https://en.wikipedia.org/wiki/1990_British_Grand_Prix
493,1990,9,German Grand Prix,1990-07-29,hockenheimring,https://en.wikipedia.org/wiki/1990_German_Grand_Prix
494,1990,10,Hungarian Grand Prix,1990-08-12,hungaroring,https://en.wikipedia.org/wiki/1990_Hungarian_Grand_Prix
495,1990,11,Belgian Grand Prix,1990-08-26,spa,https://en.wikipedia.org/wiki/1990_Belgian_Grand_Prix
496,1990,12,Italian Grand Prix,1990-09-09,monza,https://en.wikipedia.org/wiki/1990_Italian_Grand_Prix
497,1990,13,Portuguese Grand Prix,1990-09-23,estoril,https://en.wikipedia.org/wiki/1990_Portuguese_Grand_Prix
498,1990,14,Spanish Grand Prix,1990-09-30,jerez,https://en.wikipedia.org/wiki/1990_Spanish_Grand_Prix
499,1990,15,Japanese Grand Prix,1990-10-21,suzuka,https://en.wikipedia.org/wiki/1990_Japanese_Grand_Prix
500,1990,16,Australian Grand Prix,1990-11-04,adelaide,https://en.wikipedia.org/wiki/1990_Australian_Grand_Prix
501,1991,1,United States Grand Prix,1991-03-10,phoenix,https://en.wikipedia.org/wiki/1991_United_States_Grand_Prix
502,1991,2,Brazilian Grand Prix,1991-03-24,interlagos,https://en.wikipedia.org/wiki/1991_Brazilian_Grand_Prix
503,1991,3,San Marino Grand Prix,1991-04-28,imola,https://en.wikipedia.org/wiki/1991_San_Marino_Grand_Prix
504,1991,4,Monaco Grand Prix,1991-05-12,monaco,https://en.wikipedia.org/wiki/1991_Monaco_Grand_Prix
505,1991,5,Canadian Grand Prix,1991-06-02,villeneuve,https://en.wikipedia.org/wiki/1991_Canadian_Grand_Prix
506,1991,6,Mexican Grand Prix,1991-06-16,rodriguez,https://en.wikipedia.org/wiki/1991_Mexican_Grand_Prix
507,1991,7,French Grand Prix,1991-07-07,magny_cours,https://en.wikipedia.org/wiki/1991_French_Grand_Prix
508,1991,8,British Grand Prix,1991-07-14,silverstone,https://en.wikipedia.org/wiki/1991_British_Grand_Prix
509,1991,9,German Grand Prix,1991-07-28,hockenheimring,https://en.wikipedia.org/wiki/1991_German_Grand_Prix
510,1991,10,Hungarian Grand Prix,1991-08-11,hungaroring,https://en.wikipedia.org/wiki/1991_Hungarian_Grand_Prix
511,1991,11,Belgian Grand Prix,1991-08-25,spa,https://en.wikipedia.org/wiki/1991_Belgian_Grand_Prix
512,1991,12,Italian Grand Prix,1991-09-08,monza,https://en.wikipedia.org/wiki/1991_Italian_Grand_Prix
513,1991,13,Portuguese Grand Prix,1991-09-22,estoril,https://en.wikipedia.org/wiki/1991_Portuguese_Grand_Prix
514,1991,14,Spanish Grand Prix,1991-09-29,catalunya,https://en.wikipedia.org/wiki/1991_Spanish_Grand_Prix
515,1991,15,Japanese Grand Prix,1991-10-20,suzuka,https://en.wikipedia.org/wiki/1991_Japanese_Grand_Prix
516,1991,16,Australian Grand Prix,1991-11-03,adelaide,https://en.wikipedia.org/wiki/1991_Australian_Grand_Prix
517,1992,1,South African Grand Prix,1992-03-01,kyalami,https://en.wikipedia.org/wiki/1992_South_African_Grand_Prix
518,1992,2,Mexican Grand Prix,1992-03-22,rodriguez,https://en.wikipedia.org/wiki/1992_Mexican_Grand_Prix
519,1992,3,Brazilian Grand Prix,1992-04-05,interlagos,https://en.wikipedia.org/wiki/1992_Brazilian_Grand_Prix
520,1992,4,Spanish Grand Prix,1992-05-03,catalunya,https://en.wikipedia.org/wiki/1992_Spanish_Grand_Prix
521,1992,5,San Marino Grand Prix,1992-05-17,imola,https://en.wikipedia.org/wiki/1992_San_Marino_Grand_Prix
522,1992,6,Monaco Grand Prix,1992-05-31,monaco,https://en.wikipedia.org/wiki/1992_Monaco_Grand_Prix
523,1992,7,Canadian Grand Prix,1992-06-14,villeneuve,https://en.wikipedia.org/wiki/1992_Canadian_Grand_Prix
524,1992,8,French Grand Prix,1992-07-05,magny_cours,https://en.wikipedia.org/wiki/1992_French_Grand_Prix
525,1992,9,British Grand Prix,1992-07-12,silverstone,https://en.wikipedia.org/wiki/1992_British_Grand_Prix
526,1992,10,German Grand Prix,1992-07-26,hockenheimring,https://en.wikipedia.org/wiki/1992_German_Grand_Prix
527,1992,11,Hungarian Grand Prix,1992-08-16,hungaroring,https://en.wikipedia.org/wiki/1992_Hungarian_Grand_Prix
528,1992,12,Belgian Grand Prix,1992-08-30,spa,https://en.wikipedia.org/wiki/1992_Belgian_Grand_Prix
529,1992,13,Italian Grand Prix,1992-09-13,monza,https://en.wikipedia.org/wiki/1992_Italian_Grand_Prix
530,1992,14,Portuguese Grand Prix,1992-09-27,estoril,https://en.wikipedia.org/wiki/1992_Portuguese_Grand_Prix
531,1992,15,Japanese Grand Prix,1992-10-25,suzuka,https://en.wikipedia.org/wiki/1992_Japanese_Grand_Prix
532,1992,16,Australian Grand Prix,1992-11-08,adelaide,https://en.wikipedia.org/wiki/1992_Australian_Grand_Prix
533,1993,1,South African Grand Prix,1993-03-14,kyalami,https://en.wikipedia.org/wiki/1993_South_African_Grand_Prix
534,1993,2,Brazilian Grand Prix,1993-03-28,interlagos,https://en.wikipedia.org/wiki/1993_Brazilian_Grand_Prix
535,1993,3,European Grand Prix,1993-04-11,donington,https://en.wikipedia.org/wiki/1993_European_Grand_Prix
536,1993,4,San Marino Grand Prix,1993-04-25,imola,https://en.wikipedia.org/wiki/1993_San_Marino_Grand_Prix
537,1993,5,Spanish Grand Prix,1993-05-09,catalunya,https://en.wikipedia.org/wiki/1993_Spanish_Grand_Prix
538,1993,6,Monaco Grand Prix,1993-05-23,monaco,https://en.wikipedia.org/wiki/1993_Monaco_Grand_Prix
539,1993,7,Canadian Grand Prix,1993-06-13,villeneuve,https://en.wikipedia.org/wiki/1993_Canadian_Grand_Prix
540,1993,8,French Grand Prix,1993-07-04,magny_cours,https://en.wikipedia.org/wiki/1993_French_Grand_Prix
541,1993,9,British Grand Prix,1993-07-11,silverstone,https://en.wikipedia.org/wiki/1993_British_Grand_Prix
542,1993,10,German Grand Prix,1993-07-25,hockenheimring,https://en.wikipedia.org/wiki/1993_German_Grand_Prix
543,1993,11,Hungarian Grand Prix,1993-08-15,hungaroring,https://en.wikipedia.org/wiki/1993_Hungarian_Grand_Prix
544,1993,12,Belgian Grand Prix,1993-08-29,spa,https://en.wikipedia.org/wiki/1993_Belgian_Grand_Prix
545,1993,13,Italian Grand Prix,1993-09-12,monza,https://en.wikipedia.org/wiki/1993_Italian_Grand_Prix
546,1993,14,Portuguese Grand Prix,1993-09-26,estoril,https://en.wikipedia.org/wiki/1993_Portuguese_Grand_Prix
547,1993,15,Japanese Grand Prix,1993-10-24,suzuka,https://en.wikipedia.org/wiki/1993_Japanese_Grand_Prix
548,1993,16,Australian Grand Prix,1993-11-07,adelaide,https://en.wikipedia.org/wiki/1993_Australian_Grand_Prix
549,1994,1,Brazilian Grand Prix,1994-03-27,interlagos,https://en.wikipedia.org/wiki/1994_Brazilian_Grand_Prix
550,1994,2,Pacific Grand Prix,1994-04-17,okayama,https://en.wikipedia.org/wiki/1994_Pacific_Grand_Prix
551,1994,3,San Marino Grand Prix,1994-05-01,imola,https://en.wikipedia.org/wiki/1994_San_Marino_Grand_Prix
552,1994,4,Monaco Grand Prix,1994-05-15,monaco,https://en.wikipedia.org/wiki/1994_Monaco_Grand_Prix
553,1994,5,Spanish Grand Prix,1994-05-29,catalunya,https://en.wikipedia.org/wiki/1994_Spanish_Grand_Prix
554,1994,6,Canadian Grand Prix,1994-06-12,villeneuve,https://en.wikipedia.org/wiki/1994_Canadian_Grand_Prix
555,1994,7,French Grand Prix,1994-07-03,magny_cours,https://en.wikipedia.org/wiki/1994_French_Grand_Prix
556,1994,8,British Grand Prix,1994-07-10,silverstone,https://en.wikipedia.org/wiki/1994_British_Grand_Prix
557,1994,9,German Grand Prix,1994-07-31,hockenheimring,https://en.wikipedia.org/wiki/1994_German_Grand_Prix
558,1994,10,Hungarian Grand Prix,1994-08-14,hungaroring,https://en.wikipedia.org/wiki/1994_Hungarian_Grand_Prix
559,1994,11,Belgian Grand Prix,1994-08-28,spa,https://en.wikipedia.org/wiki/1994_Belgian_Grand_Prix
560,1994,12,Italian Grand Prix,1994-09-11,monza,https://en.wikipedia.org/wiki/1994_Italian_Grand_Prix
561,1994,13,Portuguese Grand Prix,1994-09-25,estoril,https://en.wikipedia.org/wiki/1994_Portuguese_Grand_Prix
562,1994,14,European Grand Prix,1994-10-16,jerez,https://en.wikipedia.org/wiki/1994_European_Grand_Prix
563,1994,15,Japanese Grand Prix,1994-11-06,suzuka,https://en.wikipedia.org/wiki/1994_Japanese_Grand_Prix
564,1994,16,Australian Grand Prix,1994-11-13,adelaide,https://en.wikipedia.org/wiki/1994_Australian_Grand_Prix
565,1995,1,Brazilian Grand Prix,1995-03-26,interlagos,https://en.wikipedia.org/wiki/1995_Brazilian_Grand_Prix
566,1995,2,Argentine Grand Prix,1995-04-09,galvez,https://en.wikipedia.org/wiki/1995_Argentine_Grand_Prix
567,1995,3,San Marino Grand Prix,1995-04-30,imola,https://en.wikipedia.org/wiki/1995_San_Marino_Grand_Prix
568,1995,4,Spanish Grand Prix,1995-05-14,catalunya,https://en.wikipedia.org/wiki/1995_Spanish_Grand_Prix
569,1995,5,Monaco Grand Prix,1995-05-28,monaco,https://en.wikipedia.org/wiki/1995_Monaco_Grand_Prix
570,1995,6,Canadian Grand Prix,1995-06-11,villeneuve,https://en.wikipedia.org/wiki/1995_Canadian_Grand_Prix
571,1995,7,French Grand Prix,1995-07-02,magny_cours,https://en.wikipedia.org/wiki/1995_French_Grand_Prix
572,1995,8,British Grand Prix,1995-07-16,silverstone,https://en.wikipedia.org/wiki/1995_British_Grand_Prix
573,1995,9,German Grand Prix,1995-07-30,hockenheimring,https://en.wikipedia.org/wiki/1995_German_Grand_Prix
574,1995,10,Hungarian Grand Prix,1995-08-13,hungaroring,https://en.wikipedia.org/wiki/1995_Hungarian_Grand_Prix
575,1995,11,Belgian Grand Prix,1995-08-27,spa,https://en.wikipedia.org/wiki/1995_Belgian_Grand_Prix
576,1995,12,Italian Grand Prix,1995-09-10,monza,https://en.wikipedia.org/wiki/1995_Italian_Grand_Prix
577,1995,13,Portuguese Grand Prix,1995-09-24,estoril,https://en.wikipedia.org/wiki/1995_Portuguese_Grand_Prix
578,1995,14,European Grand Prix,1995-10-01,nurburgring,https://en.wikipedia.org/wiki/1995_European_Grand_Prix
579,1995,15,Pacific Grand Prix,1995-10-22,okayama,https://en.wikipedia.org/wiki/1995_Pacific_Grand_Prix
580,1995,16,Japanese Grand Prix,1995-10-29,suzuka,https://en.wikipedia.org/wiki/1995_Japanese_Grand_Prix
581,1995,17,Australian Grand Prix,1995-11-12,adelaide,https://en.wikipedia.org/wiki/1995_Australian_Grand_Prix
582,1996,1,Australian Grand Prix,1996-03-10,albert_park,https://en.wikipedia.org/wiki/1996_Australian_Grand_Prix
583,1996,2,Brazilian Grand Prix,1996-03-31,interlagos,https://en.wikipedia.org/wiki/1996_Brazilian_Grand_Prix
584,1996,3,Argentine Grand Prix,1996-04-07,galvez,https://en.wikipedia.org/wiki/1996_Argentine_Grand_Prix
585,1996,4,European Grand Prix,1996-04-28,nurburgring,https://en.wikipedia.org/wiki/1996_European_Grand_Prix
586,1996,5,San Marino Grand Prix,1996-05-05,imola,https://en.wikipedia.org/wiki/1996_San_Marino_Grand_Prix
587,1996,6,Monaco Grand Prix,1996-05-19,monaco,https://en.wikipedia.org/wiki/1996_Monaco_Grand_Prix
588,1996,7,Spanish Grand Prix,1996-06-02,catalunya,https://en.wikipedia.org/wiki/1996_Spanish_Grand_Prix
589,1996,8,Canadian Grand Prix,1996-06-16,villeneuve,https://en.wikipedia.org/wiki/1996_Canadian_Grand_Prix
590,1996,9,French Grand Prix,1996-06-30,magny_cours,https://en.wikipedia.org/wiki/1996_French_Grand_Prix
591,1996,10,British Grand Prix,1996-07-14,silverstone,https://en.wikipedia.org/wiki/1996_British_Grand_Prix
592,1996,11,German Grand Prix,1996-07-28,hockenheimring,https://en.wikipedia.org/wiki/1996_German_Grand_Prix
593,1996,12,Hungarian Grand Prix,1996-08-11,hungaroring,https://en.wikipedia.org/wiki/1996_Hungarian_Grand_Prix
594,1996,13,Belgian Grand Prix,1996-08-25,spa,https://en.wikipedia.org/wiki/1996_Belgian_Grand_Prix
595,1996,14,Italian Grand Prix,1996-09-08,monza,https://en.wikipedia.org/wiki/1996_Italian_Grand_Prix
596,1996,15,Portuguese Grand Prix,1996-09-22,estoril,https://en.wikipedia.org/wiki/1996_Portuguese_Grand_Prix
597,1996,16,Japanese Grand Prix,1996-10-13,suzuka,https://en.wikipedia.org/wiki/1996_Japanese_Grand_Prix
598,1997,1,Australian Grand Prix,1997-03-09,albert_park,https://en.wikipedia.org/wiki/1997_Australian_Grand_Prix
599,1997,2,Brazilian Grand Prix,1997-03-30,interlagos,https://en.wikipedia.org/wiki/1997_Brazilian_Grand_Prix
600,1997,3,Argentine Grand Prix,1997-04-13,galvez,https://en.wikipedia.org/wiki/1997_Argentine_Grand_Prix
601,1997,4,San Marino Grand Prix,1997-04-27,imola,https://en.wikipedia.org/wiki/1997_San_Marino_Grand_Prix
602,1997,5,Monaco Grand Prix,1997-05-11,monaco,https://en.wikipedia.org/wiki/1997_Monaco_Grand_Prix
603,1997,6,Spanish Grand Prix,1997-05-25,catalunya,https://en.wikipedia.org/wiki/1997_Spanish_Grand_Prix
604,1997,7,Canadian Grand Prix,1997-06-15,villeneuve,https://en.wikipedia.org/wiki/1997_Canadian_Grand_Prix
605,1997,8,French Grand Prix,1997-06-29,magny_cours,https://en.wikipedia.org/wiki/1997_French_Grand_Prix
606,1997,9,British Grand Prix,1997-07-13,silverstone,https://en.wikipedia.org/wiki/1997_British_Grand_Prix
607,1997,10,German Grand Prix,1997-07-27,hockenheimring,https://en.wikipedia.org/wiki/1997_German_Grand_Prix
608,1997,11,Hungarian Grand Prix,1997-08-10,hungaroring,https://en.wikipedia.org/wiki/1997_Hungarian_Grand_Prix
609,1997,12,Belgian Grand Prix,1997-08-24,spa,https://en.wikipedia.org/wiki/1997_Belgian_Grand_Prix
610,1997,13,Italian Grand Prix,1997-09-07,monza,https://en.wikipedia.org/wiki/1997_Italian_Grand_Prix
611,1997,14,Austrian Grand Prix,1997-09-21,red_bull_ring,https://en.wikipedia.org/wiki/1997_Austrian_Grand_Prix
612,1997,15,Luxembourg Grand Prix,1997-09-28,nurburgring,https://en.wikipedia.org/wiki/1997_Luxembourg_Grand_Prix
613,1997,16,Japanese Grand Prix,1997-10-12,suzuka,https://en.wikipedia.org/wiki/1997_Japanese_Grand_Prix
614,1997,17,European Grand Prix,1997-10-26,jerez,https://en.wikipedia.org/wiki/1997_European_Grand_Prix
615,1998,1,Australian Grand Prix,1998-03-08,albert_park,https://en.wikipedia.org/wiki/1998_Australian_Grand_Prix
616,1998,2,Brazilian Grand Prix,1998-03-29,interlagos,https://en.wikipedia.org/wiki/1998_Brazilian_Grand_Prix
617,1998,3,Argentine Grand Prix,1998-04-12,galvez,https://en.wikipedia.org/wiki/1998_Argentine_Grand_Prix
618,1998,4,San Marino Grand Prix,1998-04-26,imola,https://en.wikipedia.org/wiki/1998_San_Marino_Grand_Prix
619,1998,5,Spanish Grand Prix,1998-05-10,catalunya,https://en.wikipedia.org/wiki/1998_Spanish_Grand_Prix
620,1998,6,Monaco Grand Prix,1998-05-24,monaco,https://en.wikipedia.org/wiki/1998_Monaco_Grand_Prix
621,1998,7,Canadian Grand Prix,1998-06-07,villeneuve,https://en.wikipedia.org/wiki/1998_Canadian_Grand_Prix
622,1998,8,French Grand Prix,1998-06-28,magny_cours,https://en.wikipedia.org/wiki/1998_French_Grand_Prix
623,1998,9,British Grand Prix,1998-07-12,silverstone,https://en.wikipedia.org/wiki/1998_British_Grand_Prix
624,1998,10,Austrian Grand Prix,1998-07-26,red_bull_ring,https://en.wikipedia.org/wiki/1998_Austrian_Grand_Prix
625,1998,11,German Grand Prix,1998-08-02,hockenheimring,https://en.wikipedia.org/wiki/1998_German_Grand_Prix
626,1998,12,Hungarian Grand Prix,1998-08-16,hungaroring,https://en.wikipedia.org/wiki/1998_Hungarian_Grand_Prix
627,1998,13,Belgian Grand Prix,1998-08-30,spa,https://en.wikipedia.org/wiki/1998_Belgian_Grand_Prix
628,1998,14,Italian Grand Prix,1998-09-13,monza,https://en.wikipedia.org/wiki/1998_Italian_Grand_Prix
629,1998,15,Luxembourg Grand Prix,1998-09-27,nurburgring,https://en.wikipedia.org/wiki/1998_Luxembourg_Grand_Prix
630,1998,16,Japanese Grand Prix,1998-11-01,suzuka,https://en.wikipedia.org/wiki/1998_Japanese_Grand_Prix
631,1999,1,Australian Grand Prix,1999-03-07,albert_park,https://en.wikipedia.org/wiki/1999_Australian_Grand_Prix
632,1999,2,Brazilian Grand Prix,1999-04-11,interlagos,https://en.wikipedia.org/wiki/1999_Brazilian_Grand_Prix
633,1999,3,San Marino Grand Prix,1999-05-02,imola,https://en.wikipedia.org/wiki/1999_San_Marino_Grand_Prix
634,1999,4,Monaco Grand Prix,1999-05-16,monaco,https://en.wikipedia.org/wiki/1999_Monaco_Grand_Prix
635,1999,5,Spanish Grand Prix,1999-05-30,catalunya,https://en.wikipedia.org/wiki/1999_Spanish_Grand_Prix
636,1999,6,Canadian Grand Prix,1999-06-13,villeneuve,https://en.wikipedia.org/wiki/1999_Canadian_Grand_Prix
637,1999,7,French Grand Prix,1999-06-27,magny_cours,https://en.wikipedia.org/wiki/1999_French_Grand_Prix
638,1999,8,British Grand Prix,1999-07-11,silverstone,https://en.wikipedia.org/wiki/1999_British_Grand_Prix
639,1999,9,Austrian Grand Prix,1999-07-25,red_bull_ring,https://en.wikipedia.org/wiki/1999_Austrian_Grand_Prix
640,1999,10,German Grand Prix,1999-08-01,hockenheimring,https://en.wikipedia.org/wiki/1999_German_Grand_Prix
641,1999,11,Hungarian Grand Prix,1999-08-15,hungaroring,https://en.wikipedia.org/wiki/1999_Hungarian_Grand_Prix
642,1999,12,Belgian Grand Prix,1999-08-29,spa,https://en.wikipedia.org/wiki/1999_Belgian_Grand_Prix
643,1999,13,Italian Grand Prix,1999-09-12,monza,https://en.wikipedia.org/wiki/1999_Italian_Grand_Prix
644,1999,14,European Grand Prix,1999-09-26,nurburgring,https://en.wikipedia.org/wiki/1999_European_Grand_Prix
645,1999,15,Malaysian Grand Prix,1999-10-17,sepang,https://en.wikipedia.org/wiki/1999_Malaysian_Grand_Prix
646,1999,16,Japanese Grand Prix,1999-10-31,suzuka,https://en.wikipedia.org/wiki/1999_Japanese_Grand_Prix
647,2000,1,Australian Grand Prix,2000-03-12,albert_park,https://en.wikipedia.org/wiki/2000_Australian_Grand_Prix
648,2000,2,Brazilian Grand Prix,2000-03-26,interlagos,https://en.wikipedia.org/wiki/2000_Brazilian_Grand_Prix
649,2000,3,San Marino Grand Prix,2000-04-09,imola,https://en.wikipedia.org/wiki/2000_San_Marino_Grand_Prix
650,2000,4,British Grand Prix,2000-04-23,silverstone,https://en.wikipedia.org/wiki/2000_British_Grand_Prix
651,2000,5,Spanish Grand Prix,2000-05-07,catalunya,https://en.wikipedia.org/wiki/2000_Spanish_Grand_Prix
652,2000,6,European Grand Prix,2000-05-21,nurburgring,https://en.wikipedia.org/wiki/2000_European_Grand_Prix
653,2000,7,Monaco Grand Prix,2000-06-04,monaco,https://en.wikipedia.org/wiki/2000_Monaco_Grand_Prix
654,2000,8,Canadian Grand Prix,2000-06-18,villeneuve,https://en.wikipedia.org/wiki/2000_Canadian_Grand_Prix
655,2000,9,French Grand Prix,2000-07-02,magny_cours,https://en.wikipedia.org/wiki/2000_French_Grand_Prix
656,2000,10,Austrian Grand Prix,2000-07-16,red_bull_ring,https://en.wikipedia.org/wiki/2000_Austrian_Grand_Prix
657,2000,11,German Grand Prix,2000-07-30,hockenheimring,https://en.wikipedia.org/wiki/2000_German_Grand_Prix
658,2000,12,Hungarian Grand Prix,2000-08-13,hungaroring,https://en.wikipedia.org/wiki/2000_Hungarian_Grand_Prix
659,2000,13,Belgian Grand Prix,2000-08-27,spa,https://en.wikipedia.org/wiki/2000_Belgian_Grand_Prix
660,2000,14,Italian Grand Prix,2000-09-10,monza,https://en.wikipedia.org/wiki/2000_Italian_Grand_Prix
661,2000,15,United States Grand Prix,2000-09-24,indianapolis,https://en.wikipedia.org/wiki/2000_United_States_Grand_Prix
662,2000,16,Japanese Grand Prix,2000-10-08,suzuka,https://en.wikipedia.org/wiki/2000_Japanese_Grand_Prix
663,2000,17,Malaysian Grand Prix,2000-10-22,sepang,https://en.wikipedia.org/wiki/2000_Malaysian_Grand_Prix
664,2001,1,Australian Grand Prix,2001-03-04,albert_park,https://en.wikipedia.org/wiki/2001_Australian_Grand_Prix
665,2001,2,Malaysian Grand Prix,2001-03-18,sepang,https://en.wikipedia.org/wiki/2001_Malaysian_Grand_Prix
666,2001,3,Brazilian Grand Prix,2001-04-01,interlagos,https://en.wikipedia.org/wiki/2001_Brazilian_Grand_Prix
667,2001,4,San Marino Grand Prix,2001-04-15,imola,https://en.wikipedia.org/wiki/2001_San_Marino_Grand_Prix
668,2001,5,Spanish Grand Prix,2001-04-29,catalunya,https://en.wikipedia.org/wiki/2001_Spanish_Grand_Prix
669,2001,6,Austrian Grand Prix,2001-05-13,red_bull_ring,https://en.wikipedia.org/wiki/2001_Austrian_Grand_Prix
670,2001,7,Monaco Grand Prix,2001-05-27,monaco,https://en.wikipedia.org/wiki/2001_Monaco_Grand_Prix
671,2001,8,Canadian Grand Prix,2001-06-10,villeneuve,https://en.wikipedia.org/wiki/2001_Canadian_Grand_Prix
672,2001,9,European Grand Prix,2001-06-24,nurburgring,https://en.wikipedia.org/wiki/2001_European_Grand_Prix
673,2001,10,French Grand Prix,2001-07-01,magny_cours,https://en.wikipedia.org/wiki/2001_French_Grand_Prix
674,2001,11,British Grand Prix,2001-07-15,silverstone,https://en.wikipedia.org/wiki/2001_British_Grand_Prix
675,2001,12,German Grand Prix,2001-07-29,hockenheimring,https://en.wikipedia.org/wiki/2001_German_Grand_Prix
676,2001,13,Hungarian Grand Prix,2001-08-19,hungaroring,https://en.wikipedia.org/wiki/2001_Hungarian_Grand_Prix
677,2001,14,Belgian Grand Prix,2001-09-02,spa,https://en.wikipedia.org/wiki/2001_Belgian_Grand_Prix
678,2001,15,Italian Grand Prix,2001-09-16,monza,https://en.wikipedia.org/wiki/2001_Italian_Grand_Prix
679,2001,16,United States Grand Prix,2001-09-30,indianapolis,https://en.wikipedia.org/wiki/2001_United_States_Grand_Prix
680,2001,17,Japanese Grand Prix,2001-10-14,suzuka,https://en.wikipedia.org/wiki/2001_Japanese_Grand_Prix
681,2002,1,Australian Grand Prix,2002-03-03,albert_park,https://en.wikipedia.org/wiki/2002_Australian_Grand_Prix
682,2002,2,Malaysian Grand Prix,2002-03-17,sepang,https://en.wikipedia.org/wiki/2002_Malaysian_Grand_Prix
683,2002,3,Brazilian Grand Prix,2002-03-31,interlagos,https://en.wikipedia.org/wiki/2002_Brazilian_Grand_Prix
684,2002,4,San Marino Grand Prix,2002-04-14,imola,https://en.wikipedia.org/wiki/2002_San_Marino_Grand_Prix
685,2002,5,Spanish Grand Prix,2002-04-28,catalunya,https://en.wikipedia.org/wiki/2002_Spanish_Grand_Prix
686,2002,6,Austrian Grand Prix,2002-05-12,red_bull_ring,https://en.wikipedia.org/wiki/2002_Austrian_Grand_Prix
687,2002,7,Monaco Grand Prix,2002-05-26,monaco,https://en.wikipedia.org/wiki/2002_Monaco_Grand_Prix
688,2002,8,Canadian Grand Prix,2002-06-09,villeneuve,https://en.wikipedia.org/wiki/2002_Canadian_Grand_Prix
689,2002,9,European Grand Prix,2002-06-23,nurburgring,https://en.wikipedia.org/wiki/2002_European_Grand_Prix
690,2002,10,British Grand Prix,2002-07-07,silverstone,https://en.wikipedia.org/wiki/2002_British_Grand_Prix
691,2002,11,French Grand Prix,2002-07-21,magny_cours,https://en.wikipedia.org/wiki/2002_French_Grand_Prix
692,2002,12,German Grand Prix,2002-07-28,hockenheimring,https://en.wikipedia.org/wiki/2002_German_Grand_Prix
693,2002,13,Hungarian Grand Prix,2002-08-18,hungaroring,https://en.wikipedia.org/wiki/2002_Hungarian_Grand_Prix
694,2002,14,Belgian Grand Prix,2002-09-01,spa,https://en.wikipedia.org/wiki/2002_Belgian_Grand_Prix
695,2002,15,Italian Grand Prix,2002-09-15,monza,https://en.wikipedia.org/wiki/2002_Italian_Grand_Prix
696,2002,16,United States Grand Prix,2002-09-29,indianapolis,https://en.wikipedia.org/wiki/2002_United_States_Grand_Prix
697,2002,17,Japanese Grand Prix,2002-10-13,suzuka,https://en.wikipedia.org/wiki/2002_Japanese_Grand_Prix
698,2003,1,Australian Grand Prix,2003-03-09,albert_park,https://en.wikipedia.org/wiki/2003_Australian_Grand_Prix
699,2003,2,Malaysian Grand Prix,2003-03-23,sepang,https://en.wikipedia.org/wiki/2003_Malaysian_Grand_Prix
700,2003,3,Brazilian Grand Prix,2003-04-06,interlagos,https://en.wikipedia.org/wiki/2003_Brazilian_Grand_Prix
701,2003,4,San Marino Grand Prix,2003-04-20,imola,https://en.wikipedia.org/wiki/2003_San_Marino_Grand_Prix
702,2003,5,Spanish Grand Prix,2003-05-04,catalunya,https://en.wikipedia.org/wiki/2003_Spanish_Grand_Prix
703,2003,6,Austrian Grand Prix,2003-05-18,red_bull_ring,https://en.wikipedia.org/wiki/2003_Austrian_Grand_Prix
704,2003,7,Monaco Grand Prix,2003-06-01,monaco,https://en.wikipedia.org/wiki/2003_Monaco_Grand_Prix
705,2003,8,Canadian Grand Prix,2003-06-15,villeneuve,https://en.wikipedia.org/wiki/2003_Canadian_Grand_Prix
706,2003,9,European Grand Prix,2003-06-29,nurburgring,https://en.wikipedia.org/wiki/2003_European_Grand_Prix
707,2003,10,French Grand Prix,2003-07-06,magny_cours,https://en.wikipedia.org/wiki/2003_French_Grand_Prix
708,2003,11,British Grand Prix,2003-07-20,silverstone,https://en.wikipedia.org/wiki/2003_British_Grand_Prix
709,2003,12,German Grand Prix,2003-08-03,hockenheimring,https://en.wikipedia.org/wiki/2003_German_Grand_Prix
710,2003,13,Hungarian Grand Prix,2003-08-24,hungaroring,https://en.wikipedia.org/wiki/2003_Hungarian_Grand_Prix
711,2003,14,Italian Grand Prix,2003-09-14,monza,https://en.wikipedia.org/wiki/2003_Italian_Grand_Prix
712,2003,15,United States Grand Prix,2003-09-28,indianapolis,https://en.wikipedia.org/wiki/2003_United_States_Grand_Prix
713,2003,16,Japanese Grand Prix,2003-10-12,suzuka,https://en.wikipedia.org/wiki/2003_Japanese_Grand_Prix
714,2004,1,Australian Grand Prix,2004-03-07,albert_park,https://en.wikipedia.org/wiki/2004_Australian_Grand_Prix
715,2004,2,Malaysian Grand Prix,2004-03-21,sepang,https://en.wikipedia.org/wiki/2004_Malaysian_Grand_Prix
716,2004,3,Bahrain Grand Prix,2004-04-04,bahrain,https://en.wikipedia.org/wiki/2004_Bahrain_Grand_Prix
717,2004,4,San Marino Grand Prix,2004-04-25,imola,https://en.wikipedia.org/wiki/2004_San_Marino_Grand_Prix
718,2004,5,Spanish Grand Prix,2004-05-09,catalunya,https://en.wikipedia.org/wiki/2004_Spanish_Grand_Prix
719,2004,6,Monaco Grand Prix,2004-05-23,monaco,https://en.wikipedia.org/wiki/2004_Monaco_Grand_Prix
720,2004,7,European Grand Prix,2004-05-30,nurburgring,https://en.wikipedia.org/wiki/2004_European_Grand_Prix
721,2004,8,Canadian Grand Prix,2004-06-13,villeneuve,https://en.wikipedia.org/wiki/2004_Canadian_Grand_Prix
722,2004,9,United States Grand Prix,2004-06-20,indianapolis,https://en.wikipedia.org/wiki/2004_United_States_Grand_Prix
723,2004,10,French Grand Prix,2004-07-04,magny_cours,https://en.wikipedia.org/wiki/2004_French_Grand_Prix
724,2004,11,British Grand Prix,2004-07-11,silverstone,https://en.wikipedia.org/wiki/2004_British_Grand_Prix
725,2004,12,German Grand Prix,2004-07-25,hockenheimring,https://en.wikipedia.org/wiki/2004_German_Grand_Prix
726,2004,13,Hungarian Grand Prix,2004-08-15,hungaroring,https://en.wikipedia.org/wiki/2004_Hungarian_Grand_Prix
727,2004,14,Belgian Grand Prix,2004-08-29,spa,https://en.wikipedia.org/wiki/2004_Belgian_Grand_Prix
728,2004,15,Italian Grand Prix,2004-09-12,monza,https://en.wikipedia.org/wiki/2004_Italian_Grand_Prix
729,2004,16,Chinese Grand Prix,2004-09-26,shanghai,https://en.wikipedia.org/wiki/2004_Chinese_Grand_Prix
730,2004,17,Japanese Grand Prix,2004-10-10,suzuka,https://en.wikipedia.org/wiki/2004_Japanese_Grand_Prix
731,2004,18,Brazilian Grand Prix,2004-10-24,interlagos,https://en.wikipedia.org/wiki/2004_Brazilian_Grand_Prix
732,2005,1,Australian Grand Prix,2005-03-06,albert_park,https://en.wikipedia.org/wiki/2005_Australian_Grand_Prix
733,2005,2,Malaysian Grand Prix,2005-03-20,sepang,https://en.wikipedia.org/wiki/2005_Malaysian_Grand_Prix
734,2005,3,Bahrain Grand Prix,2005-04-03,bahrain,https://en.wikipedia.org/wiki/2005_Bahrain_Grand_Prix
735,2005,4,San Marino Grand Prix,2005-04-24,imola,https://en.wikipedia.org/wiki/2005_San_Marino_Grand_Prix
736,2005,5,Spanish Grand Prix,2005-05-08,catalunya,https://en.wikipedia.org/wiki/2005_Spanish_Grand_Prix
737,2005,6,Monaco Grand Prix,2005-05-22,monaco,https://en.wikipedia.org/wiki/2005_Monaco_Grand_Prix
738,2005,7,European Grand Prix,2005-05-29,nurburgring,https://en.wikipedia.org/wiki/2005_European_Grand_Prix
739,2005,8,Canadian Grand Prix,2005-06-12,villeneuve,https://en.wikipedia.org/wiki/2005_Canadian_Grand_Prix
740,2005,9,United States Grand Prix,2005-06-19,indianapolis,https://en.wikipedia.org/wiki/2005_United_States_Grand_Prix
741,2005,10,French Grand Prix,2005-07-03,magny_cours,https://en.wikipedia.org/wiki/2005_French_Grand_Prix
742,2005,11,British Grand Prix,2005-07-10,silverstone,https://en.wikipedia.org/wiki/2005_British_Grand_Prix
743,2005,12,German Grand Prix,2005-07-24,hockenheimring,https://en.wikipedia.org/wiki/2005_German_Grand_Prix
744,2005,13,Hungarian Grand Prix,2005-07-31,hungaroring,https://en.wikipedia.org/wiki/2005_Hungarian_Grand_Prix
745,2005,14,Turkish Grand Prix,2005-08-21,istanbul,https://en.wikipedia.org/wiki/2005_Turkish_Grand_Prix
746,2005,15,Italian Grand Prix,2005-09-04,monza,https://en.wikipedia.org/wiki/2005_Italian_Grand_Prix
747,2005,16,Belgian Grand Prix,2005-09-11,spa,https://en.wikipedia.org/wiki/2005_Belgian_Grand_Prix
748,2005,17,Brazilian Grand Prix,2005-09-25,interlagos,https://en.wikipedia.org/wiki/2005_Brazilian_Grand_Prix
749,2005,18,Japanese Grand Prix,2005-10-09,suzuka,https://en.wikipedia.org/wiki/2005_Japanese_Grand_Prix
750,2005,19,Chinese Grand Prix,2005-10-16,shanghai,https://en.wikipedia.org/wiki/2005_Chinese_Grand_Prix
751,2006,1,Bahrain Grand Prix,2006-03-12,bahrain,https://en.wikipedia.org/wiki/2006_Bahrain_Grand_Prix
752,2006,2,Malaysian Grand Prix,2006-03-19,sepang,https://en.wikipedia.org/wiki/2006_Malaysian_Grand_Prix
753,2006,3,Australian Grand Prix,2006-04-02,albert_park,https://en.wikipedia.org/wiki/2006_Australian_Grand_Prix
754,2006,4,San Marino Grand Prix,2006-04-23,imola,https://en.wikipedia.org/wiki/2006_San_Marino_Grand_Prix
755,2006,5,European Grand Prix,2006-05-07,nurburgring,https://en.wikipedia.org/wiki/2006_European_Grand_Prix
756,2006,6,Spanish Grand Prix,2006-05-14,catalunya,https://en.wikipedia.org/wiki/2006_Spanish_Grand_Prix
757,2006,7,Monaco Grand Prix,2006-05-28,monaco,https://en.wikipedia.org/wiki/2006_Monaco_Grand_Prix
758,2006,8,British Grand Prix,2006-06-11,silverstone,https://en.wikipedia.org/wiki/2006_British_Grand_Prix
759,2006,9,Canadian Grand Prix,2006-06-25,villeneuve,https://en.wikipedia.org/wiki/2006_Canadian_Grand_Prix
760,2006,10,United States Grand Prix,2006-07-02,indianapolis,https://en.wikipedia.org/wiki/2006_United_States_Grand_Prix
761,2006,11,French Grand Prix,2006-07-16,magny_cours,https://en.wikipedia.org/wiki/2006_French_Grand_Prix
762,2006,12,German Grand Prix,2006-07-30,hockenheimring,https://en.wikipedia.org/wiki/2006_German_Grand_Prix
763,2006,13,Hungarian Grand Prix,2006-08-06,hungaroring,https://en.wikipedia.org/wiki/2006_Hungarian_Grand_Prix
764,2006,14,Turkish Grand Prix,2006-08-27,istanbul,https://en.wikipedia.org/wiki/2006_Turkish_Grand_Prix
765,2006,15,Italian Grand Prix,2006-09-10,monza,https://en.wikipedia.org/wiki/2006_Italian_Grand_Prix
766,2006,16,Chinese Grand Prix,2006-10-01,shanghai,https://en.wikipedia.org/wiki/2006_Chinese_Grand_Prix
767,2006,17,Japanese Grand Prix,2006-10-08,suzuka,https://en.wikipedia.org/wiki/2006_Japanese_Grand_Prix
768,2006,18,Brazilian Grand Prix,2006-10-22,interlagos,https://en.wikipedia.org/wiki/2006_Brazilian_Grand_Prix
769,2007,1,Australian Grand Prix,2007-03-18,albert_park,https://en.wikipedia.org/wiki/2007_Australian_Grand_Prix
770,2007,2,Malaysian Grand Prix,2007-04-08,sepang,https://en.wikipedia.org/wiki/2007_Malaysian_Grand_Prix
771,2007,3,Bahrain Grand Prix,2007-04-15,bahrain,https://en.wikipedia.org/wiki/2007_Bahrain_Grand_Prix
772,2007,4,Spanish Grand Prix,2007-05-13,catalunya,https://en.wikipedia.org/wiki/2007_Spanish_Grand_Prix
773,2007,5,Monaco Grand Prix,2007-05-27,monaco,https://en.wikipedia.org/wiki/2007_Monaco_Grand_Prix
774,2007,6,Canadian Grand Prix,2007-06-10,villeneuve,https://en.wikipedia.org/wiki/2007_Canadian_Grand_Prix
775,2007,7,United States Grand Prix,2007-06-17,indianapolis,https://en.wikipedia.org/wiki/2007_United_States_Grand_Prix
776,2007,8,French Grand Prix,2007-07-01,magny_cours,https://en.wikipedia.org/wiki/2007_French_Grand_Prix
777,2007,9,British Grand Prix,2007-07-08,silverstone,https://en.wikipedia.org/wiki/2007_British_Grand_Prix
778,2007,10,European Grand Prix,2007-07-22,nurburgring,https://en.wikipedia.org/wiki/2007_European_Grand_Prix
779,2007,11,Hungarian Grand Prix,2007-08-05,hungaroring,https://en.wikipedia.org/wiki/2007_Hungarian_Grand_Prix
780,2007,12,Turkish Grand Prix,2007-08-26,istanbul,https://en.wikipedia.org/wiki/2007_Turkish_Grand_Prix
781,2007,13,Italian Grand Prix,2007-09-09,monza,https://en.wikipedia.org/wiki/2007_Italian_Grand_Prix
782,2007,14,Belgian Grand Prix,2007-09-16,spa,https://en.wikipedia.org/wiki/2007_Belgian_Grand_Prix
783,2007,15,Japanese Grand Prix,2007-09-30,fuji,https://en.wikipedia.org/wiki/2007_Japanese_Grand_Prix
784,2007,16,Chinese Grand Prix,2007-10-07,shanghai,https://en.wikipedia.org/wiki/2007_Chinese_Grand_Prix
785,2007,17,Brazilian Grand Prix,2007-10-21,interlagos,https://en.wikipedia.org/wiki/2007_Brazilian_Grand_Prix
786,2008,1,Australian Grand Prix,2008-03-16,albert_park,https://en.wikipedia.org/wiki/2008_Australian_Grand_Prix
787,2008,2,Malaysian Grand Prix,2008-03-23,sepang,https://en.wikipedia.org/wiki/2008_Malaysian_Grand_Prix
788,2008,3,Bahrain Grand Prix,2008-04-06,bahrain,https://en.wikipedia.org/wiki/2008_Bahrain_Grand_Prix
789,2008,4,Spanish Grand Prix,2008-04-27,catalunya,https://en.wikipedia.org/wiki/2008_Spanish_Grand_Prix
790,2008,5,Turkish Grand Prix,2008-05-11,istanbul,https://en.wikipedia.org/wiki/2008_Turkish_Grand_Prix
791,2008,6,Monaco Grand Prix,2008-05-25,monaco,https://en.wikipedia.org/wiki/2008_Monaco_Grand_Prix
792,2008,7,Canadian Grand Prix,2008-06-08,villeneuve,https://en.wikipedia.org/wiki/2008_Canadian_Grand_Prix
793,2008,8,French Grand Prix,2008-06-22,magny_cours,https://en.wikipedia.org/wiki/2008_French_Grand_Prix
794,2008,9,British Grand Prix,2008-07-06,silverstone,https://en.wikipedia.org/wiki/2008_British_Grand_Prix
795,2008,10,German Grand Prix,2008-07-20,hockenheimring,https://en.wikipedia.org/wiki/2008_German_Grand_Prix
796,2008,11,Hungarian Grand Prix,2008-08-03,hungaroring,https://en.wikipedia.org/wiki/2008_Hungarian_Grand_Prix
797,2008,12,European Grand Prix,2008-08-24,valencia,https://en.wikipedia.org/wiki/2008_European_Grand_Prix
798,2008,13,Belgian Grand Prix,2008-09-07,spa,https://en.wikipedia.org/wiki/2008_Belgian_Grand_Prix
799,2008,14,Italian Grand Prix,2008-09-14,monza,https://en.wikipedia.org/wiki/2008_Italian_Grand_Prix
800,2008,15,Singapore Grand Prix,2008-09-28,marina_bay,https://en.wikipedia.org/wiki/2008_Singapore_Grand_Prix
801,2008,16,Japanese Grand Prix,2008-10-12,fuji,https://en.wikipedia.org/wiki/2008_Japanese_Grand_Prix
802,2008,17,Chinese Grand Prix,2008-10-19,shanghai,https://en.wikipedia.org/wiki/2008_Chinese_Grand_Prix
803,2008,18,Brazilian Grand Prix,2008-11-02,interlagos,https://en.wikipedia.org/wiki/2008_Brazilian_Grand_Prix
804,2009,1,Australian Grand Prix,2009-03-29,albert_park,https://en.wikipedia.org/wiki/2009_Australian_Grand_Prix
805,2009,2,Malaysian Grand Prix,2009-04-05,sepang,https://en.wikipedia.org/wiki/2009_Malaysian_Grand_Prix
806,2009,3,Chinese Grand Prix,2009-04-19,shanghai,https://en.wikipedia.org/wiki/2009_Chinese_Grand_Prix
807,2009,4,Bahrain Grand Prix,2009-04-26,bahrain,https://en.wikipedia.org/wiki/2009_Bahrain_Grand_Prix
808,2009,5,Spanish Grand Prix,2009-05-10,catalunya,https://en.wikipedia.org/wiki/2009_Spanish_Grand_Prix
809,2009,6,Monaco Grand Prix,2009-05-24,monaco,https://en.wikipedia.org/wiki/2009_Monaco_Grand_Prix
810,2009,7,Turkish Grand Prix,2009-06-07,istanbul,https://en.wikipedia.org/wiki/2009_Turkish_Grand_Prix
811,2009,8,British Grand Prix,2009-06-21,silverstone,https://en.wikipedia.org/wiki/2009_British_Grand_Prix
812,2009,9,German Grand Prix,2009-07-12,nurburgring,https://en.wikipedia.org/wiki/2009_German_Grand_Prix
813,2009,10,Hungarian Grand Prix,2009-07-26,hungaroring,https://en.wikipedia.org/wiki/2009_Hungarian_Grand_Prix
814,2009,11,European Grand Prix,2009-08-23,valencia,https://en.wikipedia.org/wiki/2009_European_Grand_Prix
815,2009,12,Belgian Grand Prix,2009-08-30,spa,https://en.wikipedia.org/wiki/2009_Belgian_Grand_Prix
816,2009,13,Italian Grand Prix,2009-09-13,monza,https://en.wikipedia.org/wiki/2009_Italian_Grand_Prix
817,2009,14,Singapore Grand Prix,2009-09-27,marina_bay,https://en.wikipedia.org/wiki/2009_Singapore_Grand_Prix
818,2009,15,Japanese Grand Prix,2009-10-04,suzuka,https://en.wikipedia.org/wiki/2009_Japanese_Grand_Prix
819,2009,16,Brazilian Grand Prix,2009-10-18,interlagos,https://en.wikipedia.org/wiki/2009_Brazilian_Grand_Prix
820,2009,17,Abu Dhabi Grand Prix,2009-11-01,yas_marina,https://en.wikipedia.org/wiki/2009_Abu_Dhabi_Grand_Prix
821,2010,1,Bahrain Grand Prix,2010-03-14,bahrain,https://en.wikipedia.org/wiki/2010_Bahrain_Grand_Prix
822,2010,2,Australian Grand Prix,2010-03-28,albert_park,https://en.wikipedia.org/wiki/2010_Australian_Grand_Prix
823,2010,3,Malaysian Grand Prix,2010-04-04,sepang,https://en.wikipedia.org/wiki/2010_Malaysian_Grand_Prix
824,2010,4,Chinese Grand Prix,2010-04-18,shanghai,https://en.wikipedia.org/wiki/2010_Chinese_Grand_Prix
825,2010,5,Spanish Grand Prix,2010-05-09,catalunya,https://en.wikipedia.org/wiki/2010_Spanish_Grand_Prix
826,2010,6,Monaco Grand Prix,2010-05-16,monaco,https://en.wikipedia.org/wiki/2010_Monaco_Grand_Prix
827,2010,7,Turkish Grand Prix,2010-05-30,istanbul,https://en.wikipedia.org/wiki/2010_Turkish_Grand_Prix
828,2010,8,Canadian Grand Prix,2010-06-13,villeneuve,https://en.wikipedia.org/wiki/2010_Canadian_Grand_Prix
829,2010,9,European Grand Prix,2010-06-27,valencia,https://en.wikipedia.org/wiki/2010_European_Grand_Prix
830,2010,10,British Grand Prix,2010-07-11,silverstone,https://en.wikipedia.org/wiki/2010_British_Grand_Prix
831,2010,11,German Grand Prix,2010-07-25,hockenheimring,https://en.wikipedia.org/wiki/2010_German_Grand_Prix
832,2010,12,Hungarian Grand Prix,2010-08-01,hungaroring,https://en.wikipedia.org/wiki/2010_Hungarian_Grand_Prix
833,2010,13,Belgian Grand Prix,2010-08-29,spa,https://en.wikipedia.org/wiki/2010_Belgian_Grand_Prix
834,2010,14,Italian Grand Prix,2010-09-12,monza,https://en.wikipedia.org/wiki/2010_Italian_Grand_Prix
835,2010,15,Singapore Grand Prix,2010-09-26,marina_bay,https://en.wikipedia.org/wiki/2010_Singapore_Grand_Prix
836,2010,16,Japanese Grand Prix,2010-10-10,suzuka,https://en.wikipedia.org/wiki/2010_Japanese_Grand_Prix
837,2010,17,Korean Grand Prix,2010-10-24,yeongam,https://en.wikipedia.org/wiki/2010_Korean_Grand_Prix
838,2010,18,Brazilian Grand Prix,2010-11-07,interlagos,https://en.wikipedia.org/wiki/2010_Brazilian_Grand_Prix
839,2010,19,Abu Dhabi Grand Prix,2010-11-14,yas_marina,https://en.wikipedia.org/wiki/2010_Abu_Dhabi_Grand_Prix
840,2011,1,Australian Grand Prix,2011-03-27,albert_park,https://en.wikipedia.org/wiki/2011_Australian_Grand_Prix
841,2011,2,Malaysian Grand Prix,2011-04-10,sepang,https://en.wikipedia.org/wiki/2011_Malaysian_Grand_Prix
842,2011,3,Chinese Grand Prix,2011-04-17,shanghai,https://en.wikipedia.org/wiki/2011_Chinese_Grand_Prix
843,2011,4,Turkish Grand Prix,2011-05-08,istanbul,https://en.wikipedia.org/wiki/2011_Turkish_Grand_Prix
844,2011,5,Spanish Grand Prix,2011-05-22,catalunya,https://en.wikipedia.org/wiki/2011_Spanish_Grand_Prix
845,2011,6,Monaco Grand Prix,2011-05-29,monaco,https://en.wikipedia.org/wiki/2011_Monaco_Grand_Prix
846,2011,7,Canadian Grand Prix,2011-06-12,villeneuve,https://en.wikipedia.org/wiki/2011_Canadian_Grand_Prix
847,2011,8,European Grand Prix,2011-06-26,valencia,https://en.wikipedia.org/wiki/2011_European_Grand_Prix
848,2011,9,British Grand Prix,2011-07-10,silverstone,https://en.wikipedia.org/wiki/2011_British_Grand_Prix
849,2011,10,German Grand Prix,2011-07-24,nurburgring,https://en.wikipedia.org/wiki/2011_German_Grand_Prix
850,2011,11,Hungarian Grand Prix,2011-07-31,hungaroring,https://en.wikipedia.org/wiki/2011_Hungarian_Grand_Prix
851,2011,12,Belgian Grand Prix,2011-08-28,spa,https://en.wikipedia.org/wiki/2011_Belgian_Grand_Prix
852,2011,13,Italian Grand Prix,2011-09-11,monza,https://en.wikipedia.org/wiki/2011_Italian_Grand_Prix
853,2011,14,Singapore Grand Prix,2011-09-25,marina_bay,https://en.wikipedia.org/wiki/2011_Singapore_Grand_Prix
854,2011,15,Japanese Grand Prix,2011-10-09,suzuka,https://en.wikipedia.org/wiki/2011_Japanese_Grand_Prix
855,2011,16,Korean Grand Prix,2011-10-16,yeongam,https://en.wikipedia.org/wiki/2011_Korean_Grand_Prix
856,2011,17,Indian Grand Prix,2011-10-30,buddh,https://en.wikipedia.org/wiki/2011_Indian_Grand_Prix
857,2011,18,Abu Dhabi Grand Prix,2011-11-13,yas_marina,https://en.wikipedia.org/wiki/2011_Abu_Dhabi_Grand_Prix
858,2011,19,Brazilian Grand Prix,2011-11-27,interlagos,https://en.wikipedia.org/wiki/2011_Brazilian_Grand_Prix
859,2012,1,Australian Grand Prix,2012-03-18,albert_park,https://en.wikipedia.org/wiki/2012_Australian_Grand_Prix
860,2012,2,Malaysian Grand Prix,2012-03-25,sepang,https://en.wikipedia.org/wiki/2012_Malaysian_Grand_Prix
861,2012,3,Chinese Grand Prix,2012-04-15,shanghai,https://en.wikipedia.org/wiki/2012_Chinese_Grand_Prix
862,2012,4,Bahrain Grand Prix,2012-04-22,bahrain,https://en.wikipedia.org/wiki/2012_Bahrain_Grand_Prix
863,2012,5,Spanish Grand Prix,2012-05-13,catalunya,https://en.wikipedia.org/wiki/2012_Spanish_Grand_Prix
864,2012,6,Monaco Grand Prix,2012-05-27,monaco,https://en.wikipedia.org/wiki/2012_Monaco_Grand_Prix
865,2012,7,Canadian Grand Prix,2012-06-10,villeneuve,https://en.wikipedia.org/wiki/2012_Canadian_Grand_Prix
866,2012,8,European Grand Prix,2012-06-24,valencia,https://en.wikipedia.org/wiki/2012_European_Grand_Prix
867,2012,9,British Grand Prix,2012-07-08,silverstone,https://en.wikipedia.org/wiki/2012_British_Grand_Prix
868,2012,10,German Grand Prix,2012-07-22,hockenheimring,https://en.wikipedia.org/wiki/2012_German_Grand_Prix
869,2012,11,Hungarian Grand Prix,2012-07-29,hungaroring,https://en.wikipedia.org/wiki/2012_Hungarian_Grand_Prix
870,2012,12,Belgian Grand Prix,2012-09-02,spa,https://en.wikipedia.org/wiki/2012_Belgian_Grand_Prix
871,2012,13,Italian Grand Prix,2012-09-09,monza,https://en.wikipedia.org/wiki/2012_Italian_Grand_Prix
872,2012,14,Singapore Grand Prix,2012-09-23,marina_bay,https://en.wikipedia.org/wiki/2012_Singapore_Grand_Prix
873,2012,15,Japanese Grand Prix,2012-10-07,suzuka,https://en.wikipedia.org/wiki/2012_Japanese_Grand_Prix
874,2012,16,Korean Grand Prix,2012-10-14,yeongam,https://en.wikipedia.org/wiki/2012_Korean_Grand_Prix
875,2012,17,Indian Grand Prix,2012-10-28,buddh,https://en.wikipedia.org/wiki/2012_Indian_Grand_Prix
876,2012,18,Abu Dhabi Grand Prix,2012-11-04,yas_marina,https://en.wikipedia.org/wiki/2012_Abu_Dhabi_Grand_Prix
877,2012,19,United States Grand Prix,2012-11-18,americas,https://en.wikipedia.org/wiki/2012_United_States_Grand_Prix
878,2012,20,Brazilian Grand Prix,2012-11-25,interlagos,https://en.wikipedia.org/wiki/2012_Brazilian_Grand_Prix
879,2013,1,Australian Grand Prix,2013-03-17,albert_park,https://en.wikipedia.org/wiki/2013_Australian_Grand_Prix
880,2013,2,Malaysian Grand Prix,2013-03-24,sepang,https://en.wikipedia.org/wiki/2013_Malaysian_Grand_Prix
881,2013,3,Chinese Grand Prix,2013-04-14,shanghai,https://en.wikipedia.org/wiki/2013_Chinese_Grand_Prix
882,2013,4,Bahrain Grand Prix,2013-04-21,bahrain,https://en.wikipedia.org/wiki/2013_Bahrain_Grand_Prix
883,2013,5,Spanish Grand Prix,2013-05-12,catalunya,https://en.wikipedia.org/wiki/2013_Spanish_Grand_Prix
884,2013,6,Monaco Grand Prix,2013-05-26,monaco,https://en.wikipedia.org/wiki/2013_Monaco_Grand_Prix
885,2013,7,Canadian Grand Prix,2013-06-09,villeneuve,https://en.wikipedia.org/wiki/2013_Canadian_Grand_Prix
886,2013,8,British Grand Prix,2013-06-30,silverstone,https://en.wikipedia.org/wiki/2013_British_Grand_Prix
887,2013,9,German Grand Prix,2013-07-07,nurburgring,https://en.wikipedia.org/wiki/2013_German_Grand_Prix
888,2013,10,Hungarian Grand Prix,2013-07-28,hungaroring,https://en.wikipedia.org/wiki/2013_Hungarian_Grand_Prix
889,2013,11,Belgian Grand Prix,2013-08-25,spa,https://en.wikipedia.org/wiki/2013_Belgian_Grand_Prix
890,2013,12,Italian Grand Prix,2013-09-08,monza,https://en.wikipedia.org/wiki/2013_Italian_Grand_Prix
891,2013,13,Singapore Grand Prix,2013-09-22,marina_bay,https://en.wikipedia.org/wiki/2013_Singapore_Grand_Prix
892,2013,14,Korean Grand Prix,2013-10-06,yeongam,https://en.wikipedia.org/wiki/2013_Korean_Grand_Prix
893,2013,15,Japanese Grand Prix,2013-10-13,suzuka,https://en.wikipedia.org/wiki/2013_Japanese_Grand_Prix
894,2013,16,Indian Grand Prix,2013-10-27,buddh,https://en.wikipedia.org/wiki/2013_Indian_Grand_Prix
895,2013,17,Abu Dhabi Grand Prix,2013-11-03,yas_marina,https://en.wikipedia.org/wiki/2013_Abu_Dhabi_Grand_Prix
896,2013,18,United States Grand Prix,2013-11-17,americas,https://en.wikipedia.org/wiki/2013_United_States_Grand_Prix
897,2013,19,Brazilian Grand Prix,2013-11-24,interlagos,https://en.wikipedia.org/wiki/2013_Brazilian_Grand_Prix
898,2014,1,Australian Grand Prix,2014-03-16,albert_park,https://en.wikipedia.org/wiki/2014_Australian_Grand_Prix
899,2014,2,Malaysian Grand Prix,2014-03-30,sepang,https://en.wikipedia.org/wiki/2014_Malaysian_Grand_Prix
900,2014,3,Bahrain Grand Prix,2014-04-06,bahrain,https://en.wikipedia.org/wiki/2014_Bahrain_Grand_Prix
901,2014,4,Chinese Grand Prix,2014-04-20,shanghai,https://en.wikipedia.org/wiki/2014_Chinese_Grand_Prix
902,2014,5,Spanish Grand Prix,2014-05-11,catalunya,https://en.wikipedia.org/wiki/2014_Spanish_Grand_Prix
903,2014,6,Monaco Grand Prix,2014-05-25,monaco,https://en.wikipedia.org/wiki/2014_Monaco_Grand_Prix
904,2014,7,Canadian Grand Prix,2014-06-08,villeneuve,https://en.wikipedia.org/wiki/2014_Canadian_Grand_Prix
905,2014,8,Austrian Grand Prix,2014-06-22,red_bull_ring,https://en.wikipedia.org/wiki/2014_Austrian_Grand_Prix
906,2014,9,British Grand Prix,2014-07-06,silverstone,https://en.wikipedia.org/wiki/2014_British_Grand_Prix
907,2014,10,German Grand Prix,2014-07-20,hockenheimring,https://en.wikipedia.org/wiki/2014_German_Grand_Prix
908,2014,11,Hungarian Grand Prix,2014-07-27,hungaroring,https://en.wikipedia.org/wiki/2014_Hungarian_Grand_Prix
909,2014,12,Belgian Grand Prix,2014-08-24,spa,https://en.wikipedia.org/wiki/2014_Belgian_Grand_Prix
910,2014,13,Italian Grand Prix,2014-09-07,monza,https://en.wikipedia.org/wiki/2014_Italian_Grand_Prix
911,2014,14,Singapore Grand Prix,2014-09-21,marina_bay,https://en.wikipedia.org/wiki/2014_Singapore_Grand_Prix
912,2014,15,Japanese Grand Prix,2014-10-05,suzuka,https://en.wikipedia.org/wiki/2014_Japanese_Grand_Prix
913,2014,16,Russian Grand Prix,2014-10-12,sochi,https://en.wikipedia.org/wiki/2014_Russian_Grand_Prix
914,2014,17,United States Grand Prix,2014-11-02,americas,https://en.wikipedia.org/wiki/2014_United_States_Grand_Prix
915,2014,18,Brazilian Grand Prix,2014-11-09,interlagos,https://en.wikipedia.org/wiki/2014_Brazilian_Grand_Prix
916,2014,19,Abu Dhabi Grand Prix,2014-11-23,yas_marina,https://en.wikipedia.org/wiki/2014_Abu_Dhabi_Grand_Prix
917,2015,1,Australian Grand Prix,2015-03-15,albert_park,https://en.wikipedia.org/wiki/2015_Australian_Grand_Prix
918,2015,2,Malaysian Grand Prix,2015-03-29,sepang,https://en.wikipedia.org/wiki/2015_Malaysian_Grand_Prix
919,2015,3,Chinese Grand Prix,2015-04-12,shanghai,https://en.wikipedia.org/wiki/2015_Chinese_Grand_Prix
920,2015,4,Bahrain Grand Prix,2015-04-19,bahrain,https://en.wikipedia.org/wiki/2015_Bahrain_Grand_Prix
921,2015,5,Spanish Grand Prix,2015-05-10,catalunya,https://en.wikipedia.org/wiki/2015_Spanish_Grand_Prix
922,2015,6,Monaco Grand Prix,2015-05-24,monaco,https://en.wikipedia.org/wiki/2015_Monaco_Grand_Prix
923,2015,7,Canadian Grand Prix,2015-06-07,villeneuve,https://en.wikipedia.org/wiki/2015_Canadian_Grand_Prix
924,2015,8,Austrian Grand Prix,2015-06-21,red_bull_ring,https://en.wikipedia.org/wiki/2015_Austrian_Grand_Prix
925,2015,9,British Grand Prix,2015-07-05,silverstone,https://en.wikipedia.org/wiki/2015_British_Grand_Prix
926,2015,10,Hungarian Grand Prix,2015-07-26,hungaroring,https://en.wikipedia.org/wiki/2015_Hungarian_Grand_Prix
927,2015,11,Belgian Grand Prix,2015-08-23,spa,https://en.wikipedia.org/wiki/2015_Belgian_Grand_Prix
928,2015,12,Italian Grand Prix,2015-09-06,monza,https://en.wikipedia.org/wiki/2015_Italian_Grand_Prix
929,2015,13,Singapore Grand Prix,2015-09-20,marina_bay,https://en.wikipedia.org/wiki/2015_Singapore_Grand_Prix
930,2015,14,Japanese Grand Prix,2015-09-27,suzuka,https://en.wikipedia.org/wiki/2015_Japanese_Grand_Prix
931,2015,15,Russian Grand Prix,2015-10-11,sochi,https://en.wikipedia.org/wiki/2015_Russian_Grand_Prix
932,2015,16,United States Grand Prix,2015-10-25,americas,https://en.wikipedia.org/wiki/2015_United_States_Grand_Prix
933,2015,17,Mexican Grand Prix,2015-11-01,rodriguez,https://en.wikipedia.org/wiki/2015_Mexican_Grand_Prix
934,2015,18,Brazilian Grand Prix,2015-11-15,interlagos,https://en.wikipedia.org/wiki/2015_Brazilian_Grand_Prix
935,2015,19,Abu Dhabi Grand Prix,2015-11-29,yas_marina,https://en.wikipedia.org/wiki/2015_Abu_Dhabi_Grand_Prix
936,2016,1,Australian Grand Prix,2016-03-20,albert_park,https://en.wikipedia.org/wiki/2016_Australian_Grand_Prix
937,2016,2,Bahrain Grand Prix,2016-04-03,bahrain,https://en.wikipedia.org/wiki/2016_Bahrain_Grand_Prix
938,2016,3,Chinese Grand Prix,2016-04-17,shanghai,https://en.wikipedia.org/wiki/2016_Chinese_Grand_Prix
939,2016,4,Russian Grand Prix,2016-05-01,sochi,https://en.wikipedia.org/wiki/2016_Russian_Grand_Prix
940,2016,5,Spanish Grand Prix,2016-05-15,catalunya,https://en.wikipedia.org/wiki/2016_Spanish_Grand_Prix
941,2016,6,Monaco Grand Prix,2016-05-29,monaco,https://en.wikipedia.org/wiki/2016_Monaco_Grand_Prix
942,2016,7,Canadian Grand Prix,2016-06-12,villeneuve,https://en.wikipedia.org/wiki/2016_Canadian_Grand_Prix
943,2016,8,European Grand Prix,2016-06-19,baku,https://en.wikipedia.org/wiki/2016_European_Grand_Prix
944,2016,9,Austrian Grand Prix,2016-07-03,red_bull_ring,https://en.wikipedia.org/wiki/2016_Austrian_Grand_Prix
945,2016,10,British Grand Prix,2016-07-10,silverstone,https://en.wikipedia.org/wiki/2016_British_Grand_Prix
946,2016,11,Hungarian Grand Prix,2016-07-24,hungaroring,https://en.wikipedia.org/wiki/2016_Hungarian_Grand_Prix
947,2016,12,German Grand Prix,2016-07-31,hockenheimring,https://en.wikipedia.org/wiki/2016_German_Grand_Prix
948,2016,13,Belgian Grand Prix,2016-08-28,spa,https://en.wikipedia.org/wiki/2016_Belgian_Grand_Prix
949,2016,14,Italian Grand Prix,2016-09-04,monza,https://en.wikipedia.org/wiki/2016_Italian_Grand_Prix
950,2016,15,Singapore Grand Prix,2016-09-18,marina_bay,https://en.wikipedia.org/wiki/2016_Singapore_Grand_Prix
951,2016,16,Malaysian Grand Prix,2016-10-02,sepang,https://en.wikipedia.org/wiki/2016_Malaysian_Grand_Prix
952,2016,17,Japanese Grand Prix,2016-10-09,suzuka,https://en.wikipedia.org/wiki/2016_Japanese_Grand_Prix
953,2016,18,United States Grand Prix,2016-10-23,americas,https://en.wikipedia.org/wiki/2016_United_States_Grand_Prix
954,2016,19,Mexican Grand Prix,2016-10-30,rodriguez,https://en.wikipedia.org/wiki/2016_Mexican_Grand_Prix
955,2016,20,Brazilian Grand Prix,2016-11-13,interlagos,https://en.wikipedia.org/wiki/2016_Brazilian_Grand_Prix
956,2016,21,Abu Dhabi Grand Prix,2016-11-27,yas_marina,https://en.wikipedia.org/wiki/2016_Abu_Dhabi_Grand_Prix
957,2017,1,Australian Grand Prix,2017-03-26,albert_park,https://en.wikipedia.org/wiki/2017_Australian_Grand_Prix
958,2017,2,Chinese Grand Prix,2017-04-09,shanghai,https://en.wikipedia.org/wiki/2017_Chinese_Grand_Prix
959,2017,3,Bahrain Grand Prix,2017-04-16,bahrain,https://en.wikipedia.org/wiki/2017_Bahrain_Grand_Prix
960,2017,4,Russian Grand Prix,2017-04-30,sochi,https://en.wikipedia.org/wiki/2017_Russian_Grand_Prix
961,2017,5,Spanish Grand Prix,2017-05-14,catalunya,https://en.wikipedia.org/wiki/2017_Spanish_Grand_Prix
962,2017,6,Monaco Grand Prix,2017-05-28,monaco,https://en.wikipedia.org/wiki/2017_Monaco_Grand_Prix
963,2017,7,Canadian Grand Prix,2017-06-11,villeneuve,https://en.wikipedia.org/wiki/2017_Canadian_Grand_Prix
964,2017,8,Azerbaijan Grand Prix,2017-06-25,baku,https://en.wikipedia.org/wiki/2017_Azerbaijan_Grand_Prix
965,2017,9,Austrian Grand Prix,2017-07-09,red_bull_ring,https://en.wikipedia.org/wiki/2017_Austrian_Grand_Prix
966,2017,10,British Grand Prix,2017-07-16,silverstone,https://en.wikipedia.org/wiki/2017_British_Grand_Prix
967,2017,11,Hungarian Grand Prix,2017-07-30,hungaroring,https://en.wikipedia.org/wiki/2017_Hungarian_Grand_Prix
968,2017,12,Belgian Grand Prix,2017-08-27,spa,https://en.wikipedia.org/wiki/2017_Belgian_Grand_Prix
969,2017,13,Italian Grand Prix,2017-09-03,monza,https://en.wikipedia.org/wiki/2017_Italian_Grand_Prix
970,2017,14,Singapore Grand Prix,2017-09-17,marina_bay,https://en.wikipedia.org/wiki/2017_Singapore_Grand_Prix
971,2017,15,Malaysian Grand Prix,2017-10-01,sepang,https://en.wikipedia.org/wiki/2017_Malaysian_Grand_Prix
972,2017,16,Japanese Grand Prix,2017-10-08,suzuka,https://en.wikipedia.org/wiki/2017_Japanese_Grand_Prix
973,2017,17,United States Grand Prix,2017-10-22,americas,https://en.wikipedia.org/wiki/2017_United_States_Grand_Prix
974,2017,18,Mexican Grand Prix,2017-10-29,rodriguez,https://en.wikipedia.org/wiki/2017_Mexican_Grand_Prix
975,2017,19,Brazilian Grand Prix,2017-11-12,interlagos,https://en.wikipedia.org/wiki/2017_Brazilian_Grand_Prix
976,2017,20,Abu Dhabi Grand Prix,2017-11-26,yas_marina,https://en.wikipedia.org/wiki/2017_Abu_Dhabi_Grand_Prix
977,2018,1,Australian Grand Prix,2018-03-25,albert_park,https://en.wikipedia.org/wiki/2018_Australian_Grand_Prix
978,2018,2,Bahrain Grand Prix,2018-04-08,bahrain,https://en.wikipedia.org/wiki/2018_Bahrain_Grand_Prix
979,2018,3,Chinese Grand Prix,2018-04-15,shanghai,https://en.wikipedia.org/wiki/2018_Chinese_Grand_Prix
980,2018,4,Azerbaijan Grand Prix,2018-04-29,baku,https://en.wikipedia.org/wiki/2018_Azerbaijan_Grand_Prix
981,2018,5,Spanish Grand Prix,2018-05-13,catalunya,https://en.wikipedia.org/wiki/2018_Spanish_Grand_Prix
982,2018,6,Monaco Grand Prix,2018-05-27,monaco,https://en.wikipedia.org/wiki/2018_Monaco_Grand_Prix
983,2018,7,Canadian Grand Prix,2018-06-10,villeneuve,https://en.wikipedia.org/wiki/2018_Canadian_Grand_Prix
984,2018,8,French Grand Prix,2018-06-24,ricard,https://en.wikipedia.org/wiki/2018_French_Grand_Prix
985,2018,9,Austrian Grand Prix,2018-07-01,red_bull_ring,https://en.wikipedia.org/wiki/2018_Austrian_Grand_Prix
986,2018,10,British Grand Prix,2018-07-08,silverstone,https://en.wikipedia.org/wiki/2018_British_Grand_Prix
987,2018,11,German Grand Prix,2018-07-22,hockenheimring,https://en.wikipedia.org/wiki/2018_German_Grand_Prix
988,2018,12,Hungarian Grand Prix,2018-07-29,hungaroring,https://en.wikipedia.org/wiki/2018_Hungarian_Grand_Prix
989,2018,13,Belgian Grand Prix,2018-08-26,spa,https://en.wikipedia.org/wiki/2018_Belgian_Grand_Prix
990,2018,14,Italian Grand Prix,2018-09-02,monza,https://en.wikipedia.org/wiki/2018_Italian_Grand_Prix
991,2018,15,Singapore Grand Prix,2018-09-16,marina_bay,https://en.wikipedia.org/wiki/2018_Singapore_Grand_Prix
992,2018,16,Russian Grand Prix,2018-09-30,sochi,https://en.wikipedia.org/wiki/2018_Russian_Grand_Prix
993,2018,17,Japanese Grand Prix,2018-10-07,suzuka,https://en.wikipedia.org/wiki/2018_Japanese_Grand_Prix
994,2018,18,United States Grand Prix,2018-10-21,americas,https://en.wikipedia.org/wiki/2018_United_States_Grand_Prix
995,2018,19,Mexican Grand Prix,2018-10-28,rodriguez,https://en.wikipedia.org/wiki/2018_Mexican_Grand_Prix
996,2018,20,Brazilian Grand Prix,2018-11-11,interlagos,https://en.wikipedia.org/wiki/2018_Brazilian_Grand_Prix
997,2018,21,Abu Dhabi Grand Prix,2018-11-25,yas_marina,https://en.wikipedia.org/wiki/2018_Abu_Dhabi_Grand_Prix
998,2019,1,Australian Grand Prix,2019-03-17,albert_park,https://en.wikipedia.org/wiki/2019_Australian_Grand_Prix
999,2019,2,Bahrain Grand Prix,2019-03-31,bahrain,https://en.wikipedia.org/wiki/2019_Bahrain_Grand_Prix
1000,2019,3,Chinese Grand Prix,2019-04-14,shanghai,https://en.wikipedia.org/wiki/2019_Chinese_Grand_Prix
1001,2019,4,Azerbaijan Grand Prix,2019-04-28,baku,https://en.wikipedia.org/wiki/2019_Azerbaijan_Grand_Prix
1002,2019,5,Spanish Grand Prix,2019-05-12,catalunya,https://en.wikipedia.org/wiki/2019_Spanish_Grand_Prix
1003,2019,6,Monaco Grand Prix,2019-05-26,monaco,https://en.wikipedia.org/wiki/2019_Monaco_Grand_Prix
1004,2019,7,Canadian Grand Prix,2019-06-09,villeneuve,https://en.wikipedia.org/wiki/2019_Canadian_Grand_Prix
1005,2019,8,French Grand Prix,2019-06-23,ricard,https://en.wikipedia.org/wiki/2019_French_Grand_Prix
1006,2019,9,Austrian Grand Prix,2019-06-30,red_bull_ring,https://en.wikipedia.org/wiki/2019_Austrian_Grand_Prix
1007,2019,10,British Grand Prix,2019-07-14,silverstone,https://en.wikipedia.org/wiki/2019_British_Grand_Prix
1008,2019,11,German Grand Prix,2019-07-28,hockenheimring,https://en.wikipedia.org/wiki/2019_German_Grand_Prix
1009,2019,12,Hungarian Grand Prix,2019-08-04,hungaroring,https://en.wikipedia.org/wiki/2019_Hungarian_Grand_Prix
1010,2019,13,Belgian Grand Prix,2019-09-01,spa,https://en.wikipedia.org/wiki/2019_Belgian_Grand_Prix
1011,2019,14,Italian Grand Prix,2019-09-08,monza,https://en.wikipedia.org/wiki/2019_Italian_Grand_Prix
1012,2019,15,Singapore Grand Prix,2019-09-22,marina_bay,https://en.wikipedia.org/wiki/2019_Singapore_Grand_Prix
1013,2019,16,Russian Grand Prix,2019-09-29,sochi,https://en.wikipedia.org/wiki/2019_Russian_Grand_Prix
1014,2019,17,Japanese Grand Prix,2019-10-13,suzuka,https://en.wikipedia.org/wiki/2019_Japanese_Grand_Prix
1015,2019,18,Mexican Grand Prix,2019-10-27,rodriguez,https://en.wikipedia.org/wiki/2019_Mexican_Grand_Prix
1016,2019,19,United States Grand Prix,2019-11-03,americas,https://en.wikipedia.org/wiki/2019_United_States_Grand_Prix
1017,2019,20,Brazilian Grand Prix,2019-11-17,interlagos,https://en.wikipedia.org/wiki/2019_Brazilian_Grand_Prix
1018,2019,21,Abu Dhabi Grand Prix,2019-12-01,yas_marina,https://en.wikipedia.org/wiki/2019_Abu_Dhabi_Grand_Prix
1019,2020,1,Austrian Grand Prix,2020-07-05,red_bull_ring,https://en.wikipedia.org/wiki/2020_Austrian_Grand_Prix
1020,2020,2,Styrian Grand Prix,2020-07-12,red_bull_ring,https://en.wikipedia.org/wiki/2020_Styrian_Grand_Prix
1021,2020,3,Hungarian Grand Prix,2020-07-19,hungaroring,https://en.wikipedia.org/wiki/2020_Hungarian_Grand_Prix
1022,2020,4,British Grand Prix,2020-08-02,silverstone,https://en.wikipedia.org/wiki/2020_British_Grand_Prix
1023,2020,5,70th Anniversary Grand Prix,2020-08-09,silverstone,https://en.wikipedia.org/wiki/70th_Anniversary_Grand_Prix
1024,2020,6,Spanish Grand Prix,2020-08-16,catalunya,https://en.wikipedia.org/wiki/2020_Spanish_Grand_Prix
1025,2020,7,Belgian Grand Prix,2020-08-30,spa,https://en.wikipedia.org/wiki/2020_Belgian_Grand_Prix
1026,2020,8,Italian Grand Prix,2020-09-06,monza,https://en.wikipedia.org/wiki/2020_Italian_Grand_Prix
1027,2020,9,Tuscan Grand Prix,2020-09-13,mugello,https://en.wikipedia.org/wiki/2020_Tuscan_Grand_Prix
1028,2020,10,Russian Grand Prix,2020-09-27,sochi,https://en.wikipedia.org/wiki/2020_Russian_Grand_Prix
1029,2020,11,Eifel Grand Prix,2020-10-11,nurburgring,https://en.wikipedia.org/wiki/2020_Eifel_Grand_Prix
1030,2020,12,Portuguese Grand Prix,2020-10-25,portimao,https://en.wikipedia.org/wiki/2020_Portuguese_Grand_Prix
1031,2020,13,Emilia Romagna Grand Prix,2020-11-01,imola,https://en.wikipedia.org/wiki/2020_Emilia_Romagna_Grand_Prix
1032,2020,14,Turkish Grand Prix,2020-11-15,istanbul,https://en.wikipedia.org/wiki/2020_Turkish_Grand_Prix
1033,2020,15,Bahrain Grand Prix,2020-11-29,bahrain,https://en.wikipedia.org/wiki/2020_Bahrain_Grand_Prix
1034,2020,16,Sakhir Grand Prix,2020-12-06,bahrain,https://en.wikipedia.org/wiki/2020_Sakhir_Grand_Prix
1035,2020,17,Abu Dhabi Grand Prix,2020-12-13,yas_marina,https://en.wikipedia.org/wiki/2020_Abu_Dhabi_Grand_Prix
1036,2021,1,Bahrain Grand Prix,2021-03-28,bahrain,https://en.wikipedia.org/wiki/2021_Bahrain_Grand_Prix
1037,2021,2,Emilia Romagna Grand Prix,2021-04-18,imola,https://en.wikipedia.org/wiki/2021_Emilia_Romagna_Grand_Prix
1038,2021,3,Portuguese Grand Prix,2021-05-02,portimao,https://en.wikipedia.org/wiki/2021_Portuguese_Grand_Prix
1039,2021,4,Spanish Grand Prix,2021-05-09,catalunya,https://en.wikipedia.org/wiki/2021_Spanish_Grand_Prix
1040,2021,5,Monaco Grand Prix,2021-05-23,monaco,https://en.wikipedia.org/wiki/2021_Monaco_Grand_Prix
1041,2021,6,Azerbaijan Grand Prix,2021-06-06,baku,https://en.wikipedia.org/wiki/2021_Azerbaijan_Grand_Prix
1042,2021,7,French Grand Prix,2021-06-20,ricard,https://en.wikipedia.org/wiki/2021_French_Grand_Prix
1043,2021,8,Styrian Grand Prix,2021-06-27,red_bull_ring,https://en.wikipedia.org/wiki/2021_Styrian_Grand_Prix
1044,2021,9,Austrian Grand Prix,2021-07-04,red_bull_ring,https://en.wikipedia.org/wiki/2021_Austrian_Grand_Prix
1045,2021,10,British Grand Prix,2021-07-18,silverstone,https://en.wikipedia.org/wiki/2021_British_Grand_Prix
1046,2021,11,Hungarian Grand Prix,2021-08-01,hungaroring,https://en.wikipedia.org/wiki/2021_Hungarian_Grand_Prix
1047,2021,12,Belgian Grand Prix,2021-08-29,spa,https://en.wikipedia.org/wiki/2021_Belgian_Grand_Prix
1048,2021,13,Dutch Grand Prix,2021-09-05,zandvoort,https://en.wikipedia.org/wiki/2021_Dutch_Grand_Prix
1049,2021,14,Italian Grand Prix,2021-09-12,monza,https://en.wikipedia.org/wiki/2021_Italian_Grand_Prix
1050,2021,15,Russian Grand Prix,2021-09-26,sochi,https://en.wikipedia.org/wiki/2021_Russian_Grand_Prix
1051,2021,16,Turkish Grand Prix,2021-10-10,istanbul,https://en.wikipedia.org/wiki/2021_Turkish_Grand_Prix
1052,2021,17,United States Grand Prix,2021-10-24,americas,https://en.wikipedia.org/wiki/2021_United_States_Grand_Prix
1053,2021,18,Mexico City Grand Prix,2021-11-07,rodriguez,https://en.wikipedia.org/wiki/2021_Mexico_City_Grand_Prix
1054,2021,19,São Paulo Grand Prix,2021-11-14,interlagos,https://en.wikipedia.org/wiki/2021_S%C3%A3o_Paulo_Grand_Prix
1055,2021,20,Qatar Grand Prix,2021-11-21,losail,https://en.wikipedia.org/wiki/2021_Qatar_Grand_Prix
1056,2021,21,Saudi Arabian Grand Prix,2021-12-05,jeddah,https://en.wikipedia.org/wiki/2021_Saudi_Arabian_Grand_Prix
1057,2021,22,Abu Dhabi Grand Prix,2021-12-12,yas_marina,https://en.wikipedia.org/wiki/2021_Abu_Dhabi_Grand_Prix
1058,2022,1,Bahrain Grand Prix,2022-03-20,bahrain,https://en.wikipedia.org/wiki/2022_Bahrain_Grand_Prix
1059,2022,2,Saudi Arabian Grand Prix,2022-03-27,jeddah,https://en.wikipedia.org/wiki/2022_Saudi_Arabian_Grand_Prix
1060,2022,3,Australian Grand Prix,2022-04-10,albert_park,https://en.wikipedia.org/wiki/2022_Australian_Grand_Prix
1061,2022,4,Emilia Romagna Grand Prix,2022-04-24,imola,https://en.wikipedia.org/wiki/2022_Emilia_Romagna_Grand_Prix
1062,2022,5,Miami Grand Prix,2022-05-08,miami,https://en.wikipedia.org/wiki/2022_Miami_Grand_Prix
1063,2022,6,Spanish Grand Prix,2022-05-22,catalunya,https://en.wikipedia.org/wiki/2022_Spanish_Grand_Prix
1064,2022,7,Monaco Grand Prix,2022-05-29,monaco,https://en.wikipedia.org/wiki/2022_Monaco_Grand_Prix
1065,2022,8,Azerbaijan Grand Prix,2022-06-12,baku,https://en.wikipedia.org/wiki/2022_Azerbaijan_Grand_Prix
1066,2022,9,Canadian Grand Prix,2022-06-19,villeneuve,https://en.wikipedia.org/wiki/2022_Canadian_Grand_Prix
1067,2022,10,British Grand Prix,2022-07-03,silverstone,https://en.wikipedia.org/wiki/2022_British_Grand_Prix
1068,2022,11,Austrian Grand Prix,2022-07-10,red_bull_ring,https://en.wikipedia.org/wiki/2022_Austrian_Grand_Prix
1069,2022,12,French Grand Prix,2022-07-24,ricard,https://en.wikipedia.org/wiki/2022_French_Grand_Prix
1070,2022,13,Hungarian Grand Prix,2022-07-31,hungaroring,https://en.wikipedia.org/wiki/2022_Hungarian_Grand_Prix
1071,2022,14,Belgian Grand Prix,2022-08-28,spa,https://en.wikipedia.org/wiki/2022_Belgian_Grand_Prix
1072,2022,15,Dutch Grand Prix,2022-09-04,zandvoort,https://en.wikipedia.org/wiki/2022_Dutch_Grand_Prix
1073,2022,16,Italian Grand Prix,2022-09-11,monza,https://en.wikipedia.org/wiki/2022_Italian_Grand_Prix
1074,2022,17,Singapore Grand Prix,2022-10-02,marina_bay,https://en.wikipedia.org/wiki/2022_Singapore_Grand_Prix
1075,2022,18,Japanese Grand Prix,2022-10-09,suzuka,https://en.wikipedia.org/wiki/2022_Japanese_Grand_Prix
1076,2022,19,United States Grand Prix,2022-10-23,americas,https://en.wikipedia.org/wiki/2022_United_States_Grand_Prix
1077,2022,20,Mexico City Grand Prix,2022-10-30,rodriguez,https://en.wikipedia.org/wiki/2022_Mexico_City_Grand_Prix
1078,2022,21,São Paulo Grand Prix,2022-11-13,interlagos,https://en.wikipedia.org/wiki/2022_São_Paulo_Grand_Prix
1079,2022,22,Abu Dhabi Grand Prix,2022-11-20,yas_marina,https://en.wikipedia.org/wiki/2022_Abu_Dhabi_Grand_Prix
1080,2023,1,Bahrain Grand Prix,2023-03-05,bahrain,https://en.wikipedia.org/wiki/2023_Bahrain_Grand_Prix
1081,2023,2,Saudi Arabian Grand Prix,2023-03-19,jeddah,https://en.wikipedia.org/wiki/2023_Saudi_Arabian_Grand_Prix
1082,2023,3,Australian Grand Prix,2023-04-02,albert_park,https://en.wikipedia.org/wiki/2023_Australian_Grand_Prix
1083,2023,4,Azerbaijan Grand Prix,2023-04-30,baku,https://en.wikipedia.org/wiki/2023_Azerbaijan_Grand_Prix
1084,2023,5,Miami Grand Prix,2023-05-07,miami,https://en.wikipedia.org/wiki/2023_Miami_Grand_Prix
1085,2023,6,Monaco Grand Prix,2023-05-28,monaco,https://en.wikipedia.org/wiki/2023_Monaco_Grand_Prix
1086,2023,7,Spanish Grand Prix,2023-06-04,catalunya,https://en.wikipedia.org/wiki/2023_Spanish_Grand_Prix
1087,2023,8,Canadian Grand Prix,2023-06-18,villeneuve,https://en.wikipedia.org/wiki/2023_Canadian_Grand_Prix
1088,2023,9,Austrian Grand Prix,2023-07-02,red_bull_ring,https://en.wikipedia.org/wiki/2023_Austrian_Grand_Prix
1089,2023,10,British Grand Prix,2023-07-09,silverstone,https://en.wikipedia.org/wiki/2023_British_Grand_Prix
1090,2023,11,Hungarian Grand Prix,2023-07-23,hungaroring,https://en.wikipedia.org/wiki/2023_Hungarian_Grand_Prix
1091,2023,12,Belgian Grand Prix,2023-07-30,spa,https://en.wikipedia.org/wiki/2023_Belgian_Grand_Prix
1092,2023,13,Dutch Grand Prix,2023-08-27,zandvoort,https://en.wikipedia.org/wiki/2023_Dutch_Grand_Prix
1093,2023,14,Italian Grand Prix,2023-09-03,monza,https://en.wikipedia.org/wiki/2023_Italian_Grand_Prix
1094,2023,15,Singapore Grand Prix,2023-09-17,marina_bay,https://en.wikipedia.org/wiki/2023_Singapore_Grand_Prix
1095,2023,16,Japanese Grand Prix,2023-09-24,suzuka,https://en.wikipedia.org/wiki/2023_Japanese_Grand_Prix
1096,2023,17,Qatar Grand Prix,2023-10-08,losail,https://en.wikipedia.org/wiki/2023_Qatar_Grand_Prix
1097,2023,18,United States Grand Prix,2023-10-22,americas,https://en.wikipedia.org/wiki/2023_United_States_Grand_Prix
1098,2023,19,Mexico City Grand Prix,2023-10-29,rodriguez,https://en.wikipedia.org/wiki/2023_Mexico_City_Grand_Prix
1099,2023,20,São Paulo Grand Prix,2023-11-05,interlagos,https://en.wikipedia.org/wiki/2023_S%C3%A3o_Paulo_Grand_Prix
1100,2023,21,Las Vegas Grand Prix,2023-11-19,vegas,https://en.wikipedia.org/wiki/2023_Las_Vegas_Grand_Prix
1101,2023,22,Abu Dhabi Grand Prix,2023-11-26,yas_marina,https://en.wikipedia.org/wiki/2023_Abu_Dhabi_Grand_Prix
1102,2024,1,Bahrain Grand Prix,2024-03-02,bahrain,https://en.wikipedia.org/wiki/2024_Bahrain_Grand_Prix
1103,2024,2,Saudi Arabian Grand Prix,2024-03-09,jeddah,https://en.wikipedia.org/wiki/2024_Saudi_Arabian_Grand_Prix
1104,2024,3,Australian Grand Prix,2024-03-24,albert_park,https://en.wikipedia.org/wiki/2024_Australian_Grand_Prix
1105,2024,4,Japanese Grand Prix,2024-04-07,suzuka,https://en.wikipedia.org/wiki/2024_Japanese_Grand_Prix
1106,2024,5,Chinese Grand Prix,2024-04-21,shanghai,https://en.wikipedia.org/wiki/2024_Chinese_Grand_Prix
1107,2024,6,Miami Grand Prix,2024-05-05,miami,https://en.wikipedia.org/wiki/2024_Miami_Grand_Prix
1108,2024,7,Emilia Romagna Grand Prix,2024-05-19,imola,https://en.wikipedia.org/wiki/2024_Emilia_Romagna_Grand_Prix
1109,2024,8,Monaco Grand Prix,2024-05-26,monaco,https://en.wikipedia.org/wiki/2024_Monaco_Grand_Prix
1110,2024,9,Canadian Grand Prix,2024-06-09,villeneuve,https://en.wikipedia.org/wiki/2024_Canadian_Grand_Prix
1111,2024,10,Spanish Grand Prix,2024-06-23,catalunya,https://en.wikipedia.org/wiki/2024_Spanish_Grand_Prix
1112,2024,11,Austrian Grand Prix,2024-06-30,red_bull_ring,https://en.wikipedia.org/wiki/2024_Austrian_Grand_Prix
1113,2024,12,British Grand Prix,2024-07-07,silverstone,https://en.wikipedia.org/wiki/2024_British_Grand_Prix
1114,2024,13,Hungarian Grand Prix,2024-07-21,hungaroring,https://en.wikipedia.org/wiki/2024_Hungarian_Grand_Prix
1115,2024,14,Belgian Grand Prix,2024-07-28,spa,https://en.wikipedia.org/wiki/2024_Belgian_Grand_Prix
1116,2024,15,Dutch Grand Prix,2024-08-25,zandvoort,https://en.wikipedia.org/wiki/2024_Dutch_Grand_Prix
1117,2024,16,Italian Grand Prix,2024-09-01,monza,https://en.wikipedia.org/wiki/2024_Italian_Grand_Prix
1118,2024,17,Azerbaijan Grand Prix,2024-09-15,baku,https://en.wikipedia.org/wiki/2024_Azerbaijan_Grand_Prix
1119,2024,18,Singapore Grand Prix,2024-09-22,marina_bay,https://en.wikipedia.org/wiki/2024_Singapore_Grand_Prix
1120,2024,19,United States Grand Prix,2024-10-20,americas,https://en.wikipedia.org/wiki/2024_United_States_Grand_Prix
1121,2024,20,Mexico City Grand Prix,2024-10-27,rodriguez,https://en.wikipedia.org/wiki/2024_Mexico_City_Grand_Prix
1122,2024,21,São Paulo Grand Prix,2024-11-03,interlagos,https://en.wikipedia.org/wiki/2024_S%C3%A3o_Paulo_Grand_Prix
1123,2024,22,Las Vegas Grand Prix,2024-11-23,vegas,https://en.wikipedia.org/wiki/2024_Las_Vegas_Grand_Prix
1124,2024,23,Qatar Grand Prix,2024-12-01,losail,https://en.wikipedia.org/wiki/2024_Qatar_Grand_Prix
1125,2024,24,Abu Dhabi Grand Prix,2024-12-08,yas_marina,https://en.wikipedia.org/wiki/2024_Abu_Dhabi_Grand_Prix
1126,2025,1,Australian Grand Prix,2025-03-16,albert_park,https://en.wikipedia.org/wiki/2025_Australian_Grand_Prix
1127,2025,2,Chinese Grand Prix,2025-03-23,shanghai,https://en.wikipedia.org/wiki/2025_Chinese_Grand_Prix
1128,2025,3,Japanese Grand Prix,2025-04-06,suzuka,https://en.wikipedia.org/wiki/2025_Japanese_Grand_Prix
1129,2025,4,Bahrain Grand Prix,2025-04-13,bahrain,https://en.wikipedia.org/wiki/2025_Bahrain_Grand_Prix
1130,2025,5,Saudi Arabian Grand Prix,2025-04-20,jeddah,https://en.wikipedia.org/wiki/2025_Saudi_Arabian_Grand_Prix
1131,2025,6,Miami Grand Prix,2025-05-04,miami,https://en.wikipedia.org/wiki/2025_Miami_Grand_Prix
1132,2025,7,Emilia Romagna Grand Prix,2025-05-18,imola,https://en.wikipedia.org/wiki/2025_Emilia_Romagna_Grand_Prix
1133,2025,8,Monaco Grand Prix,2025-05-25,monaco,https://en.wikipedia.org/wiki/2025_Monaco_Grand_Prix
1134,2025,9,Spanish Grand Prix,2025-06-01,catalunya,https://en.wikipedia.org/wiki/2025_Spanish_Grand_Prix
1135,2025,10,Canadian Grand Prix,2025-06-15,villeneuve,https://en.wikipedia.org/wiki/2025_Canadian_Grand_Prix
1136,2025,11,Austrian Grand Prix,2025-06-29,red_bull_ring,https://en.wikipedia.org/wiki/2025_Austrian_Grand_Prix
1137,2025,12,British Grand Prix,2025-07-06,silverstone,https://en.wikipedia.org/wiki/2025_British_Grand_Prix
1138,2025,13,Belgian Grand Prix,2025-07-27,spa,https://en.wikipedia.org/wiki/2025_Belgian_Grand_Prix
1139,2025,14,Hungarian Grand Prix,2025-08-03,hungaroring,https://en.wikipedia.org/wiki/2025_Hungarian_Grand_Prix
1140,2025,15,Dutch Grand Prix,2025-08-31,zandvoort,https://en.wikipedia.org/wiki/2025_Dutch_Grand_Prix
1141,2025,16,Italian Grand Prix,2025-09-07,monza,https://en.wikipedia.org/wiki/2025_Italian_Grand_Prix
1142,2025,17,Azerbaijan Grand Prix,2025-09-21,baku,https://en.wikipedia.org/wiki/2025_Azerbaijan_Grand_Prix
1143,2025,18,Singapore Grand Prix,2025-10-05,marina_bay,https://en.wikipedia.org/wiki/2025_Singapore_Grand_Prix
1144,2025,19,United States Grand Prix,2025-10-19,americas,https://en.wikipedia.org/wiki/2025_United_States_Grand_Prix
1145,2025,20,Mexico City Grand Prix,2025-10-26,rodriguez,https://en.wikipedia.org/wiki/2025_Mexico_City_Grand_Prix
1146,2025,21,São Paulo Grand Prix,2025-11-09,interlagos,https://en.wikipedia.org/wiki/2025_S%C3%A3o_Paulo_Grand_Prix
1147,2025,22,Las Vegas Grand Prix,2025-11-23,vegas,https://en.wikipedia.org/wiki/2025_Las_Vegas_Grand_Prix
1148,2025,23,Qatar Grand Prix,2025-11-30,losail,https://en.wikipedia.org/wiki/2025_Qatar_Grand_Prix
1149,2025,24,Abu Dhabi Grand Prix,2025-12-07,yas_marina,https://en.wikipedia.org/wiki/2025_Abu_Dhabi_Grand_Prix
1150,2026,1,Australian Grand Prix,2026-03-08,albert_park,https://en.wikipedia.org/wiki/2026_Australian_Grand_Prix
1151,2026,2,Chinese Grand Prix,2026-03-15,shanghai,https://en.wikipedia.org/wiki/2026_Chinese_Grand_Prix
1152,2026,3,Japanese Grand Prix,2026-03-29,suzuka,https://en.wikipedia.org/wiki/2026_Japanese_Grand_Prix
1153,2026,4,Miami Grand Prix,2026-05-03,miami,https://en.wikipedia.org/wiki/2026_Miami_Grand_Prix
1154,2026,5,Canadian Grand Prix,2026-05-24,villeneuve,https://en.wikipedia.org/wiki/2026_Canadian_Grand_Prix
1155,2026,6,Monaco Grand Prix,2026-06-07,monaco,https://en.wikipedia.org/wiki/2026_Monaco_Grand_Prix
1156,2026,7,Barcelona Grand Prix,2026-06-14,catalunya,https://en.wikipedia.org/wiki/2026_Barcelona-Catalunya
1157,2026,8,Austrian Grand Prix,2026-06-28,red_bull_ring,https://en.wikipedia.org/wiki/2026_Austrian_Grand_Prix
1158,2026,9,British Grand Prix,2026-07-05,silverstone,https://en.wikipedia.org/wiki/2026_British_Grand_Prix
1159,2026,10,Belgian Grand Prix,2026-07-19,spa,https://en.wikipedia.org/wiki/2026_Belgian_Grand_Prix
1160,2026,11,Hungarian Grand Prix,2026-07-26,hungaroring,https://en.wikipedia.org/wiki/2026_Hungarian_Grand_Prix
1161,2026,12,Dutch Grand Prix,2026-08-23,zandvoort,https://en.wikipedia.org/wiki/2026_Dutch_Grand_Prix
1162,2026,13,Italian Grand Prix,2026-09-06,monza,https://en.wikipedia.org/wiki/2026_Italian_Grand_Prix
1163,2026,14,Spanish Grand Prix,2026-09-13,madring,https://en.wikipedia.org/wiki/2026_Spanish_Grand_Prix
1164,2026,15,Azerbaijan Grand Prix,2026-09-26,baku,https://en.wikipedia.org/wiki/2026_Azerbaijan_Grand_Prix
1165,2026,16,Bahrain Grand Prix in Malaysia,2026-10-04,sepang,https://en.wikipedia.org/wiki/2026_Bahrain_Grand_Prix
1166,2026,17,Singapore Grand Prix,2026-10-11,marina_bay,https://en.wikipedia.org/wiki/2026_Singapore_Grand_Prix
1167,2026,18,United States Grand Prix,2026-10-25,americas,https://en.wikipedia.org/wiki/2026_United_States_Grand_Prix
1168,2026,19,Mexico City Grand Prix,2026-11-01,rodriguez,https://en.wikipedia.org/wiki/2026_Mexico_City_Grand_Prix
1169,2026,20,Brazilian Grand Prix,2026-11-08,interlagos,https://en.wikipedia.org/wiki/2026_Brazilian_Grand_Prix
1170,2026,21,Las Vegas Grand Prix,2026-11-22,vegas,https://en.wikipedia.org/wiki/2026_Las_Vegas_Grand_Prix
1171,2026,22,Qatar Grand Prix,2026-11-29,losail,https://en.wikipedia.org/wiki/2026_Qatar_Grand_Prix
1172,2026,23,Abu Dhabi Grand Prix,2026-12-06,yas_marina,https://en.wikipedia.org/wiki/2026_Abu_Dhabi_Grand_Prix
